ISO-10303-21;
HEADER;
/* Generated by software containing ST-Developer
 * from STEP Tools, Inc. (www.steptools.com) 
 */
/* OPTION: using custom renumber hook */

FILE_DESCRIPTION(
/* description */ ('STEP AP242 Edition 2',
'CAx-IF Rec.Pracs.---Representation and Presentation of Product Manufa
cturing Information (PMI)---4.0---2014-10-13',
'CAx-IF Rec.Pracs.---3D Tessellated Geometry---0.4---2014-09-14','2;1',
'CAx-IF Rec.Pracs.---User Defined Attributes---1.5---2016-08-15'),
/* implementation_level */ '2;1');

FILE_NAME(
/* name */ 'micro22',
/* time_stamp */ '2026-09-11T18:38:33Z',
/* author */ (''),
/* organization */ (''),
/* preprocessor_version */ 'ST-DEVELOPER v20',
/* originating_system */ 'ONSHAPE BY PTC INC, 1.220',
/* authorisation */ '  ');

FILE_SCHEMA (('AP242_MANAGED_MODEL_BASED_3D_ENGINEERING_MIM_LF { 1 0 10303 442 3 1 4 }'));
ENDSEC;

DATA;
#10=LINE('',#2975,#66);
#11=LINE('',#2980,#67);
#12=LINE('',#2984,#68);
#13=LINE('',#2989,#69);
#14=LINE('',#2996,#70);
#15=LINE('',#3004,#71);
#16=LINE('',#3008,#72);
#17=LINE('',#3013,#73);
#18=LINE('',#3020,#74);
#19=LINE('',#3028,#75);
#20=LINE('',#3032,#76);
#21=LINE('',#3037,#77);
#22=LINE('',#3041,#78);
#23=LINE('',#3046,#79);
#24=LINE('',#3050,#80);
#25=LINE('',#3055,#81);
#26=LINE('',#3059,#82);
#27=LINE('',#3064,#83);
#28=LINE('',#3068,#84);
#29=LINE('',#3073,#85);
#30=LINE('',#3080,#86);
#31=LINE('',#3084,#87);
#32=LINE('',#3089,#88);
#33=LINE('',#3093,#89);
#34=LINE('',#3098,#90);
#35=LINE('',#3102,#91);
#36=LINE('',#3754,#92);
#37=LINE('',#3755,#93);
#38=LINE('',#3763,#94);
#39=LINE('',#3765,#95);
#40=LINE('',#3768,#96);
#41=LINE('',#3770,#97);
#42=LINE('',#3773,#98);
#43=LINE('',#3775,#99);
#44=LINE('',#3778,#100);
#45=LINE('',#3780,#101);
#46=LINE('',#3783,#102);
#47=LINE('',#3785,#103);
#48=LINE('',#3788,#104);
#49=LINE('',#3790,#105);
#50=LINE('',#3793,#106);
#51=LINE('',#3795,#107);
#52=LINE('',#3798,#108);
#53=LINE('',#3800,#109);
#54=LINE('',#3803,#110);
#55=LINE('',#3804,#111);
#56=LINE('',#3805,#112);
#57=LINE('',#3810,#113);
#58=LINE('',#3812,#114);
#59=LINE('',#3815,#115);
#60=LINE('',#3817,#116);
#61=LINE('',#3819,#117);
#62=LINE('',#3822,#118);
#63=LINE('',#3824,#119);
#64=LINE('',#3827,#120);
#65=LINE('',#3829,#121);
#66=VECTOR('',#2422,1.);
#67=VECTOR('',#2425,1.);
#68=VECTOR('',#2430,1.);
#69=VECTOR('',#2433,1.);
#70=VECTOR('',#2436,1.);
#71=VECTOR('',#2437,1.);
#72=VECTOR('',#2442,1.);
#73=VECTOR('',#2445,1.);
#74=VECTOR('',#2448,1.);
#75=VECTOR('',#2449,1.);
#76=VECTOR('',#2454,1.);
#77=VECTOR('',#2457,1.);
#78=VECTOR('',#2462,1.);
#79=VECTOR('',#2465,1.);
#80=VECTOR('',#2470,1.);
#81=VECTOR('',#2473,1.);
#82=VECTOR('',#2478,1.);
#83=VECTOR('',#2481,1.);
#84=VECTOR('',#2486,1.);
#85=VECTOR('',#2489,1.);
#86=VECTOR('',#2496,1.);
#87=VECTOR('',#2499,1.);
#88=VECTOR('',#2504,1.);
#89=VECTOR('',#2507,1.);
#90=VECTOR('',#2512,1.);
#91=VECTOR('',#2515,1.);
#92=VECTOR('',#2628,1.);
#93=VECTOR('',#2629,1.);
#94=VECTOR('',#2642,1.);
#95=VECTOR('',#2645,1.);
#96=VECTOR('',#2650,1.);
#97=VECTOR('',#2653,1.);
#98=VECTOR('',#2658,1.);
#99=VECTOR('',#2661,1.);
#100=VECTOR('',#2666,1.);
#101=VECTOR('',#2669,1.);
#102=VECTOR('',#2674,1.);
#103=VECTOR('',#2677,1.);
#104=VECTOR('',#2682,1.);
#105=VECTOR('',#2685,1.);
#106=VECTOR('',#2690,1.);
#107=VECTOR('',#2693,1.);
#108=VECTOR('',#2698,1.);
#109=VECTOR('',#2701,1.);
#110=VECTOR('',#2706,1.);
#111=VECTOR('',#2707,1.);
#112=VECTOR('',#2708,1.);
#113=VECTOR('',#2717,1.);
#114=VECTOR('',#2720,1.);
#115=VECTOR('',#2725,1.);
#116=VECTOR('',#2728,1.);
#117=VECTOR('',#2731,1.);
#118=VECTOR('',#2736,1.);
#119=VECTOR('',#2739,1.);
#120=VECTOR('',#2744,1.);
#121=VECTOR('',#2747,1.);
#122=SHAPE_REPRESENTATION_RELATIONSHIP('','',#2056,#126);
#123=SHAPE_REPRESENTATION_RELATIONSHIP('','',#2057,#127);
#124=SHAPE_REPRESENTATION_RELATIONSHIP('','',#2058,#128);
#125=SHAPE_REPRESENTATION_RELATIONSHIP('','',#2059,#129);
#126=ADVANCED_BREP_SHAPE_REPRESENTATION('',(#2048),#3917);
#127=ADVANCED_BREP_SHAPE_REPRESENTATION('',(#2049),#3918);
#128=ADVANCED_BREP_SHAPE_REPRESENTATION('',(#2050),#3919);
#129=ADVANCED_BREP_SHAPE_REPRESENTATION('',(#2051),#3920);
#130=CONICAL_SURFACE('',#2102,0.01115,0.785398163397449);
#131=CONICAL_SURFACE('',#2103,0.01015,0.785398163397449);
#132=CONICAL_SURFACE('',#2120,0.01115,0.785398163397449);
#133=CONICAL_SURFACE('',#2121,0.01015,0.785398163397448);
#134=CONICAL_SURFACE('',#2160,0.01015,0.785398163397449);
#135=CONICAL_SURFACE('',#2162,0.01015,0.785398163397449);
#136=CONICAL_SURFACE('',#2164,0.01015,0.785398163397449);
#137=CONICAL_SURFACE('',#2166,0.01015,0.785398163397449);
#138=CONICAL_SURFACE('',#2168,0.01015,0.785398163397449);
#139=CONICAL_SURFACE('',#2170,0.01015,0.785398163397449);
#140=CONICAL_SURFACE('',#2172,0.01015,0.785398163397449);
#141=CONICAL_SURFACE('',#2174,0.01015,0.785398163397449);
#142=CONICAL_SURFACE('',#2176,0.01015,0.785398163397449);
#143=CONICAL_SURFACE('',#2178,0.01015,0.785398163397449);
#144=CONICAL_SURFACE('',#2180,0.01015,0.785398163397449);
#145=CONICAL_SURFACE('',#2182,0.01015,0.785398163397449);
#146=CONICAL_SURFACE('',#2185,0.01115,0.785398163397448);
#147=CONICAL_SURFACE('',#2187,0.01115,0.785398163397448);
#148=CONICAL_SURFACE('',#2189,0.01115,0.785398163397448);
#149=CONICAL_SURFACE('',#2191,0.01115,0.785398163397448);
#150=CONICAL_SURFACE('',#2193,0.01115,0.785398163397448);
#151=CONICAL_SURFACE('',#2195,0.01115,0.785398163397448);
#152=CONICAL_SURFACE('',#2197,0.01115,0.785398163397448);
#153=CONICAL_SURFACE('',#2199,0.01115,0.785398163397448);
#154=CONICAL_SURFACE('',#2201,0.01115,0.785398163397448);
#155=CONICAL_SURFACE('',#2203,0.01115,0.785398163397448);
#156=CONICAL_SURFACE('',#2205,0.01115,0.785398163397448);
#157=CONICAL_SURFACE('',#2207,0.01115,0.785398163397448);
#158=CONICAL_SURFACE('',#2280,0.01015,0.785398163397449);
#159=CONICAL_SURFACE('',#2281,0.01115,0.785398163397448);
#160=B_SPLINE_CURVE_WITH_KNOTS('',3,(#2872,#2873,#2874,#2875,#2876,#2877,
#2878),.UNSPECIFIED.,.F.,.F.,(4,1,1,1,4),(0.,0.000840734219352452,0.0016814684387049,
0.00252220265805736,0.00336293687740981),.UNSPECIFIED.);
#161=B_SPLINE_CURVE_WITH_KNOTS('',3,(#2883,#2884,#2885,#2886,#2887,#2888,
#2889),.UNSPECIFIED.,.F.,.F.,(4,1,1,1,4),(0.,0.000840734219352426,0.00168146843870485,
0.00252220265805728,0.0033629368774097),.UNSPECIFIED.);
#162=B_SPLINE_CURVE_WITH_KNOTS('',3,(#2894,#2895,#2896,#2897,#2898,#2899,
#2900),.UNSPECIFIED.,.F.,.F.,(4,1,1,1,4),(0.,0.000840734219352435,0.00168146843870487,
0.0025222026580573,0.00336293687740974),.UNSPECIFIED.);
#163=B_SPLINE_CURVE_WITH_KNOTS('',3,(#2905,#2906,#2907,#2908,#2909,#2910,
#2911),.UNSPECIFIED.,.F.,.F.,(4,1,1,1,4),(0.,0.000840734219352431,0.00168146843870486,
0.00252220265805729,0.00336293687740972),.UNSPECIFIED.);
#164=B_SPLINE_CURVE_WITH_KNOTS('',3,(#2917,#2918,#2919,#2920,#2921,#2922,
#2923,#2924,#2925,#2926,#2927),.UNSPECIFIED.,.T.,.F.,(1,1,1,1,1,1,1,1,1,
1,1,1,1,1,1),(-0.00472140290370247,-0.00314760193580165,-0.00157380096790082,
0.,0.00157380096790082,0.00314760193580165,0.00472140290370247,0.00629520387160329,
0.00786900483950411,0.00944280580740494,0.0110166067753058,0.0125904077432066,
0.0141642087111074,0.0157380096790082,0.0173118106469091),.UNSPECIFIED.);
#165=B_SPLINE_CURVE_WITH_KNOTS('',3,(#2938,#2939,#2940,#2941,#2942,#2943,
#2944,#2945,#2946,#2947,#2948,#2949,#2950,#2951,#2952,#2953,#2954,#2955,
#2956),.UNSPECIFIED.,.T.,.F.,(1,1,1,1,1,1,1,1,1,1,1,1,1,1,1,1,1,1,1,1,1,
1,1),(-0.00593909004194869,-0.00395939336129912,-0.00197969668064956,3.49593612596871E-21,
0.00197969668064956,0.00395939336129913,0.00593909004194869,0.00791878672259825,
0.00989848340324781,0.0118781800838974,0.0138578767645469,0.0158375734451965,
0.0178172701258461,0.0197969668064956,0.0217766634871452,0.0237563601677948,
0.0257360568484443,0.0277157535290939,0.0296954502097434,0.031675146890393,
0.0336548435710426,0.0356345402516921,0.0376142369323417),.UNSPECIFIED.);
#166=B_SPLINE_CURVE_WITH_KNOTS('',3,(#2991,#2992,#2993,#2994),
 .UNSPECIFIED.,.F.,.F.,(4,4),(0.00256996845461493,0.00364524665333328),
 .UNSPECIFIED.);
#167=B_SPLINE_CURVE_WITH_KNOTS('',3,(#2999,#3000,#3001,#3002),
 .UNSPECIFIED.,.F.,.F.,(4,4),(0.0121959315569885,0.013272307917688),
 .UNSPECIFIED.);
#168=B_SPLINE_CURVE_WITH_KNOTS('',3,(#3015,#3016,#3017,#3018),
 .UNSPECIFIED.,.F.,.F.,(4,4),(0.028030494825157,0.0291110599082662),
 .UNSPECIFIED.);
#169=B_SPLINE_CURVE_WITH_KNOTS('',3,(#3023,#3024,#3025,#3026),
 .UNSPECIFIED.,.F.,.F.,(4,4),(0.018411236860426,0.0194891462267914),
 .UNSPECIFIED.);
#170=B_SPLINE_CURVE_WITH_KNOTS('',3,(#3106,#3107,#3108,#3109,#3110),
 .UNSPECIFIED.,.F.,.F.,(4,1,4),(5.20417042793042E-18,0.00132377550581087,
0.00264755101162173),.UNSPECIFIED.);
#171=B_SPLINE_CURVE_WITH_KNOTS('',3,(#3112,#3113,#3114,#3115),
 .UNSPECIFIED.,.F.,.F.,(4,4),(5.42101086242752E-19,0.00201152862734997),
 .UNSPECIFIED.);
#172=B_SPLINE_CURVE_WITH_KNOTS('',3,(#3117,#3118,#3119,#3120,#3121),
 .UNSPECIFIED.,.F.,.F.,(4,1,4),(8.67361737988404E-19,0.000733361649350588,
0.00146672329870117),.UNSPECIFIED.);
#173=B_SPLINE_CURVE_WITH_KNOTS('',3,(#3123,#3124,#3125,#3126),
 .UNSPECIFIED.,.F.,.F.,(4,4),(8.69054152744994E-19,0.00201127130226295),
 .UNSPECIFIED.);
#174=B_SPLINE_CURVE_WITH_KNOTS('',3,(#3127,#3128,#3129,#3130,#3131),
 .UNSPECIFIED.,.F.,.F.,(4,1,4),(1.04128573849759E-17,0.00132447609693839,
0.00264895219387677),.UNSPECIFIED.);
#175=B_SPLINE_CURVE_WITH_KNOTS('',3,(#3133,#3134,#3135,#3136,#3137,#3138,
#3139,#3140,#3141),.UNSPECIFIED.,.F.,.F.,(4,1,1,1,1,1,4),(0.,0.000516791749677013,
0.00103358349935403,0.00206716699870805,0.00310075049806208,0.00361754224773909,
0.0041343339974161),.UNSPECIFIED.);
#176=B_SPLINE_CURVE_WITH_KNOTS('',3,(#3143,#3144,#3145,#3146,#3147),
 .UNSPECIFIED.,.F.,.F.,(4,1,4),(4.47028007668187E-19,0.00132377550581087,
0.00264755101162173),.UNSPECIFIED.);
#177=B_SPLINE_CURVE_WITH_KNOTS('',3,(#3148,#3149,#3150,#3151),
 .UNSPECIFIED.,.F.,.F.,(4,4),(4.55364912443912E-18,0.00201152862734994),
 .UNSPECIFIED.);
#178=B_SPLINE_CURVE_WITH_KNOTS('',3,(#3153,#3154,#3155,#3156,#3157),
 .UNSPECIFIED.,.F.,.F.,(4,1,4),(6.50521303491303E-19,0.000733361649350607,
0.00146672329870121),.UNSPECIFIED.);
#179=B_SPLINE_CURVE_WITH_KNOTS('',3,(#3159,#3160,#3161,#3162),
 .UNSPECIFIED.,.F.,.F.,(4,4),(0.,0.002011271302263),.UNSPECIFIED.);
#180=B_SPLINE_CURVE_WITH_KNOTS('',3,(#3163,#3164,#3165,#3166,#3167),
 .UNSPECIFIED.,.F.,.F.,(4,1,4),(3.08104238521648E-17,0.0013244760969384,
0.00264895219387677),.UNSPECIFIED.);
#181=B_SPLINE_CURVE_WITH_KNOTS('',3,(#3169,#3170,#3171,#3172,#3173,#3174,
#3175,#3176,#3177),.UNSPECIFIED.,.F.,.F.,(4,1,1,1,1,1,4),(0.,0.000516791749677005,
0.00103358349935401,0.00206716699870802,0.00310075049806203,0.00361754224773904,
0.00413433399741604),.UNSPECIFIED.);
#182=B_SPLINE_CURVE_WITH_KNOTS('',3,(#3179,#3180,#3181,#3182),
 .UNSPECIFIED.,.F.,.F.,(4,4),(2.49202326506226E-7,0.000797752374454379),
 .UNSPECIFIED.);
#183=B_SPLINE_CURVE_WITH_KNOTS('',3,(#3185,#3186,#3187,#3188,#3189),
 .UNSPECIFIED.,.F.,.F.,(4,1,4),(2.48821966854259E-7,0.0010336928834628,
0.00206713694495874),.UNSPECIFIED.);
#184=B_SPLINE_CURVE_WITH_KNOTS('',3,(#3190,#3191,#3192,#3193,#3194),
 .UNSPECIFIED.,.F.,.F.,(4,1,4),(2.67823131767726E-7,0.00103294024684836,
0.00206561267056496),.UNSPECIFIED.);
#185=B_SPLINE_CURVE_WITH_KNOTS('',3,(#3196,#3197,#3198,#3199),
 .UNSPECIFIED.,.F.,.F.,(4,4),(0.000797759129943978,0.0015928896084572),
 .UNSPECIFIED.);
#186=B_SPLINE_CURVE_WITH_KNOTS('',3,(#3203,#3204,#3205,#3206),
 .UNSPECIFIED.,.F.,.F.,(4,4),(2.55929613285859E-7,0.000797759129943978),
 .UNSPECIFIED.);
#187=B_SPLINE_CURVE_WITH_KNOTS('',3,(#3208,#3209,#3210,#3211,#3212),
 .UNSPECIFIED.,.F.,.F.,(4,1,4),(2.55545931060472E-7,0.001033699540372,0.00206714353481295),
 .UNSPECIFIED.);
#188=B_SPLINE_CURVE_WITH_KNOTS('',3,(#3213,#3214,#3215,#3216,#3217),
 .UNSPECIFIED.,.F.,.F.,(4,1,4),(2.01727260392557E-7,0.00103287397243931,
0.00206554621761822),.UNSPECIFIED.);
#189=B_SPLINE_CURVE_WITH_KNOTS('',3,(#3219,#3220,#3221,#3222),
 .UNSPECIFIED.,.F.,.F.,(4,4),(0.000797832136783171,0.00159296240924202),
 .UNSPECIFIED.);
#190=B_SPLINE_CURVE_WITH_KNOTS('',3,(#3226,#3227,#3228,#3229),
 .UNSPECIFIED.,.F.,.F.,(4,4),(3.28632123158734E-7,0.000797832136783171),
 .UNSPECIFIED.);
#191=B_SPLINE_CURVE_WITH_KNOTS('',3,(#3231,#3232,#3233,#3234,#3235),
 .UNSPECIFIED.,.F.,.F.,(4,1,4),(3.28111208671957E-7,0.00103377197831676,
0.00206721584542485),.UNSPECIFIED.);
#192=B_SPLINE_CURVE_WITH_KNOTS('',3,(#3236,#3237,#3238,#3239,#3240),
 .UNSPECIFIED.,.F.,.F.,(4,1,4),(2.0609117866567E-7,0.00103287818288423,
0.0020655502745898),.UNSPECIFIED.);
#193=B_SPLINE_CURVE_WITH_KNOTS('',3,(#3242,#3243,#3244,#3245),
 .UNSPECIFIED.,.F.,.F.,(4,4),(0.000797752374454344,0.00159288298333551),
 .UNSPECIFIED.);
#194=B_SPLINE_CURVE_WITH_KNOTS('',3,(#3249,#3250,#3251,#3252),
 .UNSPECIFIED.,.F.,.F.,(4,4),(2.4920232650496E-7,0.000797752374454344),
 .UNSPECIFIED.);
#195=B_SPLINE_CURVE_WITH_KNOTS('',3,(#3254,#3255,#3256,#3257,#3258),
 .UNSPECIFIED.,.F.,.F.,(4,1,4),(2.48821966861314E-7,0.00103369288346281,
0.00206713694495877),.UNSPECIFIED.);
#196=B_SPLINE_CURVE_WITH_KNOTS('',3,(#3259,#3260,#3261,#3262,#3263),
 .UNSPECIFIED.,.F.,.F.,(4,1,4),(2.67823131773329E-7,0.00103294024684836,
0.00206561267056495),.UNSPECIFIED.);
#197=B_SPLINE_CURVE_WITH_KNOTS('',3,(#3265,#3266,#3267,#3268),
 .UNSPECIFIED.,.F.,.F.,(4,4),(0.000797759129944003,0.00159288960845724),
 .UNSPECIFIED.);
#198=B_SPLINE_CURVE_WITH_KNOTS('',3,(#3272,#3273,#3274,#3275),
 .UNSPECIFIED.,.F.,.F.,(4,4),(0.000797752374454379,0.00159288298333557),
 .UNSPECIFIED.);
#199=B_SPLINE_CURVE_WITH_KNOTS('',3,(#3279,#3280,#3281,#3282),
 .UNSPECIFIED.,.F.,.F.,(4,4),(3.28632123128657E-7,0.000797832136783086),
 .UNSPECIFIED.);
#200=B_SPLINE_CURVE_WITH_KNOTS('',3,(#3284,#3285,#3286,#3287,#3288),
 .UNSPECIFIED.,.F.,.F.,(4,1,4),(3.28111208699944E-7,0.00103377197831679,
0.00206721584542489),.UNSPECIFIED.);
#201=B_SPLINE_CURVE_WITH_KNOTS('',3,(#3289,#3290,#3291,#3292,#3293),
 .UNSPECIFIED.,.F.,.F.,(4,1,4),(2.06091178671548E-7,0.00103287818288422,
0.00206555027458976),.UNSPECIFIED.);
#202=B_SPLINE_CURVE_WITH_KNOTS('',3,(#3295,#3296,#3297,#3298),
 .UNSPECIFIED.,.F.,.F.,(4,4),(2.55929613273593E-7,0.000797759129944003),
 .UNSPECIFIED.);
#203=B_SPLINE_CURVE_WITH_KNOTS('',3,(#3300,#3301,#3302,#3303,#3304),
 .UNSPECIFIED.,.F.,.F.,(4,1,4),(2.55545931075121E-7,0.001033699540372,0.00206714353481293),
 .UNSPECIFIED.);
#204=B_SPLINE_CURVE_WITH_KNOTS('',3,(#3305,#3306,#3307,#3308,#3309),
 .UNSPECIFIED.,.F.,.F.,(4,1,4),(2.0172726039435E-7,0.0010328739724393,0.00206554621761821),
 .UNSPECIFIED.);
#205=B_SPLINE_CURVE_WITH_KNOTS('',3,(#3311,#3312,#3313,#3314),
 .UNSPECIFIED.,.F.,.F.,(4,4),(0.000797832136783145,0.00159296240924198),
 .UNSPECIFIED.);
#206=B_SPLINE_CURVE_WITH_KNOTS('',3,(#3318,#3319,#3320,#3321),
 .UNSPECIFIED.,.F.,.F.,(4,4),(3.28632123156399E-7,0.000797832136783145),
 .UNSPECIFIED.);
#207=B_SPLINE_CURVE_WITH_KNOTS('',3,(#3323,#3324,#3325,#3326,#3327),
 .UNSPECIFIED.,.F.,.F.,(4,1,4),(3.28111208678952E-7,0.00103377197831678,
0.00206721584542487),.UNSPECIFIED.);
#208=B_SPLINE_CURVE_WITH_KNOTS('',3,(#3328,#3329,#3330,#3331,#3332),
 .UNSPECIFIED.,.F.,.F.,(4,1,4),(2.06091178665302E-7,0.00103287818288422,
0.00206555027458977),.UNSPECIFIED.);
#209=B_SPLINE_CURVE_WITH_KNOTS('',3,(#3334,#3335,#3336,#3337),
 .UNSPECIFIED.,.F.,.F.,(4,4),(0.00079775237445439,0.00159288298333557),
 .UNSPECIFIED.);
#210=B_SPLINE_CURVE_WITH_KNOTS('',3,(#3341,#3342,#3343,#3344),
 .UNSPECIFIED.,.F.,.F.,(4,4),(2.49202326505382E-7,0.00079775237445439),
 .UNSPECIFIED.);
#211=B_SPLINE_CURVE_WITH_KNOTS('',3,(#3346,#3347,#3348,#3349,#3350),
 .UNSPECIFIED.,.F.,.F.,(4,1,4),(2.48821966855069E-7,0.00103369288346281,
0.00206713694495876),.UNSPECIFIED.);
#212=B_SPLINE_CURVE_WITH_KNOTS('',3,(#3351,#3352,#3353,#3354,#3355),
 .UNSPECIFIED.,.F.,.F.,(4,1,4),(2.67823131756085E-7,0.00103294024684835,
0.00206561267056495),.UNSPECIFIED.);
#213=B_SPLINE_CURVE_WITH_KNOTS('',3,(#3357,#3358,#3359,#3360),
 .UNSPECIFIED.,.F.,.F.,(4,4),(0.000797759129943953,0.00159288960845722),
 .UNSPECIFIED.);
#214=B_SPLINE_CURVE_WITH_KNOTS('',3,(#3364,#3365,#3366,#3367),
 .UNSPECIFIED.,.F.,.F.,(4,4),(2.55929613229383E-7,0.000797759129943953),
 .UNSPECIFIED.);
#215=B_SPLINE_CURVE_WITH_KNOTS('',3,(#3369,#3370,#3371,#3372,#3373),
 .UNSPECIFIED.,.F.,.F.,(4,1,4),(2.55545931057477E-7,0.00103369954037198,
0.0020671435348129),.UNSPECIFIED.);
#216=B_SPLINE_CURVE_WITH_KNOTS('',3,(#3374,#3375,#3376,#3377,#3378),
 .UNSPECIFIED.,.F.,.F.,(4,1,4),(2.01727260389099E-7,0.00103287397243931,
0.00206554621761824),.UNSPECIFIED.);
#217=B_SPLINE_CURVE_WITH_KNOTS('',3,(#3380,#3381,#3382,#3383),
 .UNSPECIFIED.,.F.,.F.,(4,4),(0.000797832136783078,0.00159296240924188),
 .UNSPECIFIED.);
#218=B_SPLINE_CURVE_WITH_KNOTS('',3,(#3387,#3388,#3389,#3390),
 .UNSPECIFIED.,.F.,.F.,(4,4),(0.000797832136783086,0.00159296240924193),
 .UNSPECIFIED.);
#219=B_SPLINE_CURVE_WITH_KNOTS('',3,(#3394,#3395,#3396,#3397),
 .UNSPECIFIED.,.F.,.F.,(4,4),(2.55929613287141E-7,0.000797759129943993),
 .UNSPECIFIED.);
#220=B_SPLINE_CURVE_WITH_KNOTS('',3,(#3399,#3400,#3401,#3402,#3403),
 .UNSPECIFIED.,.F.,.F.,(4,1,4),(2.55545931061458E-7,0.001033699540372,0.00206714353481294),
 .UNSPECIFIED.);
#221=B_SPLINE_CURVE_WITH_KNOTS('',3,(#3404,#3405,#3406,#3407,#3408),
 .UNSPECIFIED.,.F.,.F.,(4,1,4),(2.01727260380128E-7,0.00103287397243929,
0.0020655462176182),.UNSPECIFIED.);
#222=B_SPLINE_CURVE_WITH_KNOTS('',3,(#3410,#3411,#3412,#3413),
 .UNSPECIFIED.,.F.,.F.,(4,4),(0.000797759129943993,0.00159288960845725),
 .UNSPECIFIED.);
#223=B_SPLINE_CURVE_WITH_KNOTS('',3,(#3417,#3418,#3419,#3420),
 .UNSPECIFIED.,.F.,.F.,(4,4),(2.49202326505485E-7,0.000797752374454395),
 .UNSPECIFIED.);
#224=B_SPLINE_CURVE_WITH_KNOTS('',3,(#3422,#3423,#3424,#3425,#3426),
 .UNSPECIFIED.,.F.,.F.,(4,1,4),(2.48821966859766E-7,0.00103369288346281,
0.00206713694495877),.UNSPECIFIED.);
#225=B_SPLINE_CURVE_WITH_KNOTS('',3,(#3427,#3428,#3429,#3430,#3431),
 .UNSPECIFIED.,.F.,.F.,(4,1,4),(2.67823131756085E-7,0.00103294024684836,
0.00206561267056496),.UNSPECIFIED.);
#226=B_SPLINE_CURVE_WITH_KNOTS('',3,(#3433,#3434,#3435,#3436),
 .UNSPECIFIED.,.F.,.F.,(4,4),(0.000797752374454395,0.00159288298333559),
 .UNSPECIFIED.);
#227=B_SPLINE_CURVE_WITH_KNOTS('',3,(#3439,#3440,#3441,#3442),
 .UNSPECIFIED.,.F.,.F.,(4,4),(3.28632123118934E-7,0.000797832136783078),
 .UNSPECIFIED.);
#228=B_SPLINE_CURVE_WITH_KNOTS('',3,(#3444,#3445,#3446,#3447,#3448),
 .UNSPECIFIED.,.F.,.F.,(4,1,4),(3.28111208710482E-7,0.00103377197831679,
0.00206721584542487),.UNSPECIFIED.);
#229=B_SPLINE_CURVE_WITH_KNOTS('',3,(#3452,#3453,#3454,#3455,#3456),
 .UNSPECIFIED.,.F.,.F.,(4,1,4),(2.06091178665302E-7,0.00103287818288421,
0.00206555027458975),.UNSPECIFIED.);
#230=B_SPLINE_CURVE_WITH_KNOTS('',3,(#3458,#3459,#3460,#3461,#3462),
 .UNSPECIFIED.,.F.,.F.,(4,1,4),(2.67823131761688E-7,0.00103294024684836,
0.00206561267056495),.UNSPECIFIED.);
#231=B_SPLINE_CURVE_WITH_KNOTS('',3,(#3464,#3465,#3466,#3467),
 .UNSPECIFIED.,.F.,.F.,(4,4),(0.000797759129944295,0.00159288960845721),
 .UNSPECIFIED.);
#232=B_SPLINE_CURVE_WITH_KNOTS('',3,(#3471,#3472,#3473,#3474),
 .UNSPECIFIED.,.F.,.F.,(4,4),(2.49202326505407E-7,0.000797752374454669),
 .UNSPECIFIED.);
#233=B_SPLINE_CURVE_WITH_KNOTS('',3,(#3476,#3477,#3478,#3479,#3480),
 .UNSPECIFIED.,.F.,.F.,(4,1,4),(2.48821966867106E-7,0.00103369288346281,
0.00206713694495876),.UNSPECIFIED.);
#234=B_SPLINE_CURVE_WITH_KNOTS('',3,(#3482,#3483,#3484,#3485,#3486),
 .UNSPECIFIED.,.F.,.F.,(4,1,4),(2.06091178673566E-7,0.00103287818288424,
0.00206555027458981),.UNSPECIFIED.);
#235=B_SPLINE_CURVE_WITH_KNOTS('',3,(#3488,#3489,#3490,#3491),
 .UNSPECIFIED.,.F.,.F.,(4,4),(0.000797752374454669,0.00159288298333557),
 .UNSPECIFIED.);
#236=B_SPLINE_CURVE_WITH_KNOTS('',3,(#3494,#3495,#3496,#3497),
 .UNSPECIFIED.,.F.,.F.,(4,4),(3.28632123144146E-7,0.000797832136783394),
 .UNSPECIFIED.);
#237=B_SPLINE_CURVE_WITH_KNOTS('',3,(#3499,#3500,#3501,#3502,#3503),
 .UNSPECIFIED.,.F.,.F.,(4,1,4),(3.28111208695088E-7,0.0010337719783168,
0.0020672158454249),.UNSPECIFIED.);
#238=B_SPLINE_CURVE_WITH_KNOTS('',3,(#3505,#3506,#3507,#3508,#3509),
 .UNSPECIFIED.,.F.,.F.,(4,1,4),(2.01727260396121E-7,0.0010328739724393,
0.0020655462176182),.UNSPECIFIED.);
#239=B_SPLINE_CURVE_WITH_KNOTS('',3,(#3511,#3512,#3513,#3514),
 .UNSPECIFIED.,.F.,.F.,(4,4),(0.000797832136783394,0.00159296240924194),
 .UNSPECIFIED.);
#240=B_SPLINE_CURVE_WITH_KNOTS('',3,(#3517,#3518,#3519,#3520),
 .UNSPECIFIED.,.F.,.F.,(4,4),(2.55929613286527E-7,0.000797759129944273),
 .UNSPECIFIED.);
#241=B_SPLINE_CURVE_WITH_KNOTS('',3,(#3522,#3523,#3524,#3525,#3526),
 .UNSPECIFIED.,.F.,.F.,(4,1,4),(2.55545931060472E-7,0.00103369954037201,
0.00206714353481295),.UNSPECIFIED.);
#242=B_SPLINE_CURVE_WITH_KNOTS('',3,(#3528,#3529,#3530,#3531,#3532),
 .UNSPECIFIED.,.F.,.F.,(4,1,4),(2.67823131755594E-7,0.00103294024684837,
0.00206561267056498),.UNSPECIFIED.);
#243=B_SPLINE_CURVE_WITH_KNOTS('',3,(#3534,#3535,#3536,#3537),
 .UNSPECIFIED.,.F.,.F.,(4,4),(0.000797759129944273,0.00159288960845723),
 .UNSPECIFIED.);
#244=B_SPLINE_CURVE_WITH_KNOTS('',3,(#3540,#3541,#3542,#3543),
 .UNSPECIFIED.,.F.,.F.,(4,4),(2.49202326509983E-7,0.000797752374454382),
 .UNSPECIFIED.);
#245=B_SPLINE_CURVE_WITH_KNOTS('',3,(#3545,#3546,#3547,#3548,#3549),
 .UNSPECIFIED.,.F.,.F.,(4,1,4),(2.48821966866821E-7,0.0010336928834628,
0.00206713694495873),.UNSPECIFIED.);
#246=B_SPLINE_CURVE_WITH_KNOTS('',3,(#3551,#3552,#3553,#3554),
 .UNSPECIFIED.,.F.,.F.,(4,4),(2.55929613277363E-7,0.000797759129944295),
 .UNSPECIFIED.);
#247=B_SPLINE_CURVE_WITH_KNOTS('',3,(#3556,#3557,#3558,#3559,#3560),
 .UNSPECIFIED.,.F.,.F.,(4,1,4),(2.55545931070116E-7,0.00103369954037201,
0.00206714353481294),.UNSPECIFIED.);
#248=B_SPLINE_CURVE_WITH_KNOTS('',3,(#3561,#3562,#3563,#3564,#3565),
 .UNSPECIFIED.,.F.,.F.,(4,1,4),(2.0172726037841E-7,0.00103287397243929,
0.00206554621761821),.UNSPECIFIED.);
#249=B_SPLINE_CURVE_WITH_KNOTS('',3,(#3567,#3568,#3569,#3570),
 .UNSPECIFIED.,.F.,.F.,(4,4),(0.000797832136783424,0.00159296240924199),
 .UNSPECIFIED.);
#250=B_SPLINE_CURVE_WITH_KNOTS('',3,(#3574,#3575,#3576,#3577,#3578),
 .UNSPECIFIED.,.F.,.F.,(4,1,4),(2.06091178684862E-7,0.00103287818288423,
0.00206555027458977),.UNSPECIFIED.);
#251=B_SPLINE_CURVE_WITH_KNOTS('',3,(#3580,#3581,#3582,#3583),
 .UNSPECIFIED.,.F.,.F.,(4,4),(0.000797752374454382,0.00159288298333559),
 .UNSPECIFIED.);
#252=B_SPLINE_CURVE_WITH_KNOTS('',3,(#3586,#3587,#3588,#3589),
 .UNSPECIFIED.,.F.,.F.,(4,4),(3.28632123158078E-7,0.000797832136783409),
 .UNSPECIFIED.);
#253=B_SPLINE_CURVE_WITH_KNOTS('',3,(#3591,#3592,#3593,#3594,#3595),
 .UNSPECIFIED.,.F.,.F.,(4,1,4),(3.28111208697889E-7,0.0010337719783168,
0.0020672158454249),.UNSPECIFIED.);
#254=B_SPLINE_CURVE_WITH_KNOTS('',3,(#3597,#3598,#3599,#3600,#3601),
 .UNSPECIFIED.,.F.,.F.,(4,1,4),(2.01727260396068E-7,0.0010328739724393,
0.00206554621761821),.UNSPECIFIED.);
#255=B_SPLINE_CURVE_WITH_KNOTS('',3,(#3603,#3604,#3605,#3606),
 .UNSPECIFIED.,.F.,.F.,(4,4),(0.000797832136783409,0.00159296240924193),
 .UNSPECIFIED.);
#256=B_SPLINE_CURVE_WITH_KNOTS('',3,(#3609,#3610,#3611,#3612),
 .UNSPECIFIED.,.F.,.F.,(4,4),(2.55929613268928E-7,0.000797759129944287),
 .UNSPECIFIED.);
#257=B_SPLINE_CURVE_WITH_KNOTS('',3,(#3614,#3615,#3616,#3617,#3618),
 .UNSPECIFIED.,.F.,.F.,(4,1,4),(2.55545931085885E-7,0.00103369954037203,
0.00206714353481298),.UNSPECIFIED.);
#258=B_SPLINE_CURVE_WITH_KNOTS('',3,(#3620,#3621,#3622,#3623,#3624),
 .UNSPECIFIED.,.F.,.F.,(4,1,4),(2.67823131751288E-7,0.00103294024684836,
0.00206561267056497),.UNSPECIFIED.);
#259=B_SPLINE_CURVE_WITH_KNOTS('',3,(#3626,#3627,#3628,#3629),
 .UNSPECIFIED.,.F.,.F.,(4,4),(0.000797759129944287,0.00159288960845721),
 .UNSPECIFIED.);
#260=B_SPLINE_CURVE_WITH_KNOTS('',3,(#3632,#3633,#3634,#3635),
 .UNSPECIFIED.,.F.,.F.,(4,4),(2.49202326503107E-7,0.000797752374454668),
 .UNSPECIFIED.);
#261=B_SPLINE_CURVE_WITH_KNOTS('',3,(#3637,#3638,#3639,#3640,#3641),
 .UNSPECIFIED.,.F.,.F.,(4,1,4),(2.48821966867632E-7,0.0010336928834628,
0.00206713694495873),.UNSPECIFIED.);
#262=B_SPLINE_CURVE_WITH_KNOTS('',3,(#3643,#3644,#3645,#3646,#3647),
 .UNSPECIFIED.,.F.,.F.,(4,1,4),(2.06091178669989E-7,0.00103287818288421,
0.00206555027458975),.UNSPECIFIED.);
#263=B_SPLINE_CURVE_WITH_KNOTS('',3,(#3649,#3650,#3651,#3652),
 .UNSPECIFIED.,.F.,.F.,(4,4),(0.000797752374454668,0.00159288298333558),
 .UNSPECIFIED.);
#264=B_SPLINE_CURVE_WITH_KNOTS('',3,(#3655,#3656,#3657,#3658),
 .UNSPECIFIED.,.F.,.F.,(4,4),(3.28632123159357E-7,0.000797832136783165),
 .UNSPECIFIED.);
#265=B_SPLINE_CURVE_WITH_KNOTS('',3,(#3660,#3661,#3662,#3663,#3664),
 .UNSPECIFIED.,.F.,.F.,(4,1,4),(3.28111208680995E-7,0.00103377197831678,
0.00206721584542487),.UNSPECIFIED.);
#266=B_SPLINE_CURVE_WITH_KNOTS('',3,(#3666,#3667,#3668,#3669),
 .UNSPECIFIED.,.F.,.F.,(4,4),(3.28632123128209E-7,0.000797832136783424),
 .UNSPECIFIED.);
#267=B_SPLINE_CURVE_WITH_KNOTS('',3,(#3671,#3672,#3673,#3674,#3675),
 .UNSPECIFIED.,.F.,.F.,(4,1,4),(3.28111208705033E-7,0.0010337719783168,
0.0020672158454249),.UNSPECIFIED.);
#268=B_SPLINE_CURVE_WITH_KNOTS('',3,(#3676,#3677,#3678,#3679,#3680),
 .UNSPECIFIED.,.F.,.F.,(4,1,4),(2.06091178695048E-7,0.00103287818288426,
0.00206555027458982),.UNSPECIFIED.);
#269=B_SPLINE_CURVE_WITH_KNOTS('',3,(#3682,#3683,#3684,#3685),
 .UNSPECIFIED.,.F.,.F.,(4,4),(0.000797752374454664,0.00159288298333558),
 .UNSPECIFIED.);
#270=B_SPLINE_CURVE_WITH_KNOTS('',3,(#3689,#3690,#3691,#3692),
 .UNSPECIFIED.,.F.,.F.,(4,4),(2.49202326505037E-7,0.000797752374454664),
 .UNSPECIFIED.);
#271=B_SPLINE_CURVE_WITH_KNOTS('',3,(#3694,#3695,#3696,#3697,#3698),
 .UNSPECIFIED.,.F.,.F.,(4,1,4),(2.48821966867178E-7,0.00103369288346281,
0.00206713694495875),.UNSPECIFIED.);
#272=B_SPLINE_CURVE_WITH_KNOTS('',3,(#3699,#3700,#3701,#3702,#3703),
 .UNSPECIFIED.,.F.,.F.,(4,1,4),(2.67823131759016E-7,0.00103294024684836,
0.00206561267056496),.UNSPECIFIED.);
#273=B_SPLINE_CURVE_WITH_KNOTS('',3,(#3705,#3706,#3707,#3708),
 .UNSPECIFIED.,.F.,.F.,(4,4),(0.000797759129944304,0.0015928896084572),
 .UNSPECIFIED.);
#274=B_SPLINE_CURVE_WITH_KNOTS('',3,(#3712,#3713,#3714,#3715),
 .UNSPECIFIED.,.F.,.F.,(4,4),(2.55929613283576E-7,0.000797759129944304),
 .UNSPECIFIED.);
#275=B_SPLINE_CURVE_WITH_KNOTS('',3,(#3717,#3718,#3719,#3720,#3721),
 .UNSPECIFIED.,.F.,.F.,(4,1,4),(2.55545931057477E-7,0.001033699540372,0.00206714353481293),
 .UNSPECIFIED.);
#276=B_SPLINE_CURVE_WITH_KNOTS('',3,(#3725,#3726,#3727,#3728,#3729),
 .UNSPECIFIED.,.F.,.F.,(4,1,4),(2.01727260392633E-7,0.00103287397243928,
0.00206554621761818),.UNSPECIFIED.);
#277=B_SPLINE_CURVE_WITH_KNOTS('',3,(#3731,#3732,#3733,#3734),
 .UNSPECIFIED.,.F.,.F.,(4,4),(0.000797832136783165,0.00159296240924204),
 .UNSPECIFIED.);
#278=B_SPLINE_CURVE_WITH_KNOTS('',3,(#3737,#3738,#3739,#3740,#3741,#3742,
#3743,#3744,#3745,#3746,#3747),.UNSPECIFIED.,.T.,.F.,(1,1,1,1,1,1,1,1,1,
1,1,1,1,1,1),(-0.00472140290370247,-0.00314760193580165,-0.00157380096790082,
0.,0.00157380096790082,0.00314760193580165,0.00472140290370247,0.00629520387160329,
0.00786900483950411,0.00944280580740494,0.0110166067753058,0.0125904077432066,
0.0141642087111074,0.0157380096790082,0.0173118106469091),.UNSPECIFIED.);
#279=B_SPLINE_CURVE_WITH_KNOTS('',3,(#3833,#3834,#3835,#3836,#3837,#3838,
#3839,#3840,#3841,#3842,#3843),.UNSPECIFIED.,.T.,.F.,(1,1,1,1,1,1,1,1,1,
1,1,1,1,1,1),(-0.00472140290370246,-0.00314760193580164,-0.00157380096790082,
0.,0.00157380096790082,0.00314760193580164,0.00472140290370246,0.00629520387160329,
0.00786900483950411,0.00944280580740493,0.0110166067753057,0.0125904077432066,
0.0141642087111074,0.0157380096790082,0.017311810646909),.UNSPECIFIED.);
#280=B_SPLINE_CURVE_WITH_KNOTS('',3,(#3854,#3855,#3856,#3857,#3858,#3859,
#3860,#3861,#3862,#3863,#3864,#3865,#3866,#3867,#3868,#3869,#3870,#3871,
#3872),.UNSPECIFIED.,.T.,.F.,(1,1,1,1,1,1,1,1,1,1,1,1,1,1,1,1,1,1,1,1,1,
1,1),(-0.00593909004194869,-0.00395939336129913,-0.00197969668064956,0.,
0.00197969668064956,0.00395939336129913,0.00593909004194869,0.00791878672259825,
0.00989848340324782,0.0118781800838974,0.0138578767645469,0.0158375734451965,
0.0178172701258461,0.0197969668064956,0.0217766634871452,0.0237563601677948,
0.0257360568484443,0.0277157535290939,0.0296954502097434,0.031675146890393,
0.0336548435710426,0.0356345402516921,0.0376142369323417),.UNSPECIFIED.);
#281=PLANE('',#2079);
#282=PLANE('',#2081);
#283=PLANE('',#2092);
#284=PLANE('',#2095);
#285=PLANE('',#2098);
#286=PLANE('',#2101);
#287=PLANE('',#2111);
#288=PLANE('',#2113);
#289=PLANE('',#2117);
#290=PLANE('',#2214);
#291=PLANE('',#2215);
#292=PLANE('',#2216);
#293=PLANE('',#2267);
#294=PLANE('',#2273);
#295=PLANE('',#2277);
#296=PLANE('',#2284);
#297=PLANE('',#2287);
#298=PLANE('',#2290);
#299=PLANE('',#2293);
#300=ORIENTED_EDGE('',*,*,#856,.F.);
#301=ORIENTED_EDGE('',*,*,#857,.T.);
#302=ORIENTED_EDGE('',*,*,#858,.F.);
#303=ORIENTED_EDGE('',*,*,#859,.T.);
#304=ORIENTED_EDGE('',*,*,#860,.F.);
#305=ORIENTED_EDGE('',*,*,#861,.T.);
#306=ORIENTED_EDGE('',*,*,#862,.F.);
#307=ORIENTED_EDGE('',*,*,#863,.T.);
#308=ORIENTED_EDGE('',*,*,#864,.T.);
#309=ORIENTED_EDGE('',*,*,#865,.T.);
#310=ORIENTED_EDGE('',*,*,#866,.F.);
#311=ORIENTED_EDGE('',*,*,#867,.T.);
#312=ORIENTED_EDGE('',*,*,#868,.T.);
#313=ORIENTED_EDGE('',*,*,#866,.T.);
#314=ORIENTED_EDGE('',*,*,#860,.T.);
#315=ORIENTED_EDGE('',*,*,#858,.T.);
#316=ORIENTED_EDGE('',*,*,#856,.T.);
#317=ORIENTED_EDGE('',*,*,#862,.T.);
#318=ORIENTED_EDGE('',*,*,#869,.F.);
#319=ORIENTED_EDGE('',*,*,#870,.T.);
#320=ORIENTED_EDGE('',*,*,#871,.F.);
#321=ORIENTED_EDGE('',*,*,#872,.T.);
#322=ORIENTED_EDGE('',*,*,#873,.F.);
#323=ORIENTED_EDGE('',*,*,#874,.T.);
#324=ORIENTED_EDGE('',*,*,#875,.F.);
#325=ORIENTED_EDGE('',*,*,#876,.T.);
#326=ORIENTED_EDGE('',*,*,#867,.F.);
#327=ORIENTED_EDGE('',*,*,#877,.F.);
#328=ORIENTED_EDGE('',*,*,#873,.T.);
#329=ORIENTED_EDGE('',*,*,#878,.T.);
#330=ORIENTED_EDGE('',*,*,#857,.F.);
#331=ORIENTED_EDGE('',*,*,#877,.T.);
#332=ORIENTED_EDGE('',*,*,#879,.F.);
#333=ORIENTED_EDGE('',*,*,#875,.T.);
#334=ORIENTED_EDGE('',*,*,#880,.T.);
#335=ORIENTED_EDGE('',*,*,#863,.F.);
#336=ORIENTED_EDGE('',*,*,#879,.T.);
#337=ORIENTED_EDGE('',*,*,#881,.F.);
#338=ORIENTED_EDGE('',*,*,#869,.T.);
#339=ORIENTED_EDGE('',*,*,#882,.T.);
#340=ORIENTED_EDGE('',*,*,#861,.F.);
#341=ORIENTED_EDGE('',*,*,#881,.T.);
#342=ORIENTED_EDGE('',*,*,#883,.F.);
#343=ORIENTED_EDGE('',*,*,#871,.T.);
#344=ORIENTED_EDGE('',*,*,#884,.T.);
#345=ORIENTED_EDGE('',*,*,#859,.F.);
#346=ORIENTED_EDGE('',*,*,#883,.T.);
#347=ORIENTED_EDGE('',*,*,#868,.F.);
#348=ORIENTED_EDGE('',*,*,#864,.F.);
#349=ORIENTED_EDGE('',*,*,#865,.F.);
#350=ORIENTED_EDGE('',*,*,#884,.F.);
#351=ORIENTED_EDGE('',*,*,#870,.F.);
#352=ORIENTED_EDGE('',*,*,#882,.F.);
#353=ORIENTED_EDGE('',*,*,#876,.F.);
#354=ORIENTED_EDGE('',*,*,#880,.F.);
#355=ORIENTED_EDGE('',*,*,#874,.F.);
#356=ORIENTED_EDGE('',*,*,#878,.F.);
#357=ORIENTED_EDGE('',*,*,#872,.F.);
#358=ORIENTED_EDGE('',*,*,#885,.T.);
#359=ORIENTED_EDGE('',*,*,#886,.F.);
#360=ORIENTED_EDGE('',*,*,#887,.T.);
#361=ORIENTED_EDGE('',*,*,#888,.T.);
#362=ORIENTED_EDGE('',*,*,#889,.T.);
#363=ORIENTED_EDGE('',*,*,#890,.F.);
#364=ORIENTED_EDGE('',*,*,#891,.T.);
#365=ORIENTED_EDGE('',*,*,#886,.T.);
#366=ORIENTED_EDGE('',*,*,#892,.T.);
#367=ORIENTED_EDGE('',*,*,#887,.F.);
#368=ORIENTED_EDGE('',*,*,#893,.T.);
#369=ORIENTED_EDGE('',*,*,#890,.T.);
#370=ORIENTED_EDGE('',*,*,#894,.T.);
#371=ORIENTED_EDGE('',*,*,#893,.F.);
#372=ORIENTED_EDGE('',*,*,#885,.F.);
#373=ORIENTED_EDGE('',*,*,#894,.F.);
#374=ORIENTED_EDGE('',*,*,#891,.F.);
#375=ORIENTED_EDGE('',*,*,#888,.F.);
#376=ORIENTED_EDGE('',*,*,#889,.F.);
#377=ORIENTED_EDGE('',*,*,#892,.F.);
#378=ORIENTED_EDGE('',*,*,#895,.F.);
#379=ORIENTED_EDGE('',*,*,#896,.T.);
#380=ORIENTED_EDGE('',*,*,#897,.T.);
#381=ORIENTED_EDGE('',*,*,#898,.T.);
#382=ORIENTED_EDGE('',*,*,#899,.F.);
#383=ORIENTED_EDGE('',*,*,#900,.T.);
#384=ORIENTED_EDGE('',*,*,#901,.T.);
#385=ORIENTED_EDGE('',*,*,#902,.T.);
#386=ORIENTED_EDGE('',*,*,#903,.F.);
#387=ORIENTED_EDGE('',*,*,#904,.T.);
#388=ORIENTED_EDGE('',*,*,#905,.T.);
#389=ORIENTED_EDGE('',*,*,#906,.T.);
#390=ORIENTED_EDGE('',*,*,#907,.F.);
#391=ORIENTED_EDGE('',*,*,#908,.T.);
#392=ORIENTED_EDGE('',*,*,#909,.T.);
#393=ORIENTED_EDGE('',*,*,#910,.T.);
#394=ORIENTED_EDGE('',*,*,#911,.F.);
#395=ORIENTED_EDGE('',*,*,#912,.T.);
#396=ORIENTED_EDGE('',*,*,#913,.T.);
#397=ORIENTED_EDGE('',*,*,#914,.T.);
#398=ORIENTED_EDGE('',*,*,#915,.F.);
#399=ORIENTED_EDGE('',*,*,#916,.T.);
#400=ORIENTED_EDGE('',*,*,#917,.T.);
#401=ORIENTED_EDGE('',*,*,#918,.T.);
#402=ORIENTED_EDGE('',*,*,#919,.F.);
#403=ORIENTED_EDGE('',*,*,#920,.T.);
#404=ORIENTED_EDGE('',*,*,#921,.T.);
#405=ORIENTED_EDGE('',*,*,#922,.T.);
#406=ORIENTED_EDGE('',*,*,#923,.F.);
#407=ORIENTED_EDGE('',*,*,#924,.T.);
#408=ORIENTED_EDGE('',*,*,#925,.T.);
#409=ORIENTED_EDGE('',*,*,#926,.T.);
#410=ORIENTED_EDGE('',*,*,#927,.F.);
#411=ORIENTED_EDGE('',*,*,#928,.T.);
#412=ORIENTED_EDGE('',*,*,#929,.T.);
#413=ORIENTED_EDGE('',*,*,#930,.T.);
#414=ORIENTED_EDGE('',*,*,#931,.F.);
#415=ORIENTED_EDGE('',*,*,#932,.T.);
#416=ORIENTED_EDGE('',*,*,#933,.T.);
#417=ORIENTED_EDGE('',*,*,#934,.T.);
#418=ORIENTED_EDGE('',*,*,#935,.T.);
#419=ORIENTED_EDGE('',*,*,#936,.T.);
#420=ORIENTED_EDGE('',*,*,#937,.T.);
#421=ORIENTED_EDGE('',*,*,#938,.F.);
#422=ORIENTED_EDGE('',*,*,#939,.T.);
#423=ORIENTED_EDGE('',*,*,#940,.T.);
#424=ORIENTED_EDGE('',*,*,#941,.T.);
#425=ORIENTED_EDGE('',*,*,#942,.F.);
#426=ORIENTED_EDGE('',*,*,#943,.T.);
#427=ORIENTED_EDGE('',*,*,#944,.T.);
#428=ORIENTED_EDGE('',*,*,#945,.T.);
#429=ORIENTED_EDGE('',*,*,#946,.F.);
#430=ORIENTED_EDGE('',*,*,#947,.F.);
#431=ORIENTED_EDGE('',*,*,#948,.F.);
#432=ORIENTED_EDGE('',*,*,#902,.F.);
#433=ORIENTED_EDGE('',*,*,#949,.F.);
#434=ORIENTED_EDGE('',*,*,#950,.T.);
#435=ORIENTED_EDGE('',*,*,#951,.F.);
#436=ORIENTED_EDGE('',*,*,#910,.F.);
#437=ORIENTED_EDGE('',*,*,#952,.F.);
#438=ORIENTED_EDGE('',*,*,#953,.T.);
#439=ORIENTED_EDGE('',*,*,#954,.F.);
#440=ORIENTED_EDGE('',*,*,#912,.F.);
#441=ORIENTED_EDGE('',*,*,#955,.F.);
#442=ORIENTED_EDGE('',*,*,#956,.T.);
#443=ORIENTED_EDGE('',*,*,#957,.F.);
#444=ORIENTED_EDGE('',*,*,#904,.F.);
#445=ORIENTED_EDGE('',*,*,#958,.F.);
#446=ORIENTED_EDGE('',*,*,#959,.T.);
#447=ORIENTED_EDGE('',*,*,#960,.F.);
#448=ORIENTED_EDGE('',*,*,#961,.T.);
#449=ORIENTED_EDGE('',*,*,#898,.F.);
#450=ORIENTED_EDGE('',*,*,#962,.T.);
#451=ORIENTED_EDGE('',*,*,#963,.F.);
#452=ORIENTED_EDGE('',*,*,#964,.F.);
#453=ORIENTED_EDGE('',*,*,#965,.F.);
#454=ORIENTED_EDGE('',*,*,#966,.T.);
#455=ORIENTED_EDGE('',*,*,#906,.F.);
#456=ORIENTED_EDGE('',*,*,#967,.T.);
#457=ORIENTED_EDGE('',*,*,#968,.F.);
#458=ORIENTED_EDGE('',*,*,#969,.F.);
#459=ORIENTED_EDGE('',*,*,#970,.F.);
#460=ORIENTED_EDGE('',*,*,#971,.T.);
#461=ORIENTED_EDGE('',*,*,#914,.F.);
#462=ORIENTED_EDGE('',*,*,#972,.T.);
#463=ORIENTED_EDGE('',*,*,#973,.F.);
#464=ORIENTED_EDGE('',*,*,#974,.F.);
#465=ORIENTED_EDGE('',*,*,#975,.F.);
#466=ORIENTED_EDGE('',*,*,#976,.T.);
#467=ORIENTED_EDGE('',*,*,#918,.F.);
#468=ORIENTED_EDGE('',*,*,#977,.T.);
#469=ORIENTED_EDGE('',*,*,#978,.F.);
#470=ORIENTED_EDGE('',*,*,#979,.F.);
#471=ORIENTED_EDGE('',*,*,#980,.F.);
#472=ORIENTED_EDGE('',*,*,#981,.F.);
#473=ORIENTED_EDGE('',*,*,#982,.F.);
#474=ORIENTED_EDGE('',*,*,#983,.T.);
#475=ORIENTED_EDGE('',*,*,#937,.F.);
#476=ORIENTED_EDGE('',*,*,#984,.T.);
#477=ORIENTED_EDGE('',*,*,#985,.F.);
#478=ORIENTED_EDGE('',*,*,#986,.T.);
#479=ORIENTED_EDGE('',*,*,#922,.F.);
#480=ORIENTED_EDGE('',*,*,#987,.T.);
#481=ORIENTED_EDGE('',*,*,#988,.F.);
#482=ORIENTED_EDGE('',*,*,#989,.F.);
#483=ORIENTED_EDGE('',*,*,#990,.F.);
#484=ORIENTED_EDGE('',*,*,#991,.T.);
#485=ORIENTED_EDGE('',*,*,#926,.F.);
#486=ORIENTED_EDGE('',*,*,#992,.T.);
#487=ORIENTED_EDGE('',*,*,#993,.F.);
#488=ORIENTED_EDGE('',*,*,#994,.F.);
#489=ORIENTED_EDGE('',*,*,#995,.F.);
#490=ORIENTED_EDGE('',*,*,#996,.T.);
#491=ORIENTED_EDGE('',*,*,#930,.F.);
#492=ORIENTED_EDGE('',*,*,#997,.T.);
#493=ORIENTED_EDGE('',*,*,#998,.F.);
#494=ORIENTED_EDGE('',*,*,#999,.F.);
#495=ORIENTED_EDGE('',*,*,#1000,.F.);
#496=ORIENTED_EDGE('',*,*,#1001,.T.);
#497=ORIENTED_EDGE('',*,*,#934,.F.);
#498=ORIENTED_EDGE('',*,*,#1002,.T.);
#499=ORIENTED_EDGE('',*,*,#1003,.F.);
#500=ORIENTED_EDGE('',*,*,#1004,.F.);
#501=ORIENTED_EDGE('',*,*,#1005,.F.);
#502=ORIENTED_EDGE('',*,*,#1006,.F.);
#503=ORIENTED_EDGE('',*,*,#1007,.F.);
#504=ORIENTED_EDGE('',*,*,#1008,.T.);
#505=ORIENTED_EDGE('',*,*,#941,.F.);
#506=ORIENTED_EDGE('',*,*,#1009,.T.);
#507=ORIENTED_EDGE('',*,*,#1010,.F.);
#508=ORIENTED_EDGE('',*,*,#1011,.F.);
#509=ORIENTED_EDGE('',*,*,#1012,.F.);
#510=ORIENTED_EDGE('',*,*,#1013,.T.);
#511=ORIENTED_EDGE('',*,*,#945,.F.);
#512=ORIENTED_EDGE('',*,*,#1014,.T.);
#513=ORIENTED_EDGE('',*,*,#1015,.F.);
#514=ORIENTED_EDGE('',*,*,#1016,.F.);
#515=ORIENTED_EDGE('',*,*,#1017,.F.);
#516=ORIENTED_EDGE('',*,*,#1018,.T.);
#517=ORIENTED_EDGE('',*,*,#1019,.F.);
#518=ORIENTED_EDGE('',*,*,#1020,.T.);
#519=ORIENTED_EDGE('',*,*,#896,.F.);
#520=ORIENTED_EDGE('',*,*,#1021,.T.);
#521=ORIENTED_EDGE('',*,*,#1022,.F.);
#522=ORIENTED_EDGE('',*,*,#1023,.F.);
#523=ORIENTED_EDGE('',*,*,#1024,.F.);
#524=ORIENTED_EDGE('',*,*,#1025,.T.);
#525=ORIENTED_EDGE('',*,*,#900,.F.);
#526=ORIENTED_EDGE('',*,*,#1026,.T.);
#527=ORIENTED_EDGE('',*,*,#1027,.F.);
#528=ORIENTED_EDGE('',*,*,#1028,.F.);
#529=ORIENTED_EDGE('',*,*,#1029,.F.);
#530=ORIENTED_EDGE('',*,*,#1030,.T.);
#531=ORIENTED_EDGE('',*,*,#908,.F.);
#532=ORIENTED_EDGE('',*,*,#1031,.T.);
#533=ORIENTED_EDGE('',*,*,#1032,.F.);
#534=ORIENTED_EDGE('',*,*,#1033,.F.);
#535=ORIENTED_EDGE('',*,*,#1034,.F.);
#536=ORIENTED_EDGE('',*,*,#1035,.T.);
#537=ORIENTED_EDGE('',*,*,#916,.F.);
#538=ORIENTED_EDGE('',*,*,#1036,.T.);
#539=ORIENTED_EDGE('',*,*,#1037,.F.);
#540=ORIENTED_EDGE('',*,*,#1038,.F.);
#541=ORIENTED_EDGE('',*,*,#1039,.F.);
#542=ORIENTED_EDGE('',*,*,#1040,.T.);
#543=ORIENTED_EDGE('',*,*,#1041,.F.);
#544=ORIENTED_EDGE('',*,*,#1042,.T.);
#545=ORIENTED_EDGE('',*,*,#935,.F.);
#546=ORIENTED_EDGE('',*,*,#1043,.T.);
#547=ORIENTED_EDGE('',*,*,#1044,.F.);
#548=ORIENTED_EDGE('',*,*,#1045,.F.);
#549=ORIENTED_EDGE('',*,*,#920,.F.);
#550=ORIENTED_EDGE('',*,*,#1046,.T.);
#551=ORIENTED_EDGE('',*,*,#1047,.F.);
#552=ORIENTED_EDGE('',*,*,#1048,.F.);
#553=ORIENTED_EDGE('',*,*,#1049,.F.);
#554=ORIENTED_EDGE('',*,*,#1050,.T.);
#555=ORIENTED_EDGE('',*,*,#924,.F.);
#556=ORIENTED_EDGE('',*,*,#1051,.T.);
#557=ORIENTED_EDGE('',*,*,#1052,.F.);
#558=ORIENTED_EDGE('',*,*,#1053,.F.);
#559=ORIENTED_EDGE('',*,*,#1054,.F.);
#560=ORIENTED_EDGE('',*,*,#1055,.T.);
#561=ORIENTED_EDGE('',*,*,#928,.F.);
#562=ORIENTED_EDGE('',*,*,#1056,.T.);
#563=ORIENTED_EDGE('',*,*,#1057,.F.);
#564=ORIENTED_EDGE('',*,*,#1058,.F.);
#565=ORIENTED_EDGE('',*,*,#1059,.F.);
#566=ORIENTED_EDGE('',*,*,#1060,.T.);
#567=ORIENTED_EDGE('',*,*,#932,.F.);
#568=ORIENTED_EDGE('',*,*,#1061,.T.);
#569=ORIENTED_EDGE('',*,*,#1062,.F.);
#570=ORIENTED_EDGE('',*,*,#1063,.F.);
#571=ORIENTED_EDGE('',*,*,#1064,.F.);
#572=ORIENTED_EDGE('',*,*,#1065,.T.);
#573=ORIENTED_EDGE('',*,*,#1066,.F.);
#574=ORIENTED_EDGE('',*,*,#1067,.T.);
#575=ORIENTED_EDGE('',*,*,#939,.F.);
#576=ORIENTED_EDGE('',*,*,#1068,.T.);
#577=ORIENTED_EDGE('',*,*,#1069,.F.);
#578=ORIENTED_EDGE('',*,*,#1070,.F.);
#579=ORIENTED_EDGE('',*,*,#1071,.F.);
#580=ORIENTED_EDGE('',*,*,#1072,.T.);
#581=ORIENTED_EDGE('',*,*,#943,.F.);
#582=ORIENTED_EDGE('',*,*,#1073,.T.);
#583=ORIENTED_EDGE('',*,*,#1074,.F.);
#584=ORIENTED_EDGE('',*,*,#1075,.F.);
#585=ORIENTED_EDGE('',*,*,#1076,.F.);
#586=ORIENTED_EDGE('',*,*,#1077,.T.);
#587=ORIENTED_EDGE('',*,*,#1078,.F.);
#588=ORIENTED_EDGE('',*,*,#1079,.T.);
#589=ORIENTED_EDGE('',*,*,#1080,.F.);
#590=ORIENTED_EDGE('',*,*,#1081,.F.);
#591=ORIENTED_EDGE('',*,*,#1082,.F.);
#592=ORIENTED_EDGE('',*,*,#1083,.T.);
#593=ORIENTED_EDGE('',*,*,#1084,.F.);
#594=ORIENTED_EDGE('',*,*,#1078,.T.);
#595=ORIENTED_EDGE('',*,*,#1085,.T.);
#596=ORIENTED_EDGE('',*,*,#1019,.T.);
#597=ORIENTED_EDGE('',*,*,#1086,.F.);
#598=ORIENTED_EDGE('',*,*,#994,.T.);
#599=ORIENTED_EDGE('',*,*,#999,.T.);
#600=ORIENTED_EDGE('',*,*,#1004,.T.);
#601=ORIENTED_EDGE('',*,*,#1016,.T.);
#602=ORIENTED_EDGE('',*,*,#1011,.T.);
#603=ORIENTED_EDGE('',*,*,#1006,.T.);
#604=ORIENTED_EDGE('',*,*,#981,.T.);
#605=ORIENTED_EDGE('',*,*,#964,.T.);
#606=ORIENTED_EDGE('',*,*,#969,.T.);
#607=ORIENTED_EDGE('',*,*,#974,.T.);
#608=ORIENTED_EDGE('',*,*,#979,.T.);
#609=ORIENTED_EDGE('',*,*,#989,.T.);
#610=ORIENTED_EDGE('',*,*,#1083,.F.);
#611=ORIENTED_EDGE('',*,*,#1048,.T.);
#612=ORIENTED_EDGE('',*,*,#1038,.T.);
#613=ORIENTED_EDGE('',*,*,#1033,.T.);
#614=ORIENTED_EDGE('',*,*,#1028,.T.);
#615=ORIENTED_EDGE('',*,*,#1023,.T.);
#616=ORIENTED_EDGE('',*,*,#1045,.T.);
#617=ORIENTED_EDGE('',*,*,#1070,.T.);
#618=ORIENTED_EDGE('',*,*,#1075,.T.);
#619=ORIENTED_EDGE('',*,*,#1081,.T.);
#620=ORIENTED_EDGE('',*,*,#1063,.T.);
#621=ORIENTED_EDGE('',*,*,#1058,.T.);
#622=ORIENTED_EDGE('',*,*,#1053,.T.);
#623=ORIENTED_EDGE('',*,*,#1084,.T.);
#624=ORIENTED_EDGE('',*,*,#1087,.F.);
#625=ORIENTED_EDGE('',*,*,#947,.T.);
#626=ORIENTED_EDGE('',*,*,#1082,.T.);
#627=ORIENTED_EDGE('',*,*,#1087,.T.);
#628=ORIENTED_EDGE('',*,*,#933,.F.);
#629=ORIENTED_EDGE('',*,*,#1065,.F.);
#630=ORIENTED_EDGE('',*,*,#1088,.T.);
#631=ORIENTED_EDGE('',*,*,#1002,.F.);
#632=ORIENTED_EDGE('',*,*,#1089,.F.);
#633=ORIENTED_EDGE('',*,*,#1079,.F.);
#634=ORIENTED_EDGE('',*,*,#1086,.T.);
#635=ORIENTED_EDGE('',*,*,#1018,.F.);
#636=ORIENTED_EDGE('',*,*,#1017,.T.);
#637=ORIENTED_EDGE('',*,*,#1003,.T.);
#638=ORIENTED_EDGE('',*,*,#1088,.F.);
#639=ORIENTED_EDGE('',*,*,#1064,.T.);
#640=ORIENTED_EDGE('',*,*,#1080,.T.);
#641=ORIENTED_EDGE('',*,*,#1089,.T.);
#642=ORIENTED_EDGE('',*,*,#1090,.F.);
#643=ORIENTED_EDGE('',*,*,#1073,.F.);
#644=ORIENTED_EDGE('',*,*,#946,.T.);
#645=ORIENTED_EDGE('',*,*,#1013,.F.);
#646=ORIENTED_EDGE('',*,*,#1012,.T.);
#647=ORIENTED_EDGE('',*,*,#1015,.T.);
#648=ORIENTED_EDGE('',*,*,#1091,.F.);
#649=ORIENTED_EDGE('',*,*,#1076,.T.);
#650=ORIENTED_EDGE('',*,*,#1074,.T.);
#651=ORIENTED_EDGE('',*,*,#1090,.T.);
#652=ORIENTED_EDGE('',*,*,#1085,.F.);
#653=ORIENTED_EDGE('',*,*,#1077,.F.);
#654=ORIENTED_EDGE('',*,*,#1091,.T.);
#655=ORIENTED_EDGE('',*,*,#1020,.F.);
#656=ORIENTED_EDGE('',*,*,#1092,.F.);
#657=ORIENTED_EDGE('',*,*,#1068,.F.);
#658=ORIENTED_EDGE('',*,*,#942,.T.);
#659=ORIENTED_EDGE('',*,*,#1008,.F.);
#660=ORIENTED_EDGE('',*,*,#1007,.T.);
#661=ORIENTED_EDGE('',*,*,#1010,.T.);
#662=ORIENTED_EDGE('',*,*,#1093,.F.);
#663=ORIENTED_EDGE('',*,*,#1071,.T.);
#664=ORIENTED_EDGE('',*,*,#1069,.T.);
#665=ORIENTED_EDGE('',*,*,#1092,.T.);
#666=ORIENTED_EDGE('',*,*,#944,.F.);
#667=ORIENTED_EDGE('',*,*,#1072,.F.);
#668=ORIENTED_EDGE('',*,*,#1093,.T.);
#669=ORIENTED_EDGE('',*,*,#1014,.F.);
#670=ORIENTED_EDGE('',*,*,#1094,.F.);
#671=ORIENTED_EDGE('',*,*,#1043,.F.);
#672=ORIENTED_EDGE('',*,*,#938,.T.);
#673=ORIENTED_EDGE('',*,*,#983,.F.);
#674=ORIENTED_EDGE('',*,*,#982,.T.);
#675=ORIENTED_EDGE('',*,*,#1005,.T.);
#676=ORIENTED_EDGE('',*,*,#1095,.F.);
#677=ORIENTED_EDGE('',*,*,#1066,.T.);
#678=ORIENTED_EDGE('',*,*,#1044,.T.);
#679=ORIENTED_EDGE('',*,*,#1094,.T.);
#680=ORIENTED_EDGE('',*,*,#940,.F.);
#681=ORIENTED_EDGE('',*,*,#1067,.F.);
#682=ORIENTED_EDGE('',*,*,#1095,.T.);
#683=ORIENTED_EDGE('',*,*,#1009,.F.);
#684=ORIENTED_EDGE('',*,*,#1096,.F.);
#685=ORIENTED_EDGE('',*,*,#1061,.F.);
#686=ORIENTED_EDGE('',*,*,#931,.T.);
#687=ORIENTED_EDGE('',*,*,#1001,.F.);
#688=ORIENTED_EDGE('',*,*,#1000,.T.);
#689=ORIENTED_EDGE('',*,*,#998,.T.);
#690=ORIENTED_EDGE('',*,*,#1097,.F.);
#691=ORIENTED_EDGE('',*,*,#1059,.T.);
#692=ORIENTED_EDGE('',*,*,#1062,.T.);
#693=ORIENTED_EDGE('',*,*,#1096,.T.);
#694=ORIENTED_EDGE('',*,*,#929,.F.);
#695=ORIENTED_EDGE('',*,*,#1060,.F.);
#696=ORIENTED_EDGE('',*,*,#1097,.T.);
#697=ORIENTED_EDGE('',*,*,#997,.F.);
#698=ORIENTED_EDGE('',*,*,#1098,.F.);
#699=ORIENTED_EDGE('',*,*,#1056,.F.);
#700=ORIENTED_EDGE('',*,*,#927,.T.);
#701=ORIENTED_EDGE('',*,*,#996,.F.);
#702=ORIENTED_EDGE('',*,*,#995,.T.);
#703=ORIENTED_EDGE('',*,*,#993,.T.);
#704=ORIENTED_EDGE('',*,*,#1099,.F.);
#705=ORIENTED_EDGE('',*,*,#1054,.T.);
#706=ORIENTED_EDGE('',*,*,#1057,.T.);
#707=ORIENTED_EDGE('',*,*,#1098,.T.);
#708=ORIENTED_EDGE('',*,*,#925,.F.);
#709=ORIENTED_EDGE('',*,*,#1055,.F.);
#710=ORIENTED_EDGE('',*,*,#1099,.T.);
#711=ORIENTED_EDGE('',*,*,#992,.F.);
#712=ORIENTED_EDGE('',*,*,#1100,.F.);
#713=ORIENTED_EDGE('',*,*,#1051,.F.);
#714=ORIENTED_EDGE('',*,*,#923,.T.);
#715=ORIENTED_EDGE('',*,*,#991,.F.);
#716=ORIENTED_EDGE('',*,*,#990,.T.);
#717=ORIENTED_EDGE('',*,*,#988,.T.);
#718=ORIENTED_EDGE('',*,*,#1101,.F.);
#719=ORIENTED_EDGE('',*,*,#1049,.T.);
#720=ORIENTED_EDGE('',*,*,#1052,.T.);
#721=ORIENTED_EDGE('',*,*,#1100,.T.);
#722=ORIENTED_EDGE('',*,*,#921,.F.);
#723=ORIENTED_EDGE('',*,*,#1050,.F.);
#724=ORIENTED_EDGE('',*,*,#1101,.T.);
#725=ORIENTED_EDGE('',*,*,#987,.F.);
#726=ORIENTED_EDGE('',*,*,#917,.F.);
#727=ORIENTED_EDGE('',*,*,#1040,.F.);
#728=ORIENTED_EDGE('',*,*,#1102,.T.);
#729=ORIENTED_EDGE('',*,*,#977,.F.);
#730=ORIENTED_EDGE('',*,*,#1103,.F.);
#731=ORIENTED_EDGE('',*,*,#1046,.F.);
#732=ORIENTED_EDGE('',*,*,#919,.T.);
#733=ORIENTED_EDGE('',*,*,#986,.F.);
#734=ORIENTED_EDGE('',*,*,#985,.T.);
#735=ORIENTED_EDGE('',*,*,#978,.T.);
#736=ORIENTED_EDGE('',*,*,#1102,.F.);
#737=ORIENTED_EDGE('',*,*,#1039,.T.);
#738=ORIENTED_EDGE('',*,*,#1047,.T.);
#739=ORIENTED_EDGE('',*,*,#1103,.T.);
#740=ORIENTED_EDGE('',*,*,#1104,.F.);
#741=ORIENTED_EDGE('',*,*,#1034,.T.);
#742=ORIENTED_EDGE('',*,*,#1037,.T.);
#743=ORIENTED_EDGE('',*,*,#1105,.T.);
#744=ORIENTED_EDGE('',*,*,#975,.T.);
#745=ORIENTED_EDGE('',*,*,#973,.T.);
#746=ORIENTED_EDGE('',*,*,#1106,.F.);
#747=ORIENTED_EDGE('',*,*,#953,.F.);
#748=ORIENTED_EDGE('',*,*,#952,.T.);
#749=ORIENTED_EDGE('',*,*,#909,.F.);
#750=ORIENTED_EDGE('',*,*,#1035,.F.);
#751=ORIENTED_EDGE('',*,*,#1104,.T.);
#752=ORIENTED_EDGE('',*,*,#954,.T.);
#753=ORIENTED_EDGE('',*,*,#1106,.T.);
#754=ORIENTED_EDGE('',*,*,#972,.F.);
#755=ORIENTED_EDGE('',*,*,#913,.F.);
#756=ORIENTED_EDGE('',*,*,#1105,.F.);
#757=ORIENTED_EDGE('',*,*,#1036,.F.);
#758=ORIENTED_EDGE('',*,*,#915,.T.);
#759=ORIENTED_EDGE('',*,*,#976,.F.);
#760=ORIENTED_EDGE('',*,*,#949,.T.);
#761=ORIENTED_EDGE('',*,*,#901,.F.);
#762=ORIENTED_EDGE('',*,*,#1030,.F.);
#763=ORIENTED_EDGE('',*,*,#1107,.T.);
#764=ORIENTED_EDGE('',*,*,#1107,.F.);
#765=ORIENTED_EDGE('',*,*,#1029,.T.);
#766=ORIENTED_EDGE('',*,*,#1032,.T.);
#767=ORIENTED_EDGE('',*,*,#1108,.T.);
#768=ORIENTED_EDGE('',*,*,#950,.F.);
#769=ORIENTED_EDGE('',*,*,#951,.T.);
#770=ORIENTED_EDGE('',*,*,#1108,.F.);
#771=ORIENTED_EDGE('',*,*,#1031,.F.);
#772=ORIENTED_EDGE('',*,*,#907,.T.);
#773=ORIENTED_EDGE('',*,*,#948,.T.);
#774=ORIENTED_EDGE('',*,*,#1109,.F.);
#775=ORIENTED_EDGE('',*,*,#1026,.F.);
#776=ORIENTED_EDGE('',*,*,#899,.T.);
#777=ORIENTED_EDGE('',*,*,#958,.T.);
#778=ORIENTED_EDGE('',*,*,#903,.T.);
#779=ORIENTED_EDGE('',*,*,#966,.F.);
#780=ORIENTED_EDGE('',*,*,#1110,.F.);
#781=ORIENTED_EDGE('',*,*,#1110,.T.);
#782=ORIENTED_EDGE('',*,*,#965,.T.);
#783=ORIENTED_EDGE('',*,*,#963,.T.);
#784=ORIENTED_EDGE('',*,*,#1111,.F.);
#785=ORIENTED_EDGE('',*,*,#1024,.T.);
#786=ORIENTED_EDGE('',*,*,#1027,.T.);
#787=ORIENTED_EDGE('',*,*,#1109,.T.);
#788=ORIENTED_EDGE('',*,*,#959,.F.);
#789=ORIENTED_EDGE('',*,*,#897,.F.);
#790=ORIENTED_EDGE('',*,*,#1025,.F.);
#791=ORIENTED_EDGE('',*,*,#1111,.T.);
#792=ORIENTED_EDGE('',*,*,#962,.F.);
#793=ORIENTED_EDGE('',*,*,#1112,.F.);
#794=ORIENTED_EDGE('',*,*,#1021,.F.);
#795=ORIENTED_EDGE('',*,*,#895,.T.);
#796=ORIENTED_EDGE('',*,*,#961,.F.);
#797=ORIENTED_EDGE('',*,*,#960,.T.);
#798=ORIENTED_EDGE('',*,*,#980,.T.);
#799=ORIENTED_EDGE('',*,*,#1113,.F.);
#800=ORIENTED_EDGE('',*,*,#1041,.T.);
#801=ORIENTED_EDGE('',*,*,#1022,.T.);
#802=ORIENTED_EDGE('',*,*,#1112,.T.);
#803=ORIENTED_EDGE('',*,*,#936,.F.);
#804=ORIENTED_EDGE('',*,*,#1042,.F.);
#805=ORIENTED_EDGE('',*,*,#1113,.T.);
#806=ORIENTED_EDGE('',*,*,#984,.F.);
#807=ORIENTED_EDGE('',*,*,#955,.T.);
#808=ORIENTED_EDGE('',*,*,#911,.T.);
#809=ORIENTED_EDGE('',*,*,#971,.F.);
#810=ORIENTED_EDGE('',*,*,#1114,.F.);
#811=ORIENTED_EDGE('',*,*,#1114,.T.);
#812=ORIENTED_EDGE('',*,*,#970,.T.);
#813=ORIENTED_EDGE('',*,*,#968,.T.);
#814=ORIENTED_EDGE('',*,*,#1115,.F.);
#815=ORIENTED_EDGE('',*,*,#956,.F.);
#816=ORIENTED_EDGE('',*,*,#957,.T.);
#817=ORIENTED_EDGE('',*,*,#1115,.T.);
#818=ORIENTED_EDGE('',*,*,#967,.F.);
#819=ORIENTED_EDGE('',*,*,#905,.F.);
#820=ORIENTED_EDGE('',*,*,#1116,.F.);
#821=ORIENTED_EDGE('',*,*,#1117,.T.);
#822=ORIENTED_EDGE('',*,*,#1118,.F.);
#823=ORIENTED_EDGE('',*,*,#1119,.T.);
#824=ORIENTED_EDGE('',*,*,#1120,.T.);
#825=ORIENTED_EDGE('',*,*,#1121,.T.);
#826=ORIENTED_EDGE('',*,*,#1122,.F.);
#827=ORIENTED_EDGE('',*,*,#1123,.F.);
#828=ORIENTED_EDGE('',*,*,#1124,.F.);
#829=ORIENTED_EDGE('',*,*,#1125,.F.);
#830=ORIENTED_EDGE('',*,*,#1126,.T.);
#831=ORIENTED_EDGE('',*,*,#1117,.F.);
#832=ORIENTED_EDGE('',*,*,#1127,.T.);
#833=ORIENTED_EDGE('',*,*,#1118,.T.);
#834=ORIENTED_EDGE('',*,*,#1128,.F.);
#835=ORIENTED_EDGE('',*,*,#1121,.F.);
#836=ORIENTED_EDGE('',*,*,#1129,.F.);
#837=ORIENTED_EDGE('',*,*,#1128,.T.);
#838=ORIENTED_EDGE('',*,*,#1116,.T.);
#839=ORIENTED_EDGE('',*,*,#1129,.T.);
#840=ORIENTED_EDGE('',*,*,#1119,.F.);
#841=ORIENTED_EDGE('',*,*,#1126,.F.);
#842=ORIENTED_EDGE('',*,*,#1127,.F.);
#843=ORIENTED_EDGE('',*,*,#1120,.F.);
#844=ORIENTED_EDGE('',*,*,#1130,.F.);
#845=ORIENTED_EDGE('',*,*,#1125,.T.);
#846=ORIENTED_EDGE('',*,*,#1130,.T.);
#847=ORIENTED_EDGE('',*,*,#1131,.F.);
#848=ORIENTED_EDGE('',*,*,#1124,.T.);
#849=ORIENTED_EDGE('',*,*,#1131,.T.);
#850=ORIENTED_EDGE('',*,*,#1132,.F.);
#851=ORIENTED_EDGE('',*,*,#1123,.T.);
#852=ORIENTED_EDGE('',*,*,#1132,.T.);
#853=ORIENTED_EDGE('',*,*,#1133,.F.);
#854=ORIENTED_EDGE('',*,*,#1122,.T.);
#855=ORIENTED_EDGE('',*,*,#1133,.T.);
#856=EDGE_CURVE('',#1134,#1134,#1328,.T.);
#857=EDGE_CURVE('',#1135,#1135,#1329,.T.);
#858=EDGE_CURVE('',#1136,#1136,#1330,.T.);
#859=EDGE_CURVE('',#1137,#1137,#1331,.T.);
#860=EDGE_CURVE('',#1138,#1138,#1332,.T.);
#861=EDGE_CURVE('',#1139,#1139,#1333,.T.);
#862=EDGE_CURVE('',#1140,#1140,#1334,.T.);
#863=EDGE_CURVE('',#1141,#1141,#1335,.T.);
#864=EDGE_CURVE('',#1142,#1142,#1336,.T.);
#865=EDGE_CURVE('',#1143,#1143,#1337,.F.);
#866=EDGE_CURVE('',#1144,#1144,#1338,.T.);
#867=EDGE_CURVE('',#1145,#1145,#1339,.T.);
#868=EDGE_CURVE('',#1146,#1146,#1340,.F.);
#869=EDGE_CURVE('',#1147,#1148,#1341,.T.);
#870=EDGE_CURVE('',#1147,#1149,#1342,.T.);
#871=EDGE_CURVE('',#1150,#1149,#1343,.T.);
#872=EDGE_CURVE('',#1150,#1151,#1344,.T.);
#873=EDGE_CURVE('',#1152,#1151,#1345,.T.);
#874=EDGE_CURVE('',#1152,#1153,#1346,.T.);
#875=EDGE_CURVE('',#1154,#1153,#1347,.T.);
#876=EDGE_CURVE('',#1154,#1148,#1348,.T.);
#877=EDGE_CURVE('',#1155,#1155,#1349,.T.);
#878=EDGE_CURVE('',#1151,#1152,#160,.T.);
#879=EDGE_CURVE('',#1156,#1156,#1350,.T.);
#880=EDGE_CURVE('',#1153,#1154,#161,.T.);
#881=EDGE_CURVE('',#1157,#1157,#1351,.T.);
#882=EDGE_CURVE('',#1148,#1147,#162,.T.);
#883=EDGE_CURVE('',#1158,#1158,#1352,.T.);
#884=EDGE_CURVE('',#1149,#1150,#163,.T.);
#885=EDGE_CURVE('',#1159,#1159,#164,.T.);
#886=EDGE_CURVE('',#1160,#1160,#1353,.T.);
#887=EDGE_CURVE('',#1161,#1161,#1354,.T.);
#888=EDGE_CURVE('',#1162,#1162,#1355,.F.);
#889=EDGE_CURVE('',#1163,#1163,#1356,.T.);
#890=EDGE_CURVE('',#1164,#1164,#165,.T.);
#891=EDGE_CURVE('',#1165,#1165,#1357,.T.);
#892=EDGE_CURVE('',#1166,#1166,#1358,.F.);
#893=EDGE_CURVE('',#1167,#1167,#1359,.T.);
#894=EDGE_CURVE('',#1168,#1168,#1360,.T.);
#895=EDGE_CURVE('',#1169,#1170,#10,.T.);
#896=EDGE_CURVE('',#1169,#1171,#1361,.T.);
#897=EDGE_CURVE('',#1171,#1172,#11,.T.);
#898=EDGE_CURVE('',#1172,#1170,#1362,.F.);
#899=EDGE_CURVE('',#1173,#1174,#12,.T.);
#900=EDGE_CURVE('',#1173,#1175,#1363,.T.);
#901=EDGE_CURVE('',#1175,#1176,#13,.T.);
#902=EDGE_CURVE('',#1176,#1174,#166,.T.);
#903=EDGE_CURVE('',#1177,#1178,#14,.T.);
#904=EDGE_CURVE('',#1177,#1179,#167,.T.);
#905=EDGE_CURVE('',#1179,#1180,#15,.T.);
#906=EDGE_CURVE('',#1180,#1178,#1364,.F.);
#907=EDGE_CURVE('',#1181,#1182,#16,.T.);
#908=EDGE_CURVE('',#1181,#1183,#1365,.T.);
#909=EDGE_CURVE('',#1183,#1184,#17,.T.);
#910=EDGE_CURVE('',#1184,#1182,#168,.T.);
#911=EDGE_CURVE('',#1185,#1186,#18,.T.);
#912=EDGE_CURVE('',#1185,#1187,#169,.T.);
#913=EDGE_CURVE('',#1187,#1188,#19,.T.);
#914=EDGE_CURVE('',#1188,#1186,#1366,.F.);
#915=EDGE_CURVE('',#1189,#1190,#20,.T.);
#916=EDGE_CURVE('',#1189,#1191,#1367,.T.);
#917=EDGE_CURVE('',#1191,#1192,#21,.T.);
#918=EDGE_CURVE('',#1192,#1190,#1368,.F.);
#919=EDGE_CURVE('',#1193,#1194,#22,.T.);
#920=EDGE_CURVE('',#1193,#1195,#1369,.T.);
#921=EDGE_CURVE('',#1195,#1196,#23,.T.);
#922=EDGE_CURVE('',#1196,#1194,#1370,.F.);
#923=EDGE_CURVE('',#1197,#1198,#24,.T.);
#924=EDGE_CURVE('',#1197,#1199,#1371,.T.);
#925=EDGE_CURVE('',#1199,#1200,#25,.T.);
#926=EDGE_CURVE('',#1200,#1198,#1372,.F.);
#927=EDGE_CURVE('',#1201,#1202,#26,.T.);
#928=EDGE_CURVE('',#1201,#1203,#1373,.T.);
#929=EDGE_CURVE('',#1203,#1204,#27,.T.);
#930=EDGE_CURVE('',#1204,#1202,#1374,.F.);
#931=EDGE_CURVE('',#1205,#1206,#28,.T.);
#932=EDGE_CURVE('',#1205,#1207,#1375,.T.);
#933=EDGE_CURVE('',#1207,#1208,#29,.T.);
#934=EDGE_CURVE('',#1208,#1206,#1376,.F.);
#935=EDGE_CURVE('',#1209,#1210,#1377,.T.);
#936=EDGE_CURVE('',#1210,#1211,#30,.T.);
#937=EDGE_CURVE('',#1211,#1212,#1378,.F.);
#938=EDGE_CURVE('',#1209,#1212,#31,.T.);
#939=EDGE_CURVE('',#1213,#1214,#1379,.T.);
#940=EDGE_CURVE('',#1214,#1215,#32,.T.);
#941=EDGE_CURVE('',#1215,#1216,#1380,.F.);
#942=EDGE_CURVE('',#1213,#1216,#33,.T.);
#943=EDGE_CURVE('',#1217,#1218,#1381,.T.);
#944=EDGE_CURVE('',#1218,#1219,#34,.T.);
#945=EDGE_CURVE('',#1219,#1220,#1382,.F.);
#946=EDGE_CURVE('',#1217,#1220,#35,.T.);
#947=EDGE_CURVE('',#1221,#1221,#1383,.T.);
#948=EDGE_CURVE('',#1174,#1222,#170,.T.);
#949=EDGE_CURVE('',#1223,#1176,#171,.T.);
#950=EDGE_CURVE('',#1223,#1224,#172,.T.);
#951=EDGE_CURVE('',#1182,#1224,#173,.T.);
#952=EDGE_CURVE('',#1225,#1184,#174,.T.);
#953=EDGE_CURVE('',#1225,#1226,#175,.T.);
#954=EDGE_CURVE('',#1187,#1226,#176,.T.);
#955=EDGE_CURVE('',#1227,#1185,#177,.T.);
#956=EDGE_CURVE('',#1227,#1228,#178,.T.);
#957=EDGE_CURVE('',#1179,#1228,#179,.T.);
#958=EDGE_CURVE('',#1229,#1177,#180,.T.);
#959=EDGE_CURVE('',#1229,#1222,#181,.T.);
#960=EDGE_CURVE('',#1230,#1231,#182,.T.);
#961=EDGE_CURVE('',#1230,#1170,#183,.T.);
#962=EDGE_CURVE('',#1172,#1232,#184,.T.);
#963=EDGE_CURVE('',#1233,#1232,#185,.T.);
#964=EDGE_CURVE('',#1231,#1233,#1384,.T.);
#965=EDGE_CURVE('',#1234,#1233,#186,.T.);
#966=EDGE_CURVE('',#1234,#1178,#187,.T.);
#967=EDGE_CURVE('',#1180,#1235,#188,.T.);
#968=EDGE_CURVE('',#1236,#1235,#189,.T.);
#969=EDGE_CURVE('',#1233,#1236,#1385,.T.);
#970=EDGE_CURVE('',#1237,#1236,#190,.T.);
#971=EDGE_CURVE('',#1237,#1186,#191,.T.);
#972=EDGE_CURVE('',#1188,#1238,#192,.T.);
#973=EDGE_CURVE('',#1239,#1238,#193,.T.);
#974=EDGE_CURVE('',#1236,#1239,#1386,.T.);
#975=EDGE_CURVE('',#1240,#1239,#194,.T.);
#976=EDGE_CURVE('',#1240,#1190,#195,.T.);
#977=EDGE_CURVE('',#1192,#1241,#196,.T.);
#978=EDGE_CURVE('',#1242,#1241,#197,.T.);
#979=EDGE_CURVE('',#1239,#1242,#1387,.T.);
#980=EDGE_CURVE('',#1231,#1243,#198,.T.);
#981=EDGE_CURVE('',#1244,#1231,#1388,.T.);
#982=EDGE_CURVE('',#1245,#1244,#199,.T.);
#983=EDGE_CURVE('',#1245,#1212,#200,.T.);
#984=EDGE_CURVE('',#1211,#1243,#201,.T.);
#985=EDGE_CURVE('',#1246,#1242,#202,.T.);
#986=EDGE_CURVE('',#1246,#1194,#203,.T.);
#987=EDGE_CURVE('',#1196,#1247,#204,.T.);
#988=EDGE_CURVE('',#1248,#1247,#205,.T.);
#989=EDGE_CURVE('',#1242,#1248,#1389,.T.);
#990=EDGE_CURVE('',#1249,#1248,#206,.T.);
#991=EDGE_CURVE('',#1249,#1198,#207,.T.);
#992=EDGE_CURVE('',#1200,#1250,#208,.T.);
#993=EDGE_CURVE('',#1251,#1250,#209,.T.);
#994=EDGE_CURVE('',#1248,#1251,#1390,.T.);
#995=EDGE_CURVE('',#1252,#1251,#210,.T.);
#996=EDGE_CURVE('',#1252,#1202,#211,.T.);
#997=EDGE_CURVE('',#1204,#1253,#212,.T.);
#998=EDGE_CURVE('',#1254,#1253,#213,.T.);
#999=EDGE_CURVE('',#1251,#1254,#1391,.T.);
#1000=EDGE_CURVE('',#1255,#1254,#214,.T.);
#1001=EDGE_CURVE('',#1255,#1206,#215,.T.);
#1002=EDGE_CURVE('',#1208,#1256,#216,.T.);
#1003=EDGE_CURVE('',#1257,#1256,#217,.T.);
#1004=EDGE_CURVE('',#1254,#1257,#1392,.T.);
#1005=EDGE_CURVE('',#1244,#1258,#218,.T.);
#1006=EDGE_CURVE('',#1259,#1244,#1393,.T.);
#1007=EDGE_CURVE('',#1260,#1259,#219,.T.);
#1008=EDGE_CURVE('',#1260,#1216,#220,.T.);
#1009=EDGE_CURVE('',#1215,#1258,#221,.T.);
#1010=EDGE_CURVE('',#1259,#1261,#222,.T.);
#1011=EDGE_CURVE('',#1262,#1259,#1394,.T.);
#1012=EDGE_CURVE('',#1263,#1262,#223,.T.);
#1013=EDGE_CURVE('',#1263,#1220,#224,.T.);
#1014=EDGE_CURVE('',#1219,#1261,#225,.T.);
#1015=EDGE_CURVE('',#1262,#1264,#226,.T.);
#1016=EDGE_CURVE('',#1257,#1262,#1395,.T.);
#1017=EDGE_CURVE('',#1265,#1257,#227,.T.);
#1018=EDGE_CURVE('',#1265,#1266,#228,.T.);
#1019=EDGE_CURVE('',#1267,#1266,#1396,.F.);
#1020=EDGE_CURVE('',#1267,#1264,#229,.T.);
#1021=EDGE_CURVE('',#1169,#1268,#230,.T.);
#1022=EDGE_CURVE('',#1269,#1268,#231,.T.);
#1023=EDGE_CURVE('',#1270,#1269,#1397,.F.);
#1024=EDGE_CURVE('',#1271,#1270,#232,.T.);
#1025=EDGE_CURVE('',#1271,#1171,#233,.T.);
#1026=EDGE_CURVE('',#1173,#1272,#234,.T.);
#1027=EDGE_CURVE('',#1270,#1272,#235,.T.);
#1028=EDGE_CURVE('',#1273,#1270,#1398,.F.);
#1029=EDGE_CURVE('',#1274,#1273,#236,.T.);
#1030=EDGE_CURVE('',#1274,#1175,#237,.T.);
#1031=EDGE_CURVE('',#1181,#1275,#238,.T.);
#1032=EDGE_CURVE('',#1273,#1275,#239,.T.);
#1033=EDGE_CURVE('',#1276,#1273,#1399,.F.);
#1034=EDGE_CURVE('',#1277,#1276,#240,.T.);
#1035=EDGE_CURVE('',#1277,#1183,#241,.T.);
#1036=EDGE_CURVE('',#1189,#1278,#242,.T.);
#1037=EDGE_CURVE('',#1276,#1278,#243,.T.);
#1038=EDGE_CURVE('',#1279,#1276,#1400,.F.);
#1039=EDGE_CURVE('',#1280,#1279,#244,.T.);
#1040=EDGE_CURVE('',#1280,#1191,#245,.T.);
#1041=EDGE_CURVE('',#1281,#1269,#246,.T.);
#1042=EDGE_CURVE('',#1281,#1210,#247,.T.);
#1043=EDGE_CURVE('',#1209,#1282,#248,.T.);
#1044=EDGE_CURVE('',#1283,#1282,#249,.T.);
#1045=EDGE_CURVE('',#1269,#1283,#1401,.F.);
#1046=EDGE_CURVE('',#1193,#1284,#250,.T.);
#1047=EDGE_CURVE('',#1279,#1284,#251,.T.);
#1048=EDGE_CURVE('',#1285,#1279,#1402,.F.);
#1049=EDGE_CURVE('',#1286,#1285,#252,.T.);
#1050=EDGE_CURVE('',#1286,#1195,#253,.T.);
#1051=EDGE_CURVE('',#1197,#1287,#254,.T.);
#1052=EDGE_CURVE('',#1285,#1287,#255,.T.);
#1053=EDGE_CURVE('',#1288,#1285,#1403,.F.);
#1054=EDGE_CURVE('',#1289,#1288,#256,.T.);
#1055=EDGE_CURVE('',#1289,#1199,#257,.T.);
#1056=EDGE_CURVE('',#1201,#1290,#258,.T.);
#1057=EDGE_CURVE('',#1288,#1290,#259,.T.);
#1058=EDGE_CURVE('',#1291,#1288,#1404,.F.);
#1059=EDGE_CURVE('',#1292,#1291,#260,.T.);
#1060=EDGE_CURVE('',#1292,#1203,#261,.T.);
#1061=EDGE_CURVE('',#1205,#1293,#262,.T.);
#1062=EDGE_CURVE('',#1291,#1293,#263,.T.);
#1063=EDGE_CURVE('',#1294,#1291,#1405,.F.);
#1064=EDGE_CURVE('',#1295,#1294,#264,.T.);
#1065=EDGE_CURVE('',#1295,#1207,#265,.T.);
#1066=EDGE_CURVE('',#1296,#1283,#266,.T.);
#1067=EDGE_CURVE('',#1296,#1214,#267,.T.);
#1068=EDGE_CURVE('',#1213,#1297,#268,.T.);
#1069=EDGE_CURVE('',#1298,#1297,#269,.T.);
#1070=EDGE_CURVE('',#1283,#1298,#1406,.F.);
#1071=EDGE_CURVE('',#1299,#1298,#270,.T.);
#1072=EDGE_CURVE('',#1299,#1218,#271,.T.);
#1073=EDGE_CURVE('',#1217,#1300,#272,.T.);
#1074=EDGE_CURVE('',#1301,#1300,#273,.T.);
#1075=EDGE_CURVE('',#1298,#1301,#1407,.F.);
#1076=EDGE_CURVE('',#1302,#1301,#274,.T.);
#1077=EDGE_CURVE('',#1302,#1303,#275,.T.);
#1078=EDGE_CURVE('',#1304,#1303,#1408,.T.);
#1079=EDGE_CURVE('',#1304,#1305,#276,.T.);
#1080=EDGE_CURVE('',#1294,#1305,#277,.T.);
#1081=EDGE_CURVE('',#1301,#1294,#1409,.F.);
#1082=EDGE_CURVE('',#1306,#1306,#278,.T.);
#1083=EDGE_CURVE('',#1307,#1307,#1410,.T.);
#1084=EDGE_CURVE('',#1308,#1308,#1411,.T.);
#1085=EDGE_CURVE('',#1303,#1267,#36,.T.);
#1086=EDGE_CURVE('',#1304,#1266,#37,.T.);
#1087=EDGE_CURVE('',#1309,#1309,#1412,.T.);
#1088=EDGE_CURVE('',#1295,#1256,#38,.T.);
#1089=EDGE_CURVE('',#1305,#1265,#39,.T.);
#1090=EDGE_CURVE('',#1300,#1263,#40,.T.);
#1091=EDGE_CURVE('',#1302,#1264,#41,.T.);
#1092=EDGE_CURVE('',#1297,#1260,#42,.T.);
#1093=EDGE_CURVE('',#1299,#1261,#43,.T.);
#1094=EDGE_CURVE('',#1282,#1245,#44,.T.);
#1095=EDGE_CURVE('',#1296,#1258,#45,.T.);
#1096=EDGE_CURVE('',#1293,#1255,#46,.T.);
#1097=EDGE_CURVE('',#1292,#1253,#47,.T.);
#1098=EDGE_CURVE('',#1290,#1252,#48,.T.);
#1099=EDGE_CURVE('',#1289,#1250,#49,.T.);
#1100=EDGE_CURVE('',#1287,#1249,#50,.T.);
#1101=EDGE_CURVE('',#1286,#1247,#51,.T.);
#1102=EDGE_CURVE('',#1280,#1241,#52,.T.);
#1103=EDGE_CURVE('',#1284,#1246,#53,.T.);
#1104=EDGE_CURVE('',#1277,#1225,#54,.T.);
#1105=EDGE_CURVE('',#1278,#1240,#55,.T.);
#1106=EDGE_CURVE('',#1226,#1238,#56,.T.);
#1107=EDGE_CURVE('',#1274,#1223,#57,.T.);
#1108=EDGE_CURVE('',#1275,#1224,#58,.T.);
#1109=EDGE_CURVE('',#1272,#1222,#59,.T.);
#1110=EDGE_CURVE('',#1229,#1234,#60,.T.);
#1111=EDGE_CURVE('',#1271,#1232,#61,.T.);
#1112=EDGE_CURVE('',#1268,#1230,#62,.T.);
#1113=EDGE_CURVE('',#1281,#1243,#63,.T.);
#1114=EDGE_CURVE('',#1227,#1237,#64,.T.);
#1115=EDGE_CURVE('',#1228,#1235,#65,.T.);
#1116=EDGE_CURVE('',#1310,#1310,#279,.T.);
#1117=EDGE_CURVE('',#1311,#1311,#1413,.T.);
#1118=EDGE_CURVE('',#1312,#1312,#1414,.T.);
#1119=EDGE_CURVE('',#1313,#1313,#1415,.F.);
#1120=EDGE_CURVE('',#1314,#1314,#1416,.T.);
#1121=EDGE_CURVE('',#1315,#1315,#280,.T.);
#1122=EDGE_CURVE('',#1316,#1316,#1417,.T.);
#1123=EDGE_CURVE('',#1317,#1317,#1418,.T.);
#1124=EDGE_CURVE('',#1318,#1318,#1419,.T.);
#1125=EDGE_CURVE('',#1319,#1319,#1420,.T.);
#1126=EDGE_CURVE('',#1320,#1320,#1421,.T.);
#1127=EDGE_CURVE('',#1321,#1321,#1422,.F.);
#1128=EDGE_CURVE('',#1322,#1322,#1423,.T.);
#1129=EDGE_CURVE('',#1323,#1323,#1424,.T.);
#1130=EDGE_CURVE('',#1324,#1324,#1425,.T.);
#1131=EDGE_CURVE('',#1325,#1325,#1426,.T.);
#1132=EDGE_CURVE('',#1326,#1326,#1427,.T.);
#1133=EDGE_CURVE('',#1327,#1327,#1428,.T.);
#1134=VERTEX_POINT('',#2821);
#1135=VERTEX_POINT('',#2823);
#1136=VERTEX_POINT('',#2826);
#1137=VERTEX_POINT('',#2828);
#1138=VERTEX_POINT('',#2831);
#1139=VERTEX_POINT('',#2833);
#1140=VERTEX_POINT('',#2836);
#1141=VERTEX_POINT('',#2838);
#1142=VERTEX_POINT('',#2841);
#1143=VERTEX_POINT('',#2843);
#1144=VERTEX_POINT('',#2846);
#1145=VERTEX_POINT('',#2848);
#1146=VERTEX_POINT('',#2851);
#1147=VERTEX_POINT('',#2854);
#1148=VERTEX_POINT('',#2855);
#1149=VERTEX_POINT('',#2857);
#1150=VERTEX_POINT('',#2859);
#1151=VERTEX_POINT('',#2861);
#1152=VERTEX_POINT('',#2863);
#1153=VERTEX_POINT('',#2865);
#1154=VERTEX_POINT('',#2867);
#1155=VERTEX_POINT('',#2871);
#1156=VERTEX_POINT('',#2882);
#1157=VERTEX_POINT('',#2893);
#1158=VERTEX_POINT('',#2904);
#1159=VERTEX_POINT('',#2928);
#1160=VERTEX_POINT('',#2930);
#1161=VERTEX_POINT('',#2932);
#1162=VERTEX_POINT('',#2935);
#1163=VERTEX_POINT('',#2937);
#1164=VERTEX_POINT('',#2957);
#1165=VERTEX_POINT('',#2960);
#1166=VERTEX_POINT('',#2963);
#1167=VERTEX_POINT('',#2966);
#1168=VERTEX_POINT('',#2969);
#1169=VERTEX_POINT('',#2976);
#1170=VERTEX_POINT('',#2977);
#1171=VERTEX_POINT('',#2979);
#1172=VERTEX_POINT('',#2981);
#1173=VERTEX_POINT('',#2985);
#1174=VERTEX_POINT('',#2986);
#1175=VERTEX_POINT('',#2988);
#1176=VERTEX_POINT('',#2990);
#1177=VERTEX_POINT('',#2997);
#1178=VERTEX_POINT('',#2998);
#1179=VERTEX_POINT('',#3003);
#1180=VERTEX_POINT('',#3005);
#1181=VERTEX_POINT('',#3009);
#1182=VERTEX_POINT('',#3010);
#1183=VERTEX_POINT('',#3012);
#1184=VERTEX_POINT('',#3014);
#1185=VERTEX_POINT('',#3021);
#1186=VERTEX_POINT('',#3022);
#1187=VERTEX_POINT('',#3027);
#1188=VERTEX_POINT('',#3029);
#1189=VERTEX_POINT('',#3033);
#1190=VERTEX_POINT('',#3034);
#1191=VERTEX_POINT('',#3036);
#1192=VERTEX_POINT('',#3038);
#1193=VERTEX_POINT('',#3042);
#1194=VERTEX_POINT('',#3043);
#1195=VERTEX_POINT('',#3045);
#1196=VERTEX_POINT('',#3047);
#1197=VERTEX_POINT('',#3051);
#1198=VERTEX_POINT('',#3052);
#1199=VERTEX_POINT('',#3054);
#1200=VERTEX_POINT('',#3056);
#1201=VERTEX_POINT('',#3060);
#1202=VERTEX_POINT('',#3061);
#1203=VERTEX_POINT('',#3063);
#1204=VERTEX_POINT('',#3065);
#1205=VERTEX_POINT('',#3069);
#1206=VERTEX_POINT('',#3070);
#1207=VERTEX_POINT('',#3072);
#1208=VERTEX_POINT('',#3074);
#1209=VERTEX_POINT('',#3078);
#1210=VERTEX_POINT('',#3079);
#1211=VERTEX_POINT('',#3081);
#1212=VERTEX_POINT('',#3083);
#1213=VERTEX_POINT('',#3087);
#1214=VERTEX_POINT('',#3088);
#1215=VERTEX_POINT('',#3090);
#1216=VERTEX_POINT('',#3092);
#1217=VERTEX_POINT('',#3096);
#1218=VERTEX_POINT('',#3097);
#1219=VERTEX_POINT('',#3099);
#1220=VERTEX_POINT('',#3101);
#1221=VERTEX_POINT('',#3105);
#1222=VERTEX_POINT('',#3111);
#1223=VERTEX_POINT('',#3116);
#1224=VERTEX_POINT('',#3122);
#1225=VERTEX_POINT('',#3132);
#1226=VERTEX_POINT('',#3142);
#1227=VERTEX_POINT('',#3152);
#1228=VERTEX_POINT('',#3158);
#1229=VERTEX_POINT('',#3168);
#1230=VERTEX_POINT('',#3183);
#1231=VERTEX_POINT('',#3184);
#1232=VERTEX_POINT('',#3195);
#1233=VERTEX_POINT('',#3200);
#1234=VERTEX_POINT('',#3207);
#1235=VERTEX_POINT('',#3218);
#1236=VERTEX_POINT('',#3223);
#1237=VERTEX_POINT('',#3230);
#1238=VERTEX_POINT('',#3241);
#1239=VERTEX_POINT('',#3246);
#1240=VERTEX_POINT('',#3253);
#1241=VERTEX_POINT('',#3264);
#1242=VERTEX_POINT('',#3269);
#1243=VERTEX_POINT('',#3276);
#1244=VERTEX_POINT('',#3278);
#1245=VERTEX_POINT('',#3283);
#1246=VERTEX_POINT('',#3299);
#1247=VERTEX_POINT('',#3310);
#1248=VERTEX_POINT('',#3315);
#1249=VERTEX_POINT('',#3322);
#1250=VERTEX_POINT('',#3333);
#1251=VERTEX_POINT('',#3338);
#1252=VERTEX_POINT('',#3345);
#1253=VERTEX_POINT('',#3356);
#1254=VERTEX_POINT('',#3361);
#1255=VERTEX_POINT('',#3368);
#1256=VERTEX_POINT('',#3379);
#1257=VERTEX_POINT('',#3384);
#1258=VERTEX_POINT('',#3391);
#1259=VERTEX_POINT('',#3393);
#1260=VERTEX_POINT('',#3398);
#1261=VERTEX_POINT('',#3414);
#1262=VERTEX_POINT('',#3416);
#1263=VERTEX_POINT('',#3421);
#1264=VERTEX_POINT('',#3437);
#1265=VERTEX_POINT('',#3443);
#1266=VERTEX_POINT('',#3449);
#1267=VERTEX_POINT('',#3451);
#1268=VERTEX_POINT('',#3463);
#1269=VERTEX_POINT('',#3468);
#1270=VERTEX_POINT('',#3470);
#1271=VERTEX_POINT('',#3475);
#1272=VERTEX_POINT('',#3487);
#1273=VERTEX_POINT('',#3493);
#1274=VERTEX_POINT('',#3498);
#1275=VERTEX_POINT('',#3510);
#1276=VERTEX_POINT('',#3516);
#1277=VERTEX_POINT('',#3521);
#1278=VERTEX_POINT('',#3533);
#1279=VERTEX_POINT('',#3539);
#1280=VERTEX_POINT('',#3544);
#1281=VERTEX_POINT('',#3555);
#1282=VERTEX_POINT('',#3566);
#1283=VERTEX_POINT('',#3571);
#1284=VERTEX_POINT('',#3579);
#1285=VERTEX_POINT('',#3585);
#1286=VERTEX_POINT('',#3590);
#1287=VERTEX_POINT('',#3602);
#1288=VERTEX_POINT('',#3608);
#1289=VERTEX_POINT('',#3613);
#1290=VERTEX_POINT('',#3625);
#1291=VERTEX_POINT('',#3631);
#1292=VERTEX_POINT('',#3636);
#1293=VERTEX_POINT('',#3648);
#1294=VERTEX_POINT('',#3654);
#1295=VERTEX_POINT('',#3659);
#1296=VERTEX_POINT('',#3670);
#1297=VERTEX_POINT('',#3681);
#1298=VERTEX_POINT('',#3686);
#1299=VERTEX_POINT('',#3693);
#1300=VERTEX_POINT('',#3704);
#1301=VERTEX_POINT('',#3709);
#1302=VERTEX_POINT('',#3716);
#1303=VERTEX_POINT('',#3722);
#1304=VERTEX_POINT('',#3724);
#1305=VERTEX_POINT('',#3730);
#1306=VERTEX_POINT('',#3748);
#1307=VERTEX_POINT('',#3750);
#1308=VERTEX_POINT('',#3752);
#1309=VERTEX_POINT('',#3760);
#1310=VERTEX_POINT('',#3844);
#1311=VERTEX_POINT('',#3846);
#1312=VERTEX_POINT('',#3848);
#1313=VERTEX_POINT('',#3851);
#1314=VERTEX_POINT('',#3853);
#1315=VERTEX_POINT('',#3873);
#1316=VERTEX_POINT('',#3876);
#1317=VERTEX_POINT('',#3878);
#1318=VERTEX_POINT('',#3880);
#1319=VERTEX_POINT('',#3882);
#1320=VERTEX_POINT('',#3884);
#1321=VERTEX_POINT('',#3887);
#1322=VERTEX_POINT('',#3890);
#1323=VERTEX_POINT('',#3893);
#1324=VERTEX_POINT('',#3899);
#1325=VERTEX_POINT('',#3903);
#1326=VERTEX_POINT('',#3907);
#1327=VERTEX_POINT('',#3911);
#1328=CIRCLE('',#2062,0.001);
#1329=CIRCLE('',#2063,0.001);
#1330=CIRCLE('',#2065,0.001);
#1331=CIRCLE('',#2066,0.001);
#1332=CIRCLE('',#2068,0.001);
#1333=CIRCLE('',#2069,0.001);
#1334=CIRCLE('',#2071,0.001);
#1335=CIRCLE('',#2072,0.001);
#1336=CIRCLE('',#2074,0.01115);
#1337=CIRCLE('',#2075,0.01115);
#1338=CIRCLE('',#2077,0.00615);
#1339=CIRCLE('',#2078,0.00615);
#1340=CIRCLE('',#2080,0.01015);
#1341=CIRCLE('',#2082,0.002);
#1342=CIRCLE('',#2083,0.01015);
#1343=CIRCLE('',#2084,0.002);
#1344=CIRCLE('',#2085,0.01015);
#1345=CIRCLE('',#2086,0.002);
#1346=CIRCLE('',#2087,0.01015);
#1347=CIRCLE('',#2088,0.002);
#1348=CIRCLE('',#2089,0.01015);
#1349=CIRCLE('',#2091,0.002);
#1350=CIRCLE('',#2094,0.002);
#1351=CIRCLE('',#2097,0.002);
#1352=CIRCLE('',#2100,0.002);
#1353=CIRCLE('',#2106,0.00615);
#1354=CIRCLE('',#2107,0.00615);
#1355=CIRCLE('',#2109,0.01115);
#1356=CIRCLE('',#2110,0.01115);
#1357=CIRCLE('',#2112,0.01015);
#1358=CIRCLE('',#2114,0.01015);
#1359=CIRCLE('',#2116,0.005);
#1360=CIRCLE('',#2118,0.002);
#1361=CIRCLE('',#2124,0.01115);
#1362=CIRCLE('',#2125,0.01115);
#1363=CIRCLE('',#2127,0.01115);
#1364=CIRCLE('',#2129,0.01115);
#1365=CIRCLE('',#2131,0.01115);
#1366=CIRCLE('',#2133,0.01115);
#1367=CIRCLE('',#2135,0.01115);
#1368=CIRCLE('',#2136,0.01115);
#1369=CIRCLE('',#2138,0.01115);
#1370=CIRCLE('',#2139,0.01115);
#1371=CIRCLE('',#2141,0.01115);
#1372=CIRCLE('',#2142,0.01115);
#1373=CIRCLE('',#2144,0.01115);
#1374=CIRCLE('',#2145,0.01115);
#1375=CIRCLE('',#2147,0.01115);
#1376=CIRCLE('',#2148,0.01115);
#1377=CIRCLE('',#2150,0.01115);
#1378=CIRCLE('',#2151,0.01115);
#1379=CIRCLE('',#2153,0.01115);
#1380=CIRCLE('',#2154,0.01115);
#1381=CIRCLE('',#2156,0.01115);
#1382=CIRCLE('',#2157,0.01115);
#1383=CIRCLE('',#2159,0.005);
#1384=CIRCLE('',#2161,0.01015);
#1385=CIRCLE('',#2163,0.01015);
#1386=CIRCLE('',#2165,0.01015);
#1387=CIRCLE('',#2167,0.01015);
#1388=CIRCLE('',#2169,0.01015);
#1389=CIRCLE('',#2171,0.01015);
#1390=CIRCLE('',#2173,0.01015);
#1391=CIRCLE('',#2175,0.01015);
#1392=CIRCLE('',#2177,0.01015);
#1393=CIRCLE('',#2179,0.01015);
#1394=CIRCLE('',#2181,0.01015);
#1395=CIRCLE('',#2183,0.01015);
#1396=CIRCLE('',#2184,0.01115);
#1397=CIRCLE('',#2186,0.01015);
#1398=CIRCLE('',#2188,0.01015);
#1399=CIRCLE('',#2190,0.01015);
#1400=CIRCLE('',#2192,0.01015);
#1401=CIRCLE('',#2194,0.01015);
#1402=CIRCLE('',#2196,0.01015);
#1403=CIRCLE('',#2198,0.01015);
#1404=CIRCLE('',#2200,0.01015);
#1405=CIRCLE('',#2202,0.01015);
#1406=CIRCLE('',#2204,0.01015);
#1407=CIRCLE('',#2206,0.01015);
#1408=CIRCLE('',#2208,0.01115);
#1409=CIRCLE('',#2209,0.01015);
#1410=CIRCLE('',#2211,0.00615);
#1411=CIRCLE('',#2212,0.00615);
#1412=CIRCLE('',#2217,0.002);
#1413=CIRCLE('',#2262,0.00615);
#1414=CIRCLE('',#2263,0.00615);
#1415=CIRCLE('',#2265,0.01115);
#1416=CIRCLE('',#2266,0.01115);
#1417=CIRCLE('',#2268,0.0012);
#1418=CIRCLE('',#2269,0.0012);
#1419=CIRCLE('',#2270,0.0012);
#1420=CIRCLE('',#2271,0.0012);
#1421=CIRCLE('',#2272,0.01015);
#1422=CIRCLE('',#2274,0.01015);
#1423=CIRCLE('',#2276,0.005);
#1424=CIRCLE('',#2278,0.002);
#1425=CIRCLE('',#2283,0.0012);
#1426=CIRCLE('',#2286,0.0012);
#1427=CIRCLE('',#2289,0.0012);
#1428=CIRCLE('',#2292,0.0012);
#1429=EDGE_LOOP('',(#300));
#1430=EDGE_LOOP('',(#301));
#1431=EDGE_LOOP('',(#302));
#1432=EDGE_LOOP('',(#303));
#1433=EDGE_LOOP('',(#304));
#1434=EDGE_LOOP('',(#305));
#1435=EDGE_LOOP('',(#306));
#1436=EDGE_LOOP('',(#307));
#1437=EDGE_LOOP('',(#308));
#1438=EDGE_LOOP('',(#309));
#1439=EDGE_LOOP('',(#310));
#1440=EDGE_LOOP('',(#311));
#1441=EDGE_LOOP('',(#312));
#1442=EDGE_LOOP('',(#313));
#1443=EDGE_LOOP('',(#314));
#1444=EDGE_LOOP('',(#315));
#1445=EDGE_LOOP('',(#316));
#1446=EDGE_LOOP('',(#317));
#1447=EDGE_LOOP('',(#318,#319,#320,#321,#322,#323,#324,#325));
#1448=EDGE_LOOP('',(#326));
#1449=EDGE_LOOP('',(#327));
#1450=EDGE_LOOP('',(#328,#329));
#1451=EDGE_LOOP('',(#330));
#1452=EDGE_LOOP('',(#331));
#1453=EDGE_LOOP('',(#332));
#1454=EDGE_LOOP('',(#333,#334));
#1455=EDGE_LOOP('',(#335));
#1456=EDGE_LOOP('',(#336));
#1457=EDGE_LOOP('',(#337));
#1458=EDGE_LOOP('',(#338,#339));
#1459=EDGE_LOOP('',(#340));
#1460=EDGE_LOOP('',(#341));
#1461=EDGE_LOOP('',(#342));
#1462=EDGE_LOOP('',(#343,#344));
#1463=EDGE_LOOP('',(#345));
#1464=EDGE_LOOP('',(#346));
#1465=EDGE_LOOP('',(#347));
#1466=EDGE_LOOP('',(#348));
#1467=EDGE_LOOP('',(#349));
#1468=EDGE_LOOP('',(#350,#351,#352,#353,#354,#355,#356,#357));
#1469=EDGE_LOOP('',(#358));
#1470=EDGE_LOOP('',(#359));
#1471=EDGE_LOOP('',(#360));
#1472=EDGE_LOOP('',(#361));
#1473=EDGE_LOOP('',(#362));
#1474=EDGE_LOOP('',(#363));
#1475=EDGE_LOOP('',(#364));
#1476=EDGE_LOOP('',(#365));
#1477=EDGE_LOOP('',(#366));
#1478=EDGE_LOOP('',(#367));
#1479=EDGE_LOOP('',(#368));
#1480=EDGE_LOOP('',(#369));
#1481=EDGE_LOOP('',(#370));
#1482=EDGE_LOOP('',(#371));
#1483=EDGE_LOOP('',(#372));
#1484=EDGE_LOOP('',(#373));
#1485=EDGE_LOOP('',(#374));
#1486=EDGE_LOOP('',(#375));
#1487=EDGE_LOOP('',(#376));
#1488=EDGE_LOOP('',(#377));
#1489=EDGE_LOOP('',(#378,#379,#380,#381));
#1490=EDGE_LOOP('',(#382,#383,#384,#385));
#1491=EDGE_LOOP('',(#386,#387,#388,#389));
#1492=EDGE_LOOP('',(#390,#391,#392,#393));
#1493=EDGE_LOOP('',(#394,#395,#396,#397));
#1494=EDGE_LOOP('',(#398,#399,#400,#401));
#1495=EDGE_LOOP('',(#402,#403,#404,#405));
#1496=EDGE_LOOP('',(#406,#407,#408,#409));
#1497=EDGE_LOOP('',(#410,#411,#412,#413));
#1498=EDGE_LOOP('',(#414,#415,#416,#417));
#1499=EDGE_LOOP('',(#418,#419,#420,#421));
#1500=EDGE_LOOP('',(#422,#423,#424,#425));
#1501=EDGE_LOOP('',(#426,#427,#428,#429));
#1502=EDGE_LOOP('',(#430));
#1503=EDGE_LOOP('',(#431,#432,#433,#434,#435,#436,#437,#438,#439,#440,#441,
#442,#443,#444,#445,#446));
#1504=EDGE_LOOP('',(#447,#448,#449,#450,#451,#452));
#1505=EDGE_LOOP('',(#453,#454,#455,#456,#457,#458));
#1506=EDGE_LOOP('',(#459,#460,#461,#462,#463,#464));
#1507=EDGE_LOOP('',(#465,#466,#467,#468,#469,#470));
#1508=EDGE_LOOP('',(#471,#472,#473,#474,#475,#476));
#1509=EDGE_LOOP('',(#477,#478,#479,#480,#481,#482));
#1510=EDGE_LOOP('',(#483,#484,#485,#486,#487,#488));
#1511=EDGE_LOOP('',(#489,#490,#491,#492,#493,#494));
#1512=EDGE_LOOP('',(#495,#496,#497,#498,#499,#500));
#1513=EDGE_LOOP('',(#501,#502,#503,#504,#505,#506));
#1514=EDGE_LOOP('',(#507,#508,#509,#510,#511,#512));
#1515=EDGE_LOOP('',(#513,#514,#515,#516,#517,#518));
#1516=EDGE_LOOP('',(#519,#520,#521,#522,#523,#524));
#1517=EDGE_LOOP('',(#525,#526,#527,#528,#529,#530));
#1518=EDGE_LOOP('',(#531,#532,#533,#534,#535,#536));
#1519=EDGE_LOOP('',(#537,#538,#539,#540,#541,#542));
#1520=EDGE_LOOP('',(#543,#544,#545,#546,#547,#548));
#1521=EDGE_LOOP('',(#549,#550,#551,#552,#553,#554));
#1522=EDGE_LOOP('',(#555,#556,#557,#558,#559,#560));
#1523=EDGE_LOOP('',(#561,#562,#563,#564,#565,#566));
#1524=EDGE_LOOP('',(#567,#568,#569,#570,#571,#572));
#1525=EDGE_LOOP('',(#573,#574,#575,#576,#577,#578));
#1526=EDGE_LOOP('',(#579,#580,#581,#582,#583,#584));
#1527=EDGE_LOOP('',(#585,#586,#587,#588,#589,#590));
#1528=EDGE_LOOP('',(#591));
#1529=EDGE_LOOP('',(#592));
#1530=EDGE_LOOP('',(#593));
#1531=EDGE_LOOP('',(#594,#595,#596,#597));
#1532=EDGE_LOOP('',(#598,#599,#600,#601,#602,#603,#604,#605,#606,#607,#608,
#609));
#1533=EDGE_LOOP('',(#610));
#1534=EDGE_LOOP('',(#611,#612,#613,#614,#615,#616,#617,#618,#619,#620,#621,
#622));
#1535=EDGE_LOOP('',(#623));
#1536=EDGE_LOOP('',(#624));
#1537=EDGE_LOOP('',(#625));
#1538=EDGE_LOOP('',(#626));
#1539=EDGE_LOOP('',(#627));
#1540=EDGE_LOOP('',(#628,#629,#630,#631));
#1541=EDGE_LOOP('',(#632,#633,#634,#635));
#1542=EDGE_LOOP('',(#636,#637,#638,#639,#640,#641));
#1543=EDGE_LOOP('',(#642,#643,#644,#645));
#1544=EDGE_LOOP('',(#646,#647,#648,#649,#650,#651));
#1545=EDGE_LOOP('',(#652,#653,#654,#655));
#1546=EDGE_LOOP('',(#656,#657,#658,#659));
#1547=EDGE_LOOP('',(#660,#661,#662,#663,#664,#665));
#1548=EDGE_LOOP('',(#666,#667,#668,#669));
#1549=EDGE_LOOP('',(#670,#671,#672,#673));
#1550=EDGE_LOOP('',(#674,#675,#676,#677,#678,#679));
#1551=EDGE_LOOP('',(#680,#681,#682,#683));
#1552=EDGE_LOOP('',(#684,#685,#686,#687));
#1553=EDGE_LOOP('',(#688,#689,#690,#691,#692,#693));
#1554=EDGE_LOOP('',(#694,#695,#696,#697));
#1555=EDGE_LOOP('',(#698,#699,#700,#701));
#1556=EDGE_LOOP('',(#702,#703,#704,#705,#706,#707));
#1557=EDGE_LOOP('',(#708,#709,#710,#711));
#1558=EDGE_LOOP('',(#712,#713,#714,#715));
#1559=EDGE_LOOP('',(#716,#717,#718,#719,#720,#721));
#1560=EDGE_LOOP('',(#722,#723,#724,#725));
#1561=EDGE_LOOP('',(#726,#727,#728,#729));
#1562=EDGE_LOOP('',(#730,#731,#732,#733));
#1563=EDGE_LOOP('',(#734,#735,#736,#737,#738,#739));
#1564=EDGE_LOOP('',(#740,#741,#742,#743,#744,#745,#746,#747));
#1565=EDGE_LOOP('',(#748,#749,#750,#751));
#1566=EDGE_LOOP('',(#752,#753,#754,#755));
#1567=EDGE_LOOP('',(#756,#757,#758,#759));
#1568=EDGE_LOOP('',(#760,#761,#762,#763));
#1569=EDGE_LOOP('',(#764,#765,#766,#767,#768));
#1570=EDGE_LOOP('',(#769,#770,#771,#772));
#1571=EDGE_LOOP('',(#773,#774,#775,#776));
#1572=EDGE_LOOP('',(#777,#778,#779,#780));
#1573=EDGE_LOOP('',(#781,#782,#783,#784,#785,#786,#787,#788));
#1574=EDGE_LOOP('',(#789,#790,#791,#792));
#1575=EDGE_LOOP('',(#793,#794,#795,#796));
#1576=EDGE_LOOP('',(#797,#798,#799,#800,#801,#802));
#1577=EDGE_LOOP('',(#803,#804,#805,#806));
#1578=EDGE_LOOP('',(#807,#808,#809,#810));
#1579=EDGE_LOOP('',(#811,#812,#813,#814,#815));
#1580=EDGE_LOOP('',(#816,#817,#818,#819));
#1581=EDGE_LOOP('',(#820));
#1582=EDGE_LOOP('',(#821));
#1583=EDGE_LOOP('',(#822));
#1584=EDGE_LOOP('',(#823));
#1585=EDGE_LOOP('',(#824));
#1586=EDGE_LOOP('',(#825));
#1587=EDGE_LOOP('',(#826));
#1588=EDGE_LOOP('',(#827));
#1589=EDGE_LOOP('',(#828));
#1590=EDGE_LOOP('',(#829));
#1591=EDGE_LOOP('',(#830));
#1592=EDGE_LOOP('',(#831));
#1593=EDGE_LOOP('',(#832));
#1594=EDGE_LOOP('',(#833));
#1595=EDGE_LOOP('',(#834));
#1596=EDGE_LOOP('',(#835));
#1597=EDGE_LOOP('',(#836));
#1598=EDGE_LOOP('',(#837));
#1599=EDGE_LOOP('',(#838));
#1600=EDGE_LOOP('',(#839));
#1601=EDGE_LOOP('',(#840));
#1602=EDGE_LOOP('',(#841));
#1603=EDGE_LOOP('',(#842));
#1604=EDGE_LOOP('',(#843));
#1605=EDGE_LOOP('',(#844));
#1606=EDGE_LOOP('',(#845));
#1607=EDGE_LOOP('',(#846));
#1608=EDGE_LOOP('',(#847));
#1609=EDGE_LOOP('',(#848));
#1610=EDGE_LOOP('',(#849));
#1611=EDGE_LOOP('',(#850));
#1612=EDGE_LOOP('',(#851));
#1613=EDGE_LOOP('',(#852));
#1614=EDGE_LOOP('',(#853));
#1615=EDGE_LOOP('',(#854));
#1616=EDGE_LOOP('',(#855));
#1617=FACE_BOUND('',#1429,.T.);
#1618=FACE_BOUND('',#1430,.T.);
#1619=FACE_BOUND('',#1431,.T.);
#1620=FACE_BOUND('',#1432,.T.);
#1621=FACE_BOUND('',#1433,.T.);
#1622=FACE_BOUND('',#1434,.T.);
#1623=FACE_BOUND('',#1435,.T.);
#1624=FACE_BOUND('',#1436,.T.);
#1625=FACE_BOUND('',#1437,.T.);
#1626=FACE_BOUND('',#1438,.T.);
#1627=FACE_BOUND('',#1439,.T.);
#1628=FACE_BOUND('',#1440,.T.);
#1629=FACE_BOUND('',#1441,.T.);
#1630=FACE_BOUND('',#1442,.T.);
#1631=FACE_BOUND('',#1443,.T.);
#1632=FACE_BOUND('',#1444,.T.);
#1633=FACE_BOUND('',#1445,.T.);
#1634=FACE_BOUND('',#1446,.T.);
#1635=FACE_BOUND('',#1447,.T.);
#1636=FACE_BOUND('',#1448,.T.);
#1637=FACE_BOUND('',#1449,.T.);
#1638=FACE_BOUND('',#1450,.T.);
#1639=FACE_BOUND('',#1451,.T.);
#1640=FACE_BOUND('',#1452,.T.);
#1641=FACE_BOUND('',#1453,.T.);
#1642=FACE_BOUND('',#1454,.T.);
#1643=FACE_BOUND('',#1455,.T.);
#1644=FACE_BOUND('',#1456,.T.);
#1645=FACE_BOUND('',#1457,.T.);
#1646=FACE_BOUND('',#1458,.T.);
#1647=FACE_BOUND('',#1459,.T.);
#1648=FACE_BOUND('',#1460,.T.);
#1649=FACE_BOUND('',#1461,.T.);
#1650=FACE_BOUND('',#1462,.T.);
#1651=FACE_BOUND('',#1463,.T.);
#1652=FACE_BOUND('',#1464,.T.);
#1653=FACE_BOUND('',#1465,.T.);
#1654=FACE_BOUND('',#1466,.T.);
#1655=FACE_BOUND('',#1467,.T.);
#1656=FACE_BOUND('',#1468,.T.);
#1657=FACE_BOUND('',#1469,.T.);
#1658=FACE_BOUND('',#1470,.T.);
#1659=FACE_BOUND('',#1471,.T.);
#1660=FACE_BOUND('',#1472,.T.);
#1661=FACE_BOUND('',#1473,.T.);
#1662=FACE_BOUND('',#1474,.T.);
#1663=FACE_BOUND('',#1475,.T.);
#1664=FACE_BOUND('',#1476,.T.);
#1665=FACE_BOUND('',#1477,.T.);
#1666=FACE_BOUND('',#1478,.T.);
#1667=FACE_BOUND('',#1479,.T.);
#1668=FACE_BOUND('',#1480,.T.);
#1669=FACE_BOUND('',#1481,.T.);
#1670=FACE_BOUND('',#1482,.T.);
#1671=FACE_BOUND('',#1483,.T.);
#1672=FACE_BOUND('',#1484,.T.);
#1673=FACE_BOUND('',#1485,.T.);
#1674=FACE_BOUND('',#1486,.T.);
#1675=FACE_BOUND('',#1487,.T.);
#1676=FACE_BOUND('',#1488,.T.);
#1677=FACE_BOUND('',#1489,.T.);
#1678=FACE_BOUND('',#1490,.T.);
#1679=FACE_BOUND('',#1491,.T.);
#1680=FACE_BOUND('',#1492,.T.);
#1681=FACE_BOUND('',#1493,.T.);
#1682=FACE_BOUND('',#1494,.T.);
#1683=FACE_BOUND('',#1495,.T.);
#1684=FACE_BOUND('',#1496,.T.);
#1685=FACE_BOUND('',#1497,.T.);
#1686=FACE_BOUND('',#1498,.T.);
#1687=FACE_BOUND('',#1499,.T.);
#1688=FACE_BOUND('',#1500,.T.);
#1689=FACE_BOUND('',#1501,.T.);
#1690=FACE_BOUND('',#1502,.T.);
#1691=FACE_BOUND('',#1503,.T.);
#1692=FACE_BOUND('',#1504,.T.);
#1693=FACE_BOUND('',#1505,.T.);
#1694=FACE_BOUND('',#1506,.T.);
#1695=FACE_BOUND('',#1507,.T.);
#1696=FACE_BOUND('',#1508,.T.);
#1697=FACE_BOUND('',#1509,.T.);
#1698=FACE_BOUND('',#1510,.T.);
#1699=FACE_BOUND('',#1511,.T.);
#1700=FACE_BOUND('',#1512,.T.);
#1701=FACE_BOUND('',#1513,.T.);
#1702=FACE_BOUND('',#1514,.T.);
#1703=FACE_BOUND('',#1515,.T.);
#1704=FACE_BOUND('',#1516,.T.);
#1705=FACE_BOUND('',#1517,.T.);
#1706=FACE_BOUND('',#1518,.T.);
#1707=FACE_BOUND('',#1519,.T.);
#1708=FACE_BOUND('',#1520,.T.);
#1709=FACE_BOUND('',#1521,.T.);
#1710=FACE_BOUND('',#1522,.T.);
#1711=FACE_BOUND('',#1523,.T.);
#1712=FACE_BOUND('',#1524,.T.);
#1713=FACE_BOUND('',#1525,.T.);
#1714=FACE_BOUND('',#1526,.T.);
#1715=FACE_BOUND('',#1527,.T.);
#1716=FACE_BOUND('',#1528,.T.);
#1717=FACE_BOUND('',#1529,.T.);
#1718=FACE_BOUND('',#1530,.T.);
#1719=FACE_BOUND('',#1531,.T.);
#1720=FACE_BOUND('',#1532,.T.);
#1721=FACE_BOUND('',#1533,.T.);
#1722=FACE_BOUND('',#1534,.T.);
#1723=FACE_BOUND('',#1535,.T.);
#1724=FACE_BOUND('',#1536,.T.);
#1725=FACE_BOUND('',#1537,.T.);
#1726=FACE_BOUND('',#1538,.T.);
#1727=FACE_BOUND('',#1539,.T.);
#1728=FACE_BOUND('',#1540,.T.);
#1729=FACE_BOUND('',#1541,.T.);
#1730=FACE_BOUND('',#1542,.T.);
#1731=FACE_BOUND('',#1543,.T.);
#1732=FACE_BOUND('',#1544,.T.);
#1733=FACE_BOUND('',#1545,.T.);
#1734=FACE_BOUND('',#1546,.T.);
#1735=FACE_BOUND('',#1547,.T.);
#1736=FACE_BOUND('',#1548,.T.);
#1737=FACE_BOUND('',#1549,.T.);
#1738=FACE_BOUND('',#1550,.T.);
#1739=FACE_BOUND('',#1551,.T.);
#1740=FACE_BOUND('',#1552,.T.);
#1741=FACE_BOUND('',#1553,.T.);
#1742=FACE_BOUND('',#1554,.T.);
#1743=FACE_BOUND('',#1555,.T.);
#1744=FACE_BOUND('',#1556,.T.);
#1745=FACE_BOUND('',#1557,.T.);
#1746=FACE_BOUND('',#1558,.T.);
#1747=FACE_BOUND('',#1559,.T.);
#1748=FACE_BOUND('',#1560,.T.);
#1749=FACE_BOUND('',#1561,.T.);
#1750=FACE_BOUND('',#1562,.T.);
#1751=FACE_BOUND('',#1563,.T.);
#1752=FACE_BOUND('',#1564,.T.);
#1753=FACE_BOUND('',#1565,.T.);
#1754=FACE_BOUND('',#1566,.T.);
#1755=FACE_BOUND('',#1567,.T.);
#1756=FACE_BOUND('',#1568,.T.);
#1757=FACE_BOUND('',#1569,.T.);
#1758=FACE_BOUND('',#1570,.T.);
#1759=FACE_BOUND('',#1571,.T.);
#1760=FACE_BOUND('',#1572,.T.);
#1761=FACE_BOUND('',#1573,.T.);
#1762=FACE_BOUND('',#1574,.T.);
#1763=FACE_BOUND('',#1575,.T.);
#1764=FACE_BOUND('',#1576,.T.);
#1765=FACE_BOUND('',#1577,.T.);
#1766=FACE_BOUND('',#1578,.T.);
#1767=FACE_BOUND('',#1579,.T.);
#1768=FACE_BOUND('',#1580,.T.);
#1769=FACE_BOUND('',#1581,.T.);
#1770=FACE_BOUND('',#1582,.T.);
#1771=FACE_BOUND('',#1583,.T.);
#1772=FACE_BOUND('',#1584,.T.);
#1773=FACE_BOUND('',#1585,.T.);
#1774=FACE_BOUND('',#1586,.T.);
#1775=FACE_BOUND('',#1587,.T.);
#1776=FACE_BOUND('',#1588,.T.);
#1777=FACE_BOUND('',#1589,.T.);
#1778=FACE_BOUND('',#1590,.T.);
#1779=FACE_BOUND('',#1591,.T.);
#1780=FACE_BOUND('',#1592,.T.);
#1781=FACE_BOUND('',#1593,.T.);
#1782=FACE_BOUND('',#1594,.T.);
#1783=FACE_BOUND('',#1595,.T.);
#1784=FACE_BOUND('',#1596,.T.);
#1785=FACE_BOUND('',#1597,.T.);
#1786=FACE_BOUND('',#1598,.T.);
#1787=FACE_BOUND('',#1599,.T.);
#1788=FACE_BOUND('',#1600,.T.);
#1789=FACE_BOUND('',#1601,.T.);
#1790=FACE_BOUND('',#1602,.T.);
#1791=FACE_BOUND('',#1603,.T.);
#1792=FACE_BOUND('',#1604,.T.);
#1793=FACE_BOUND('',#1605,.T.);
#1794=FACE_BOUND('',#1606,.T.);
#1795=FACE_BOUND('',#1607,.T.);
#1796=FACE_BOUND('',#1608,.T.);
#1797=FACE_BOUND('',#1609,.T.);
#1798=FACE_BOUND('',#1610,.T.);
#1799=FACE_BOUND('',#1611,.T.);
#1800=FACE_BOUND('',#1612,.T.);
#1801=FACE_BOUND('',#1613,.T.);
#1802=FACE_BOUND('',#1614,.T.);
#1803=FACE_BOUND('',#1615,.T.);
#1804=FACE_BOUND('',#1616,.T.);
#1805=CYLINDRICAL_SURFACE('',#2061,0.001);
#1806=CYLINDRICAL_SURFACE('',#2064,0.001);
#1807=CYLINDRICAL_SURFACE('',#2067,0.001);
#1808=CYLINDRICAL_SURFACE('',#2070,0.001);
#1809=CYLINDRICAL_SURFACE('',#2073,0.01115);
#1810=CYLINDRICAL_SURFACE('',#2076,0.00615);
#1811=CYLINDRICAL_SURFACE('',#2090,0.002);
#1812=CYLINDRICAL_SURFACE('',#2093,0.002);
#1813=CYLINDRICAL_SURFACE('',#2096,0.002);
#1814=CYLINDRICAL_SURFACE('',#2099,0.002);
#1815=CYLINDRICAL_SURFACE('',#2105,0.00615);
#1816=CYLINDRICAL_SURFACE('',#2108,0.01115);
#1817=CYLINDRICAL_SURFACE('',#2115,0.005);
#1818=CYLINDRICAL_SURFACE('',#2119,0.002);
#1819=CYLINDRICAL_SURFACE('',#2123,0.01115);
#1820=CYLINDRICAL_SURFACE('',#2126,0.01115);
#1821=CYLINDRICAL_SURFACE('',#2128,0.01115);
#1822=CYLINDRICAL_SURFACE('',#2130,0.01115);
#1823=CYLINDRICAL_SURFACE('',#2132,0.01115);
#1824=CYLINDRICAL_SURFACE('',#2134,0.01115);
#1825=CYLINDRICAL_SURFACE('',#2137,0.01115);
#1826=CYLINDRICAL_SURFACE('',#2140,0.01115);
#1827=CYLINDRICAL_SURFACE('',#2143,0.01115);
#1828=CYLINDRICAL_SURFACE('',#2146,0.01115);
#1829=CYLINDRICAL_SURFACE('',#2149,0.01115);
#1830=CYLINDRICAL_SURFACE('',#2152,0.01115);
#1831=CYLINDRICAL_SURFACE('',#2155,0.01115);
#1832=CYLINDRICAL_SURFACE('',#2158,0.005);
#1833=CYLINDRICAL_SURFACE('',#2210,0.00615);
#1834=CYLINDRICAL_SURFACE('',#2213,0.01115);
#1835=CYLINDRICAL_SURFACE('',#2218,0.002);
#1836=CYLINDRICAL_SURFACE('',#2219,0.002);
#1837=CYLINDRICAL_SURFACE('',#2220,0.002);
#1838=CYLINDRICAL_SURFACE('',#2221,0.001);
#1839=CYLINDRICAL_SURFACE('',#2222,0.002);
#1840=CYLINDRICAL_SURFACE('',#2223,0.001);
#1841=CYLINDRICAL_SURFACE('',#2224,0.002);
#1842=CYLINDRICAL_SURFACE('',#2225,0.002);
#1843=CYLINDRICAL_SURFACE('',#2226,0.001);
#1844=CYLINDRICAL_SURFACE('',#2227,0.002);
#1845=CYLINDRICAL_SURFACE('',#2228,0.002);
#1846=CYLINDRICAL_SURFACE('',#2229,0.001);
#1847=CYLINDRICAL_SURFACE('',#2230,0.002);
#1848=CYLINDRICAL_SURFACE('',#2231,0.002);
#1849=CYLINDRICAL_SURFACE('',#2232,0.001);
#1850=CYLINDRICAL_SURFACE('',#2233,0.002);
#1851=CYLINDRICAL_SURFACE('',#2234,0.002);
#1852=CYLINDRICAL_SURFACE('',#2235,0.001);
#1853=CYLINDRICAL_SURFACE('',#2236,0.002);
#1854=CYLINDRICAL_SURFACE('',#2237,0.002);
#1855=CYLINDRICAL_SURFACE('',#2238,0.001);
#1856=CYLINDRICAL_SURFACE('',#2239,0.00200000000000003);
#1857=CYLINDRICAL_SURFACE('',#2240,0.002);
#1858=CYLINDRICAL_SURFACE('',#2241,0.002);
#1859=CYLINDRICAL_SURFACE('',#2242,0.001);
#1860=CYLINDRICAL_SURFACE('',#2243,0.001);
#1861=CYLINDRICAL_SURFACE('',#2244,0.00200000000000003);
#1862=CYLINDRICAL_SURFACE('',#2245,0.00200000000000003);
#1863=CYLINDRICAL_SURFACE('',#2246,0.002);
#1864=CYLINDRICAL_SURFACE('',#2247,0.00200000000000003);
#1865=CYLINDRICAL_SURFACE('',#2248,0.001);
#1866=CYLINDRICAL_SURFACE('',#2249,0.002);
#1867=CYLINDRICAL_SURFACE('',#2250,0.002);
#1868=CYLINDRICAL_SURFACE('',#2251,0.002);
#1869=CYLINDRICAL_SURFACE('',#2252,0.001);
#1870=CYLINDRICAL_SURFACE('',#2253,0.002);
#1871=CYLINDRICAL_SURFACE('',#2254,0.002);
#1872=CYLINDRICAL_SURFACE('',#2255,0.001);
#1873=CYLINDRICAL_SURFACE('',#2256,0.00200000000000003);
#1874=CYLINDRICAL_SURFACE('',#2257,0.002);
#1875=CYLINDRICAL_SURFACE('',#2258,0.001);
#1876=CYLINDRICAL_SURFACE('',#2259,0.00200000000000003);
#1877=CYLINDRICAL_SURFACE('',#2261,0.00615);
#1878=CYLINDRICAL_SURFACE('',#2264,0.01115);
#1879=CYLINDRICAL_SURFACE('',#2275,0.005);
#1880=CYLINDRICAL_SURFACE('',#2279,0.002);
#1881=CYLINDRICAL_SURFACE('',#2282,0.0012);
#1882=CYLINDRICAL_SURFACE('',#2285,0.0012);
#1883=CYLINDRICAL_SURFACE('',#2288,0.0012);
#1884=CYLINDRICAL_SURFACE('',#2291,0.0012);
#1885=ADVANCED_FACE('',(#1617,#1618),#1805,.F.);
#1886=ADVANCED_FACE('',(#1619,#1620),#1806,.F.);
#1887=ADVANCED_FACE('',(#1621,#1622),#1807,.F.);
#1888=ADVANCED_FACE('',(#1623,#1624),#1808,.F.);
#1889=ADVANCED_FACE('',(#1625,#1626),#1809,.T.);
#1890=ADVANCED_FACE('',(#1627,#1628),#1810,.F.);
#1891=ADVANCED_FACE('',(#1629,#1630,#1631,#1632,#1633,#1634),#281,.F.);
#1892=ADVANCED_FACE('',(#1635,#1636),#282,.T.);
#1893=ADVANCED_FACE('',(#1637,#1638),#1811,.F.);
#1894=ADVANCED_FACE('',(#1639,#1640),#283,.T.);
#1895=ADVANCED_FACE('',(#1641,#1642),#1812,.F.);
#1896=ADVANCED_FACE('',(#1643,#1644),#284,.T.);
#1897=ADVANCED_FACE('',(#1645,#1646),#1813,.F.);
#1898=ADVANCED_FACE('',(#1647,#1648),#285,.T.);
#1899=ADVANCED_FACE('',(#1649,#1650),#1814,.F.);
#1900=ADVANCED_FACE('',(#1651,#1652),#286,.T.);
#1901=ADVANCED_FACE('',(#1653,#1654),#130,.T.);
#1902=ADVANCED_FACE('',(#1655,#1656),#131,.T.);
#1903=ADVANCED_FACE('',(#1657,#1658,#1659),#1815,.F.);
#1904=ADVANCED_FACE('',(#1660,#1661,#1662),#1816,.T.);
#1905=ADVANCED_FACE('',(#1663,#1664),#287,.T.);
#1906=ADVANCED_FACE('',(#1665,#1666),#288,.F.);
#1907=ADVANCED_FACE('',(#1667,#1668),#1817,.F.);
#1908=ADVANCED_FACE('',(#1669,#1670),#289,.T.);
#1909=ADVANCED_FACE('',(#1671,#1672),#1818,.F.);
#1910=ADVANCED_FACE('',(#1673,#1674),#132,.T.);
#1911=ADVANCED_FACE('',(#1675,#1676),#133,.T.);
#1912=ADVANCED_FACE('',(#1677),#1819,.T.);
#1913=ADVANCED_FACE('',(#1678),#1820,.T.);
#1914=ADVANCED_FACE('',(#1679),#1821,.T.);
#1915=ADVANCED_FACE('',(#1680),#1822,.T.);
#1916=ADVANCED_FACE('',(#1681),#1823,.T.);
#1917=ADVANCED_FACE('',(#1682),#1824,.T.);
#1918=ADVANCED_FACE('',(#1683),#1825,.T.);
#1919=ADVANCED_FACE('',(#1684),#1826,.T.);
#1920=ADVANCED_FACE('',(#1685),#1827,.T.);
#1921=ADVANCED_FACE('',(#1686),#1828,.T.);
#1922=ADVANCED_FACE('',(#1687),#1829,.T.);
#1923=ADVANCED_FACE('',(#1688),#1830,.T.);
#1924=ADVANCED_FACE('',(#1689),#1831,.T.);
#1925=ADVANCED_FACE('',(#1690,#1691),#1832,.F.);
#1926=ADVANCED_FACE('',(#1692),#134,.T.);
#1927=ADVANCED_FACE('',(#1693),#135,.T.);
#1928=ADVANCED_FACE('',(#1694),#136,.T.);
#1929=ADVANCED_FACE('',(#1695),#137,.T.);
#1930=ADVANCED_FACE('',(#1696),#138,.T.);
#1931=ADVANCED_FACE('',(#1697),#139,.T.);
#1932=ADVANCED_FACE('',(#1698),#140,.T.);
#1933=ADVANCED_FACE('',(#1699),#141,.T.);
#1934=ADVANCED_FACE('',(#1700),#142,.T.);
#1935=ADVANCED_FACE('',(#1701),#143,.T.);
#1936=ADVANCED_FACE('',(#1702),#144,.T.);
#1937=ADVANCED_FACE('',(#1703),#145,.T.);
#1938=ADVANCED_FACE('',(#1704),#146,.T.);
#1939=ADVANCED_FACE('',(#1705),#147,.T.);
#1940=ADVANCED_FACE('',(#1706),#148,.T.);
#1941=ADVANCED_FACE('',(#1707),#149,.T.);
#1942=ADVANCED_FACE('',(#1708),#150,.T.);
#1943=ADVANCED_FACE('',(#1709),#151,.T.);
#1944=ADVANCED_FACE('',(#1710),#152,.T.);
#1945=ADVANCED_FACE('',(#1711),#153,.T.);
#1946=ADVANCED_FACE('',(#1712),#154,.T.);
#1947=ADVANCED_FACE('',(#1713),#155,.T.);
#1948=ADVANCED_FACE('',(#1714),#156,.T.);
#1949=ADVANCED_FACE('',(#1715),#157,.T.);
#1950=ADVANCED_FACE('',(#1716,#1717,#1718),#1833,.F.);
#1951=ADVANCED_FACE('',(#1719),#1834,.T.);
#1952=ADVANCED_FACE('',(#1720,#1721),#290,.T.);
#1953=ADVANCED_FACE('',(#1722,#1723),#291,.F.);
#1954=ADVANCED_FACE('',(#1724,#1725),#292,.T.);
#1955=ADVANCED_FACE('',(#1726,#1727),#1835,.F.);
#1956=ADVANCED_FACE('',(#1728),#1836,.T.);
#1957=ADVANCED_FACE('',(#1729),#1837,.T.);
#1958=ADVANCED_FACE('',(#1730),#1838,.F.);
#1959=ADVANCED_FACE('',(#1731),#1839,.T.);
#1960=ADVANCED_FACE('',(#1732),#1840,.F.);
#1961=ADVANCED_FACE('',(#1733),#1841,.T.);
#1962=ADVANCED_FACE('',(#1734),#1842,.T.);
#1963=ADVANCED_FACE('',(#1735),#1843,.F.);
#1964=ADVANCED_FACE('',(#1736),#1844,.T.);
#1965=ADVANCED_FACE('',(#1737),#1845,.T.);
#1966=ADVANCED_FACE('',(#1738),#1846,.F.);
#1967=ADVANCED_FACE('',(#1739),#1847,.T.);
#1968=ADVANCED_FACE('',(#1740),#1848,.T.);
#1969=ADVANCED_FACE('',(#1741),#1849,.F.);
#1970=ADVANCED_FACE('',(#1742),#1850,.T.);
#1971=ADVANCED_FACE('',(#1743),#1851,.T.);
#1972=ADVANCED_FACE('',(#1744),#1852,.F.);
#1973=ADVANCED_FACE('',(#1745),#1853,.T.);
#1974=ADVANCED_FACE('',(#1746),#1854,.T.);
#1975=ADVANCED_FACE('',(#1747),#1855,.F.);
#1976=ADVANCED_FACE('',(#1748),#1856,.T.);
#1977=ADVANCED_FACE('',(#1749),#1857,.T.);
#1978=ADVANCED_FACE('',(#1750),#1858,.T.);
#1979=ADVANCED_FACE('',(#1751),#1859,.F.);
#1980=ADVANCED_FACE('',(#1752),#1860,.F.);
#1981=ADVANCED_FACE('',(#1753),#1861,.T.);
#1982=ADVANCED_FACE('',(#1754),#1862,.T.);
#1983=ADVANCED_FACE('',(#1755),#1863,.T.);
#1984=ADVANCED_FACE('',(#1756),#1864,.T.);
#1985=ADVANCED_FACE('',(#1757),#1865,.F.);
#1986=ADVANCED_FACE('',(#1758),#1866,.T.);
#1987=ADVANCED_FACE('',(#1759),#1867,.T.);
#1988=ADVANCED_FACE('',(#1760),#1868,.T.);
#1989=ADVANCED_FACE('',(#1761),#1869,.F.);
#1990=ADVANCED_FACE('',(#1762),#1870,.T.);
#1991=ADVANCED_FACE('',(#1763),#1871,.T.);
#1992=ADVANCED_FACE('',(#1764),#1872,.F.);
#1993=ADVANCED_FACE('',(#1765),#1873,.T.);
#1994=ADVANCED_FACE('',(#1766),#1874,.T.);
#1995=ADVANCED_FACE('',(#1767),#1875,.F.);
#1996=ADVANCED_FACE('',(#1768),#1876,.T.);
#1997=ADVANCED_FACE('',(#1769,#1770,#1771),#1877,.F.);
#1998=ADVANCED_FACE('',(#1772,#1773,#1774),#1878,.T.);
#1999=ADVANCED_FACE('',(#1775,#1776,#1777,#1778,#1779,#1780),#293,.T.);
#2000=ADVANCED_FACE('',(#1781,#1782),#294,.F.);
#2001=ADVANCED_FACE('',(#1783,#1784),#1879,.F.);
#2002=ADVANCED_FACE('',(#1785,#1786),#295,.T.);
#2003=ADVANCED_FACE('',(#1787,#1788),#1880,.F.);
#2004=ADVANCED_FACE('',(#1789,#1790),#158,.T.);
#2005=ADVANCED_FACE('',(#1791,#1792),#159,.T.);
#2006=ADVANCED_FACE('',(#1793,#1794),#1881,.F.);
#2007=ADVANCED_FACE('',(#1795),#296,.T.);
#2008=ADVANCED_FACE('',(#1796,#1797),#1882,.F.);
#2009=ADVANCED_FACE('',(#1798),#297,.T.);
#2010=ADVANCED_FACE('',(#1799,#1800),#1883,.F.);
#2011=ADVANCED_FACE('',(#1801),#298,.T.);
#2012=ADVANCED_FACE('',(#1802,#1803),#1884,.F.);
#2013=ADVANCED_FACE('',(#1804),#299,.T.);
#2014=CLOSED_SHELL('',(#1885,#1886,#1887,#1888,#1889,#1890,#1891,#1892,
#1893,#1894,#1895,#1896,#1897,#1898,#1899,#1900,#1901,#1902));
#2015=CLOSED_SHELL('',(#1903,#1904,#1905,#1906,#1907,#1908,#1909,#1910,
#1911));
#2016=CLOSED_SHELL('',(#1912,#1913,#1914,#1915,#1916,#1917,#1918,#1919,
#1920,#1921,#1922,#1923,#1924,#1925,#1926,#1927,#1928,#1929,#1930,#1931,
#1932,#1933,#1934,#1935,#1936,#1937,#1938,#1939,#1940,#1941,#1942,#1943,
#1944,#1945,#1946,#1947,#1948,#1949,#1950,#1951,#1952,#1953,#1954,#1955,
#1956,#1957,#1958,#1959,#1960,#1961,#1962,#1963,#1964,#1965,#1966,#1967,
#1968,#1969,#1970,#1971,#1972,#1973,#1974,#1975,#1976,#1977,#1978,#1979,
#1980,#1981,#1982,#1983,#1984,#1985,#1986,#1987,#1988,#1989,#1990,#1991,
#1992,#1993,#1994,#1995,#1996));
#2017=CLOSED_SHELL('',(#1997,#1998,#1999,#2000,#2001,#2002,#2003,#2004,
#2005,#2006,#2007,#2008,#2009,#2010,#2011,#2012,#2013));
#2018=STYLED_ITEM('',(#2022),#2048);
#2019=STYLED_ITEM('',(#2023),#2049);
#2020=STYLED_ITEM('',(#2024),#2050);
#2021=STYLED_ITEM('',(#2025),#2051);
#2022=PRESENTATION_STYLE_ASSIGNMENT((#2026));
#2023=PRESENTATION_STYLE_ASSIGNMENT((#2027));
#2024=PRESENTATION_STYLE_ASSIGNMENT((#2028));
#2025=PRESENTATION_STYLE_ASSIGNMENT((#2029));
#2026=SURFACE_STYLE_USAGE(.BOTH.,#2030);
#2027=SURFACE_STYLE_USAGE(.BOTH.,#2031);
#2028=SURFACE_STYLE_USAGE(.BOTH.,#2032);
#2029=SURFACE_STYLE_USAGE(.BOTH.,#2033);
#2030=SURFACE_SIDE_STYLE('',(#2034));
#2031=SURFACE_SIDE_STYLE('',(#2035));
#2032=SURFACE_SIDE_STYLE('',(#2036));
#2033=SURFACE_SIDE_STYLE('',(#2037));
#2034=SURFACE_STYLE_FILL_AREA(#2038);
#2035=SURFACE_STYLE_FILL_AREA(#2039);
#2036=SURFACE_STYLE_FILL_AREA(#2040);
#2037=SURFACE_STYLE_FILL_AREA(#2041);
#2038=FILL_AREA_STYLE('',(#2042));
#2039=FILL_AREA_STYLE('',(#2043));
#2040=FILL_AREA_STYLE('',(#2044));
#2041=FILL_AREA_STYLE('',(#2045));
#2042=FILL_AREA_STYLE_COLOUR('',#2046);
#2043=FILL_AREA_STYLE_COLOUR('',#2047);
#2044=FILL_AREA_STYLE_COLOUR('',#2047);
#2045=FILL_AREA_STYLE_COLOUR('',#2047);
#2046=COLOUR_RGB('',0.647058823529412,0.647058823529412,0.647058823529412);
#2047=COLOUR_RGB('',0.615686274509804,0.811764705882353,0.929411764705882);
#2048=MANIFOLD_SOLID_BREP('RESORTE',#2014);
#2049=MANIFOLD_SOLID_BREP('TRABAFIJA',#2015);
#2050=MANIFOLD_SOLID_BREP('MANIJA',#2016);
#2051=MANIFOLD_SOLID_BREP('TRABARESORTE',#2017);
#2052=SHAPE_DEFINITION_REPRESENTATION(#3937,#2056);
#2053=SHAPE_DEFINITION_REPRESENTATION(#3938,#2057);
#2054=SHAPE_DEFINITION_REPRESENTATION(#3939,#2058);
#2055=SHAPE_DEFINITION_REPRESENTATION(#3940,#2059);
#2056=SHAPE_REPRESENTATION('RESORTE',(#2060),#3917);
#2057=SHAPE_REPRESENTATION('TRABAFIJA',(#2104),#3918);
#2058=SHAPE_REPRESENTATION('MANIJA',(#2122),#3919);
#2059=SHAPE_REPRESENTATION('TRABARESORTE',(#2260),#3920);
#2060=AXIS2_PLACEMENT_3D('',#2818,#2294,#2295);
#2061=AXIS2_PLACEMENT_3D('',#2819,#2296,#2297);
#2062=AXIS2_PLACEMENT_3D('',#2820,#2298,#2299);
#2063=AXIS2_PLACEMENT_3D('',#2822,#2300,#2301);
#2064=AXIS2_PLACEMENT_3D('',#2824,#2302,#2303);
#2065=AXIS2_PLACEMENT_3D('',#2825,#2304,#2305);
#2066=AXIS2_PLACEMENT_3D('',#2827,#2306,#2307);
#2067=AXIS2_PLACEMENT_3D('',#2829,#2308,#2309);
#2068=AXIS2_PLACEMENT_3D('',#2830,#2310,#2311);
#2069=AXIS2_PLACEMENT_3D('',#2832,#2312,#2313);
#2070=AXIS2_PLACEMENT_3D('',#2834,#2314,#2315);
#2071=AXIS2_PLACEMENT_3D('',#2835,#2316,#2317);
#2072=AXIS2_PLACEMENT_3D('',#2837,#2318,#2319);
#2073=AXIS2_PLACEMENT_3D('',#2839,#2320,#2321);
#2074=AXIS2_PLACEMENT_3D('',#2840,#2322,#2323);
#2075=AXIS2_PLACEMENT_3D('',#2842,#2324,#2325);
#2076=AXIS2_PLACEMENT_3D('',#2844,#2326,#2327);
#2077=AXIS2_PLACEMENT_3D('',#2845,#2328,#2329);
#2078=AXIS2_PLACEMENT_3D('',#2847,#2330,#2331);
#2079=AXIS2_PLACEMENT_3D('',#2849,#2332,#2333);
#2080=AXIS2_PLACEMENT_3D('',#2850,#2334,#2335);
#2081=AXIS2_PLACEMENT_3D('',#2852,#2336,#2337);
#2082=AXIS2_PLACEMENT_3D('',#2853,#2338,#2339);
#2083=AXIS2_PLACEMENT_3D('',#2856,#2340,#2341);
#2084=AXIS2_PLACEMENT_3D('',#2858,#2342,#2343);
#2085=AXIS2_PLACEMENT_3D('',#2860,#2344,#2345);
#2086=AXIS2_PLACEMENT_3D('',#2862,#2346,#2347);
#2087=AXIS2_PLACEMENT_3D('',#2864,#2348,#2349);
#2088=AXIS2_PLACEMENT_3D('',#2866,#2350,#2351);
#2089=AXIS2_PLACEMENT_3D('',#2868,#2352,#2353);
#2090=AXIS2_PLACEMENT_3D('',#2869,#2354,#2355);
#2091=AXIS2_PLACEMENT_3D('',#2870,#2356,#2357);
#2092=AXIS2_PLACEMENT_3D('',#2879,#2358,#2359);
#2093=AXIS2_PLACEMENT_3D('',#2880,#2360,#2361);
#2094=AXIS2_PLACEMENT_3D('',#2881,#2362,#2363);
#2095=AXIS2_PLACEMENT_3D('',#2890,#2364,#2365);
#2096=AXIS2_PLACEMENT_3D('',#2891,#2366,#2367);
#2097=AXIS2_PLACEMENT_3D('',#2892,#2368,#2369);
#2098=AXIS2_PLACEMENT_3D('',#2901,#2370,#2371);
#2099=AXIS2_PLACEMENT_3D('',#2902,#2372,#2373);
#2100=AXIS2_PLACEMENT_3D('',#2903,#2374,#2375);
#2101=AXIS2_PLACEMENT_3D('',#2912,#2376,#2377);
#2102=AXIS2_PLACEMENT_3D('',#2913,#2378,#2379);
#2103=AXIS2_PLACEMENT_3D('',#2914,#2380,#2381);
#2104=AXIS2_PLACEMENT_3D('',#2915,#2382,#2383);
#2105=AXIS2_PLACEMENT_3D('',#2916,#2384,#2385);
#2106=AXIS2_PLACEMENT_3D('',#2929,#2386,#2387);
#2107=AXIS2_PLACEMENT_3D('',#2931,#2388,#2389);
#2108=AXIS2_PLACEMENT_3D('',#2933,#2390,#2391);
#2109=AXIS2_PLACEMENT_3D('',#2934,#2392,#2393);
#2110=AXIS2_PLACEMENT_3D('',#2936,#2394,#2395);
#2111=AXIS2_PLACEMENT_3D('',#2958,#2396,#2397);
#2112=AXIS2_PLACEMENT_3D('',#2959,#2398,#2399);
#2113=AXIS2_PLACEMENT_3D('',#2961,#2400,#2401);
#2114=AXIS2_PLACEMENT_3D('',#2962,#2402,#2403);
#2115=AXIS2_PLACEMENT_3D('',#2964,#2404,#2405);
#2116=AXIS2_PLACEMENT_3D('',#2965,#2406,#2407);
#2117=AXIS2_PLACEMENT_3D('',#2967,#2408,#2409);
#2118=AXIS2_PLACEMENT_3D('',#2968,#2410,#2411);
#2119=AXIS2_PLACEMENT_3D('',#2970,#2412,#2413);
#2120=AXIS2_PLACEMENT_3D('',#2971,#2414,#2415);
#2121=AXIS2_PLACEMENT_3D('',#2972,#2416,#2417);
#2122=AXIS2_PLACEMENT_3D('',#2973,#2418,#2419);
#2123=AXIS2_PLACEMENT_3D('',#2974,#2420,#2421);
#2124=AXIS2_PLACEMENT_3D('',#2978,#2423,#2424);
#2125=AXIS2_PLACEMENT_3D('',#2982,#2426,#2427);
#2126=AXIS2_PLACEMENT_3D('',#2983,#2428,#2429);
#2127=AXIS2_PLACEMENT_3D('',#2987,#2431,#2432);
#2128=AXIS2_PLACEMENT_3D('',#2995,#2434,#2435);
#2129=AXIS2_PLACEMENT_3D('',#3006,#2438,#2439);
#2130=AXIS2_PLACEMENT_3D('',#3007,#2440,#2441);
#2131=AXIS2_PLACEMENT_3D('',#3011,#2443,#2444);
#2132=AXIS2_PLACEMENT_3D('',#3019,#2446,#2447);
#2133=AXIS2_PLACEMENT_3D('',#3030,#2450,#2451);
#2134=AXIS2_PLACEMENT_3D('',#3031,#2452,#2453);
#2135=AXIS2_PLACEMENT_3D('',#3035,#2455,#2456);
#2136=AXIS2_PLACEMENT_3D('',#3039,#2458,#2459);
#2137=AXIS2_PLACEMENT_3D('',#3040,#2460,#2461);
#2138=AXIS2_PLACEMENT_3D('',#3044,#2463,#2464);
#2139=AXIS2_PLACEMENT_3D('',#3048,#2466,#2467);
#2140=AXIS2_PLACEMENT_3D('',#3049,#2468,#2469);
#2141=AXIS2_PLACEMENT_3D('',#3053,#2471,#2472);
#2142=AXIS2_PLACEMENT_3D('',#3057,#2474,#2475);
#2143=AXIS2_PLACEMENT_3D('',#3058,#2476,#2477);
#2144=AXIS2_PLACEMENT_3D('',#3062,#2479,#2480);
#2145=AXIS2_PLACEMENT_3D('',#3066,#2482,#2483);
#2146=AXIS2_PLACEMENT_3D('',#3067,#2484,#2485);
#2147=AXIS2_PLACEMENT_3D('',#3071,#2487,#2488);
#2148=AXIS2_PLACEMENT_3D('',#3075,#2490,#2491);
#2149=AXIS2_PLACEMENT_3D('',#3076,#2492,#2493);
#2150=AXIS2_PLACEMENT_3D('',#3077,#2494,#2495);
#2151=AXIS2_PLACEMENT_3D('',#3082,#2497,#2498);
#2152=AXIS2_PLACEMENT_3D('',#3085,#2500,#2501);
#2153=AXIS2_PLACEMENT_3D('',#3086,#2502,#2503);
#2154=AXIS2_PLACEMENT_3D('',#3091,#2505,#2506);
#2155=AXIS2_PLACEMENT_3D('',#3094,#2508,#2509);
#2156=AXIS2_PLACEMENT_3D('',#3095,#2510,#2511);
#2157=AXIS2_PLACEMENT_3D('',#3100,#2513,#2514);
#2158=AXIS2_PLACEMENT_3D('',#3103,#2516,#2517);
#2159=AXIS2_PLACEMENT_3D('',#3104,#2518,#2519);
#2160=AXIS2_PLACEMENT_3D('',#3178,#2520,#2521);
#2161=AXIS2_PLACEMENT_3D('',#3201,#2522,#2523);
#2162=AXIS2_PLACEMENT_3D('',#3202,#2524,#2525);
#2163=AXIS2_PLACEMENT_3D('',#3224,#2526,#2527);
#2164=AXIS2_PLACEMENT_3D('',#3225,#2528,#2529);
#2165=AXIS2_PLACEMENT_3D('',#3247,#2530,#2531);
#2166=AXIS2_PLACEMENT_3D('',#3248,#2532,#2533);
#2167=AXIS2_PLACEMENT_3D('',#3270,#2534,#2535);
#2168=AXIS2_PLACEMENT_3D('',#3271,#2536,#2537);
#2169=AXIS2_PLACEMENT_3D('',#3277,#2538,#2539);
#2170=AXIS2_PLACEMENT_3D('',#3294,#2540,#2541);
#2171=AXIS2_PLACEMENT_3D('',#3316,#2542,#2543);
#2172=AXIS2_PLACEMENT_3D('',#3317,#2544,#2545);
#2173=AXIS2_PLACEMENT_3D('',#3339,#2546,#2547);
#2174=AXIS2_PLACEMENT_3D('',#3340,#2548,#2549);
#2175=AXIS2_PLACEMENT_3D('',#3362,#2550,#2551);
#2176=AXIS2_PLACEMENT_3D('',#3363,#2552,#2553);
#2177=AXIS2_PLACEMENT_3D('',#3385,#2554,#2555);
#2178=AXIS2_PLACEMENT_3D('',#3386,#2556,#2557);
#2179=AXIS2_PLACEMENT_3D('',#3392,#2558,#2559);
#2180=AXIS2_PLACEMENT_3D('',#3409,#2560,#2561);
#2181=AXIS2_PLACEMENT_3D('',#3415,#2562,#2563);
#2182=AXIS2_PLACEMENT_3D('',#3432,#2564,#2565);
#2183=AXIS2_PLACEMENT_3D('',#3438,#2566,#2567);
#2184=AXIS2_PLACEMENT_3D('',#3450,#2568,#2569);
#2185=AXIS2_PLACEMENT_3D('',#3457,#2570,#2571);
#2186=AXIS2_PLACEMENT_3D('',#3469,#2572,#2573);
#2187=AXIS2_PLACEMENT_3D('',#3481,#2574,#2575);
#2188=AXIS2_PLACEMENT_3D('',#3492,#2576,#2577);
#2189=AXIS2_PLACEMENT_3D('',#3504,#2578,#2579);
#2190=AXIS2_PLACEMENT_3D('',#3515,#2580,#2581);
#2191=AXIS2_PLACEMENT_3D('',#3527,#2582,#2583);
#2192=AXIS2_PLACEMENT_3D('',#3538,#2584,#2585);
#2193=AXIS2_PLACEMENT_3D('',#3550,#2586,#2587);
#2194=AXIS2_PLACEMENT_3D('',#3572,#2588,#2589);
#2195=AXIS2_PLACEMENT_3D('',#3573,#2590,#2591);
#2196=AXIS2_PLACEMENT_3D('',#3584,#2592,#2593);
#2197=AXIS2_PLACEMENT_3D('',#3596,#2594,#2595);
#2198=AXIS2_PLACEMENT_3D('',#3607,#2596,#2597);
#2199=AXIS2_PLACEMENT_3D('',#3619,#2598,#2599);
#2200=AXIS2_PLACEMENT_3D('',#3630,#2600,#2601);
#2201=AXIS2_PLACEMENT_3D('',#3642,#2602,#2603);
#2202=AXIS2_PLACEMENT_3D('',#3653,#2604,#2605);
#2203=AXIS2_PLACEMENT_3D('',#3665,#2606,#2607);
#2204=AXIS2_PLACEMENT_3D('',#3687,#2608,#2609);
#2205=AXIS2_PLACEMENT_3D('',#3688,#2610,#2611);
#2206=AXIS2_PLACEMENT_3D('',#3710,#2612,#2613);
#2207=AXIS2_PLACEMENT_3D('',#3711,#2614,#2615);
#2208=AXIS2_PLACEMENT_3D('',#3723,#2616,#2617);
#2209=AXIS2_PLACEMENT_3D('',#3735,#2618,#2619);
#2210=AXIS2_PLACEMENT_3D('',#3736,#2620,#2621);
#2211=AXIS2_PLACEMENT_3D('',#3749,#2622,#2623);
#2212=AXIS2_PLACEMENT_3D('',#3751,#2624,#2625);
#2213=AXIS2_PLACEMENT_3D('',#3753,#2626,#2627);
#2214=AXIS2_PLACEMENT_3D('',#3756,#2630,#2631);
#2215=AXIS2_PLACEMENT_3D('',#3757,#2632,#2633);
#2216=AXIS2_PLACEMENT_3D('',#3758,#2634,#2635);
#2217=AXIS2_PLACEMENT_3D('',#3759,#2636,#2637);
#2218=AXIS2_PLACEMENT_3D('',#3761,#2638,#2639);
#2219=AXIS2_PLACEMENT_3D('',#3762,#2640,#2641);
#2220=AXIS2_PLACEMENT_3D('',#3764,#2643,#2644);
#2221=AXIS2_PLACEMENT_3D('',#3766,#2646,#2647);
#2222=AXIS2_PLACEMENT_3D('',#3767,#2648,#2649);
#2223=AXIS2_PLACEMENT_3D('',#3769,#2651,#2652);
#2224=AXIS2_PLACEMENT_3D('',#3771,#2654,#2655);
#2225=AXIS2_PLACEMENT_3D('',#3772,#2656,#2657);
#2226=AXIS2_PLACEMENT_3D('',#3774,#2659,#2660);
#2227=AXIS2_PLACEMENT_3D('',#3776,#2662,#2663);
#2228=AXIS2_PLACEMENT_3D('',#3777,#2664,#2665);
#2229=AXIS2_PLACEMENT_3D('',#3779,#2667,#2668);
#2230=AXIS2_PLACEMENT_3D('',#3781,#2670,#2671);
#2231=AXIS2_PLACEMENT_3D('',#3782,#2672,#2673);
#2232=AXIS2_PLACEMENT_3D('',#3784,#2675,#2676);
#2233=AXIS2_PLACEMENT_3D('',#3786,#2678,#2679);
#2234=AXIS2_PLACEMENT_3D('',#3787,#2680,#2681);
#2235=AXIS2_PLACEMENT_3D('',#3789,#2683,#2684);
#2236=AXIS2_PLACEMENT_3D('',#3791,#2686,#2687);
#2237=AXIS2_PLACEMENT_3D('',#3792,#2688,#2689);
#2238=AXIS2_PLACEMENT_3D('',#3794,#2691,#2692);
#2239=AXIS2_PLACEMENT_3D('',#3796,#2694,#2695);
#2240=AXIS2_PLACEMENT_3D('',#3797,#2696,#2697);
#2241=AXIS2_PLACEMENT_3D('',#3799,#2699,#2700);
#2242=AXIS2_PLACEMENT_3D('',#3801,#2702,#2703);
#2243=AXIS2_PLACEMENT_3D('',#3802,#2704,#2705);
#2244=AXIS2_PLACEMENT_3D('',#3806,#2709,#2710);
#2245=AXIS2_PLACEMENT_3D('',#3807,#2711,#2712);
#2246=AXIS2_PLACEMENT_3D('',#3808,#2713,#2714);
#2247=AXIS2_PLACEMENT_3D('',#3809,#2715,#2716);
#2248=AXIS2_PLACEMENT_3D('',#3811,#2718,#2719);
#2249=AXIS2_PLACEMENT_3D('',#3813,#2721,#2722);
#2250=AXIS2_PLACEMENT_3D('',#3814,#2723,#2724);
#2251=AXIS2_PLACEMENT_3D('',#3816,#2726,#2727);
#2252=AXIS2_PLACEMENT_3D('',#3818,#2729,#2730);
#2253=AXIS2_PLACEMENT_3D('',#3820,#2732,#2733);
#2254=AXIS2_PLACEMENT_3D('',#3821,#2734,#2735);
#2255=AXIS2_PLACEMENT_3D('',#3823,#2737,#2738);
#2256=AXIS2_PLACEMENT_3D('',#3825,#2740,#2741);
#2257=AXIS2_PLACEMENT_3D('',#3826,#2742,#2743);
#2258=AXIS2_PLACEMENT_3D('',#3828,#2745,#2746);
#2259=AXIS2_PLACEMENT_3D('',#3830,#2748,#2749);
#2260=AXIS2_PLACEMENT_3D('',#3831,#2750,#2751);
#2261=AXIS2_PLACEMENT_3D('',#3832,#2752,#2753);
#2262=AXIS2_PLACEMENT_3D('',#3845,#2754,#2755);
#2263=AXIS2_PLACEMENT_3D('',#3847,#2756,#2757);
#2264=AXIS2_PLACEMENT_3D('',#3849,#2758,#2759);
#2265=AXIS2_PLACEMENT_3D('',#3850,#2760,#2761);
#2266=AXIS2_PLACEMENT_3D('',#3852,#2762,#2763);
#2267=AXIS2_PLACEMENT_3D('',#3874,#2764,#2765);
#2268=AXIS2_PLACEMENT_3D('',#3875,#2766,#2767);
#2269=AXIS2_PLACEMENT_3D('',#3877,#2768,#2769);
#2270=AXIS2_PLACEMENT_3D('',#3879,#2770,#2771);
#2271=AXIS2_PLACEMENT_3D('',#3881,#2772,#2773);
#2272=AXIS2_PLACEMENT_3D('',#3883,#2774,#2775);
#2273=AXIS2_PLACEMENT_3D('',#3885,#2776,#2777);
#2274=AXIS2_PLACEMENT_3D('',#3886,#2778,#2779);
#2275=AXIS2_PLACEMENT_3D('',#3888,#2780,#2781);
#2276=AXIS2_PLACEMENT_3D('',#3889,#2782,#2783);
#2277=AXIS2_PLACEMENT_3D('',#3891,#2784,#2785);
#2278=AXIS2_PLACEMENT_3D('',#3892,#2786,#2787);
#2279=AXIS2_PLACEMENT_3D('',#3894,#2788,#2789);
#2280=AXIS2_PLACEMENT_3D('',#3895,#2790,#2791);
#2281=AXIS2_PLACEMENT_3D('',#3896,#2792,#2793);
#2282=AXIS2_PLACEMENT_3D('',#3897,#2794,#2795);
#2283=AXIS2_PLACEMENT_3D('',#3898,#2796,#2797);
#2284=AXIS2_PLACEMENT_3D('',#3900,#2798,#2799);
#2285=AXIS2_PLACEMENT_3D('',#3901,#2800,#2801);
#2286=AXIS2_PLACEMENT_3D('',#3902,#2802,#2803);
#2287=AXIS2_PLACEMENT_3D('',#3904,#2804,#2805);
#2288=AXIS2_PLACEMENT_3D('',#3905,#2806,#2807);
#2289=AXIS2_PLACEMENT_3D('',#3906,#2808,#2809);
#2290=AXIS2_PLACEMENT_3D('',#3908,#2810,#2811);
#2291=AXIS2_PLACEMENT_3D('',#3909,#2812,#2813);
#2292=AXIS2_PLACEMENT_3D('',#3910,#2814,#2815);
#2293=AXIS2_PLACEMENT_3D('',#3912,#2816,#2817);
#2294=DIRECTION('',(0.,0.,1.));
#2295=DIRECTION('',(1.,0.,0.));
#2296=DIRECTION('',(0.,0.,1.));
#2297=DIRECTION('',(1.,0.,0.));
#2298=DIRECTION('',(0.,0.,1.));
#2299=DIRECTION('',(1.,0.,0.));
#2300=DIRECTION('',(0.,0.,1.));
#2301=DIRECTION('',(1.,0.,0.));
#2302=DIRECTION('',(0.,0.,1.));
#2303=DIRECTION('',(1.,0.,0.));
#2304=DIRECTION('',(0.,0.,1.));
#2305=DIRECTION('',(1.,0.,0.));
#2306=DIRECTION('',(0.,0.,1.));
#2307=DIRECTION('',(1.,0.,0.));
#2308=DIRECTION('',(0.,0.,1.));
#2309=DIRECTION('',(1.,0.,0.));
#2310=DIRECTION('',(0.,0.,1.));
#2311=DIRECTION('',(1.,0.,0.));
#2312=DIRECTION('',(0.,0.,1.));
#2313=DIRECTION('',(1.,0.,0.));
#2314=DIRECTION('',(0.,0.,1.));
#2315=DIRECTION('',(1.,0.,0.));
#2316=DIRECTION('',(0.,0.,1.));
#2317=DIRECTION('',(1.,0.,0.));
#2318=DIRECTION('',(0.,0.,1.));
#2319=DIRECTION('',(1.,0.,0.));
#2320=DIRECTION('',(0.,0.,1.));
#2321=DIRECTION('',(1.,0.,0.));
#2322=DIRECTION('',(0.,0.,1.));
#2323=DIRECTION('',(1.,0.,0.));
#2324=DIRECTION('',(0.,0.,1.));
#2325=DIRECTION('',(1.,0.,0.));
#2326=DIRECTION('',(0.,0.,1.));
#2327=DIRECTION('',(1.,0.,0.));
#2328=DIRECTION('',(0.,0.,1.));
#2329=DIRECTION('',(1.,0.,0.));
#2330=DIRECTION('',(0.,0.,1.));
#2331=DIRECTION('',(1.,0.,0.));
#2332=DIRECTION('',(0.,0.,1.));
#2333=DIRECTION('',(1.,0.,0.));
#2334=DIRECTION('',(0.,0.,1.));
#2335=DIRECTION('',(1.,0.,0.));
#2336=DIRECTION('',(0.,0.,1.));
#2337=DIRECTION('',(1.,0.,0.));
#2338=DIRECTION('',(0.,0.,1.));
#2339=DIRECTION('',(1.,0.,0.));
#2340=DIRECTION('',(0.,0.,1.));
#2341=DIRECTION('',(1.,0.,0.));
#2342=DIRECTION('',(0.,0.,1.));
#2343=DIRECTION('',(1.,0.,0.));
#2344=DIRECTION('',(0.,0.,1.));
#2345=DIRECTION('',(1.,0.,0.));
#2346=DIRECTION('',(0.,0.,1.));
#2347=DIRECTION('',(1.,0.,0.));
#2348=DIRECTION('',(0.,0.,1.));
#2349=DIRECTION('',(1.,0.,0.));
#2350=DIRECTION('',(0.,0.,1.));
#2351=DIRECTION('',(1.,0.,0.));
#2352=DIRECTION('',(0.,0.,1.));
#2353=DIRECTION('',(1.,0.,0.));
#2354=DIRECTION('',(0.,0.,1.));
#2355=DIRECTION('',(1.,0.,0.));
#2356=DIRECTION('',(0.,0.,1.));
#2357=DIRECTION('',(1.,0.,0.));
#2358=DIRECTION('',(0.,0.,1.));
#2359=DIRECTION('',(1.,0.,0.));
#2360=DIRECTION('',(0.,0.,1.));
#2361=DIRECTION('',(1.,0.,0.));
#2362=DIRECTION('',(0.,0.,1.));
#2363=DIRECTION('',(1.,0.,0.));
#2364=DIRECTION('',(0.,0.,1.));
#2365=DIRECTION('',(1.,0.,0.));
#2366=DIRECTION('',(0.,0.,1.));
#2367=DIRECTION('',(1.,0.,0.));
#2368=DIRECTION('',(0.,0.,1.));
#2369=DIRECTION('',(1.,0.,0.));
#2370=DIRECTION('',(0.,0.,1.));
#2371=DIRECTION('',(1.,0.,0.));
#2372=DIRECTION('',(0.,0.,1.));
#2373=DIRECTION('',(1.,0.,0.));
#2374=DIRECTION('',(0.,0.,1.));
#2375=DIRECTION('',(1.,0.,0.));
#2376=DIRECTION('',(0.,0.,1.));
#2377=DIRECTION('',(1.,0.,0.));
#2378=DIRECTION('',(0.,0.,1.));
#2379=DIRECTION('',(1.,0.,0.));
#2380=DIRECTION('',(0.,0.,-1.));
#2381=DIRECTION('',(-1.,0.,0.));
#2382=DIRECTION('',(0.,0.,1.));
#2383=DIRECTION('',(1.,0.,0.));
#2384=DIRECTION('',(0.,0.,-1.));
#2385=DIRECTION('',(1.,0.,0.));
#2386=DIRECTION('',(0.,0.,-1.));
#2387=DIRECTION('',(-1.,0.,0.));
#2388=DIRECTION('',(0.,0.,-1.));
#2389=DIRECTION('',(-1.,0.,0.));
#2390=DIRECTION('',(0.,0.,-1.));
#2391=DIRECTION('',(1.,0.,0.));
#2392=DIRECTION('',(0.,0.,1.));
#2393=DIRECTION('',(1.,0.,0.));
#2394=DIRECTION('',(0.,0.,1.));
#2395=DIRECTION('',(1.,0.,0.));
#2396=DIRECTION('',(0.,0.,1.));
#2397=DIRECTION('',(-1.,0.,0.));
#2398=DIRECTION('',(0.,0.,1.));
#2399=DIRECTION('',(1.,0.,0.));
#2400=DIRECTION('',(0.,0.,1.));
#2401=DIRECTION('',(-1.,0.,0.));
#2402=DIRECTION('',(0.,0.,1.));
#2403=DIRECTION('',(1.,0.,0.));
#2404=DIRECTION('',(0.,-1.,0.));
#2405=DIRECTION('',(0.,0.,-1.));
#2406=DIRECTION('',(0.,1.,0.));
#2407=DIRECTION('',(0.,0.,-1.));
#2408=DIRECTION('',(0.,-1.,0.));
#2409=DIRECTION('',(-1.,0.,0.));
#2410=DIRECTION('',(0.,1.,0.));
#2411=DIRECTION('',(0.,0.,-1.));
#2412=DIRECTION('',(0.,-1.,0.));
#2413=DIRECTION('',(0.,0.,-1.));
#2414=DIRECTION('',(0.,0.,-1.));
#2415=DIRECTION('',(-1.,0.,0.));
#2416=DIRECTION('',(0.,0.,1.));
#2417=DIRECTION('',(1.,0.,0.));
#2418=DIRECTION('',(0.,0.,1.));
#2419=DIRECTION('',(1.,0.,0.));
#2420=DIRECTION('',(0.,0.,-1.));
#2421=DIRECTION('',(-1.,0.,0.));
#2422=DIRECTION('',(0.,0.,1.));
#2423=DIRECTION('',(0.,0.,1.));
#2424=DIRECTION('',(1.,0.,0.));
#2425=DIRECTION('',(0.,0.,1.));
#2426=DIRECTION('',(0.,0.,1.));
#2427=DIRECTION('',(1.,0.,0.));
#2428=DIRECTION('',(0.,0.,-1.));
#2429=DIRECTION('',(-1.,0.,0.));
#2430=DIRECTION('',(0.,0.,1.));
#2431=DIRECTION('',(0.,0.,1.));
#2432=DIRECTION('',(1.,0.,0.));
#2433=DIRECTION('',(0.,0.,1.));
#2434=DIRECTION('',(0.,0.,-1.));
#2435=DIRECTION('',(-1.,0.,0.));
#2436=DIRECTION('',(0.,0.,1.));
#2437=DIRECTION('',(0.,0.,1.));
#2438=DIRECTION('',(0.,0.,1.));
#2439=DIRECTION('',(1.,0.,0.));
#2440=DIRECTION('',(0.,0.,-1.));
#2441=DIRECTION('',(-1.,0.,0.));
#2442=DIRECTION('',(0.,0.,1.));
#2443=DIRECTION('',(0.,0.,1.));
#2444=DIRECTION('',(1.,0.,0.));
#2445=DIRECTION('',(0.,0.,1.));
#2446=DIRECTION('',(0.,0.,-1.));
#2447=DIRECTION('',(-1.,0.,0.));
#2448=DIRECTION('',(0.,0.,1.));
#2449=DIRECTION('',(0.,0.,1.));
#2450=DIRECTION('',(0.,0.,1.));
#2451=DIRECTION('',(1.,0.,0.));
#2452=DIRECTION('',(0.,0.,-1.));
#2453=DIRECTION('',(-1.,0.,0.));
#2454=DIRECTION('',(0.,0.,1.));
#2455=DIRECTION('',(0.,0.,1.));
#2456=DIRECTION('',(1.,0.,0.));
#2457=DIRECTION('',(0.,0.,1.));
#2458=DIRECTION('',(0.,0.,1.));
#2459=DIRECTION('',(1.,0.,0.));
#2460=DIRECTION('',(0.,0.,-1.));
#2461=DIRECTION('',(-1.,0.,0.));
#2462=DIRECTION('',(0.,0.,1.));
#2463=DIRECTION('',(0.,0.,1.));
#2464=DIRECTION('',(1.,0.,0.));
#2465=DIRECTION('',(0.,0.,1.));
#2466=DIRECTION('',(0.,0.,1.));
#2467=DIRECTION('',(1.,0.,0.));
#2468=DIRECTION('',(0.,0.,-1.));
#2469=DIRECTION('',(-1.,0.,0.));
#2470=DIRECTION('',(0.,0.,1.));
#2471=DIRECTION('',(0.,0.,1.));
#2472=DIRECTION('',(1.,0.,0.));
#2473=DIRECTION('',(0.,0.,1.));
#2474=DIRECTION('',(0.,0.,1.));
#2475=DIRECTION('',(1.,0.,0.));
#2476=DIRECTION('',(0.,0.,-1.));
#2477=DIRECTION('',(-1.,0.,0.));
#2478=DIRECTION('',(0.,0.,1.));
#2479=DIRECTION('',(0.,0.,1.));
#2480=DIRECTION('',(1.,0.,0.));
#2481=DIRECTION('',(0.,0.,1.));
#2482=DIRECTION('',(0.,0.,1.));
#2483=DIRECTION('',(1.,0.,0.));
#2484=DIRECTION('',(0.,0.,-1.));
#2485=DIRECTION('',(-1.,0.,0.));
#2486=DIRECTION('',(0.,0.,1.));
#2487=DIRECTION('',(0.,0.,1.));
#2488=DIRECTION('',(1.,0.,0.));
#2489=DIRECTION('',(0.,0.,1.));
#2490=DIRECTION('',(0.,0.,1.));
#2491=DIRECTION('',(1.,0.,0.));
#2492=DIRECTION('',(0.,0.,-1.));
#2493=DIRECTION('',(-1.,0.,0.));
#2494=DIRECTION('',(0.,0.,1.));
#2495=DIRECTION('',(1.,0.,0.));
#2496=DIRECTION('',(0.,0.,1.));
#2497=DIRECTION('',(0.,0.,1.));
#2498=DIRECTION('',(1.,0.,0.));
#2499=DIRECTION('',(0.,0.,1.));
#2500=DIRECTION('',(0.,0.,-1.));
#2501=DIRECTION('',(-1.,0.,0.));
#2502=DIRECTION('',(0.,0.,1.));
#2503=DIRECTION('',(1.,0.,0.));
#2504=DIRECTION('',(0.,0.,1.));
#2505=DIRECTION('',(0.,0.,1.));
#2506=DIRECTION('',(1.,0.,0.));
#2507=DIRECTION('',(0.,0.,1.));
#2508=DIRECTION('',(0.,0.,-1.));
#2509=DIRECTION('',(-1.,0.,0.));
#2510=DIRECTION('',(0.,0.,1.));
#2511=DIRECTION('',(1.,0.,0.));
#2512=DIRECTION('',(0.,0.,1.));
#2513=DIRECTION('',(0.,0.,1.));
#2514=DIRECTION('',(1.,0.,0.));
#2515=DIRECTION('',(0.,0.,1.));
#2516=DIRECTION('',(0.,-1.,0.));
#2517=DIRECTION('',(0.,0.,-1.));
#2518=DIRECTION('',(0.,-1.,0.));
#2519=DIRECTION('',(0.,0.,-1.));
#2520=DIRECTION('',(0.,0.,-1.));
#2521=DIRECTION('',(-1.,0.,0.));
#2522=DIRECTION('',(0.,0.,1.));
#2523=DIRECTION('',(1.,0.,0.));
#2524=DIRECTION('',(0.,0.,-1.));
#2525=DIRECTION('',(-1.,0.,0.));
#2526=DIRECTION('',(0.,0.,1.));
#2527=DIRECTION('',(1.,0.,0.));
#2528=DIRECTION('',(0.,0.,-1.));
#2529=DIRECTION('',(-1.,0.,0.));
#2530=DIRECTION('',(0.,0.,1.));
#2531=DIRECTION('',(1.,0.,0.));
#2532=DIRECTION('',(0.,0.,-1.));
#2533=DIRECTION('',(-1.,0.,0.));
#2534=DIRECTION('',(0.,0.,1.));
#2535=DIRECTION('',(1.,0.,0.));
#2536=DIRECTION('',(0.,0.,-1.));
#2537=DIRECTION('',(-1.,0.,0.));
#2538=DIRECTION('',(0.,0.,1.));
#2539=DIRECTION('',(1.,0.,0.));
#2540=DIRECTION('',(0.,0.,-1.));
#2541=DIRECTION('',(-1.,0.,0.));
#2542=DIRECTION('',(0.,0.,1.));
#2543=DIRECTION('',(1.,0.,0.));
#2544=DIRECTION('',(0.,0.,-1.));
#2545=DIRECTION('',(-1.,0.,0.));
#2546=DIRECTION('',(0.,0.,1.));
#2547=DIRECTION('',(1.,0.,0.));
#2548=DIRECTION('',(0.,0.,-1.));
#2549=DIRECTION('',(-1.,0.,0.));
#2550=DIRECTION('',(0.,0.,1.));
#2551=DIRECTION('',(1.,0.,0.));
#2552=DIRECTION('',(0.,0.,-1.));
#2553=DIRECTION('',(-1.,0.,0.));
#2554=DIRECTION('',(0.,0.,1.));
#2555=DIRECTION('',(1.,0.,0.));
#2556=DIRECTION('',(0.,0.,-1.));
#2557=DIRECTION('',(-1.,0.,0.));
#2558=DIRECTION('',(0.,0.,1.));
#2559=DIRECTION('',(1.,0.,0.));
#2560=DIRECTION('',(0.,0.,-1.));
#2561=DIRECTION('',(-1.,0.,0.));
#2562=DIRECTION('',(0.,0.,1.));
#2563=DIRECTION('',(1.,0.,0.));
#2564=DIRECTION('',(0.,0.,-1.));
#2565=DIRECTION('',(-1.,0.,0.));
#2566=DIRECTION('',(0.,0.,1.));
#2567=DIRECTION('',(1.,0.,0.));
#2568=DIRECTION('',(0.,0.,1.));
#2569=DIRECTION('',(1.,0.,0.));
#2570=DIRECTION('',(0.,0.,1.));
#2571=DIRECTION('',(1.,0.,0.));
#2572=DIRECTION('',(0.,0.,1.));
#2573=DIRECTION('',(1.,0.,0.));
#2574=DIRECTION('',(0.,0.,1.));
#2575=DIRECTION('',(1.,0.,0.));
#2576=DIRECTION('',(0.,0.,1.));
#2577=DIRECTION('',(1.,0.,0.));
#2578=DIRECTION('',(0.,0.,1.));
#2579=DIRECTION('',(1.,0.,0.));
#2580=DIRECTION('',(0.,0.,1.));
#2581=DIRECTION('',(1.,0.,0.));
#2582=DIRECTION('',(0.,0.,1.));
#2583=DIRECTION('',(1.,0.,0.));
#2584=DIRECTION('',(0.,0.,1.));
#2585=DIRECTION('',(1.,0.,0.));
#2586=DIRECTION('',(0.,0.,1.));
#2587=DIRECTION('',(1.,0.,0.));
#2588=DIRECTION('',(0.,0.,1.));
#2589=DIRECTION('',(1.,0.,0.));
#2590=DIRECTION('',(0.,0.,1.));
#2591=DIRECTION('',(1.,0.,0.));
#2592=DIRECTION('',(0.,0.,1.));
#2593=DIRECTION('',(1.,0.,0.));
#2594=DIRECTION('',(0.,0.,1.));
#2595=DIRECTION('',(1.,0.,0.));
#2596=DIRECTION('',(0.,0.,1.));
#2597=DIRECTION('',(1.,0.,0.));
#2598=DIRECTION('',(0.,0.,1.));
#2599=DIRECTION('',(1.,0.,0.));
#2600=DIRECTION('',(0.,0.,1.));
#2601=DIRECTION('',(1.,0.,0.));
#2602=DIRECTION('',(0.,0.,1.));
#2603=DIRECTION('',(1.,0.,0.));
#2604=DIRECTION('',(0.,0.,1.));
#2605=DIRECTION('',(1.,0.,0.));
#2606=DIRECTION('',(0.,0.,1.));
#2607=DIRECTION('',(1.,0.,0.));
#2608=DIRECTION('',(0.,0.,1.));
#2609=DIRECTION('',(1.,0.,0.));
#2610=DIRECTION('',(0.,0.,1.));
#2611=DIRECTION('',(1.,0.,0.));
#2612=DIRECTION('',(0.,0.,1.));
#2613=DIRECTION('',(1.,0.,0.));
#2614=DIRECTION('',(0.,0.,1.));
#2615=DIRECTION('',(1.,0.,0.));
#2616=DIRECTION('',(0.,0.,1.));
#2617=DIRECTION('',(1.,0.,0.));
#2618=DIRECTION('',(0.,0.,1.));
#2619=DIRECTION('',(1.,0.,0.));
#2620=DIRECTION('',(0.,0.,-1.));
#2621=DIRECTION('',(-1.,0.,0.));
#2622=DIRECTION('',(0.,0.,1.));
#2623=DIRECTION('',(1.,0.,0.));
#2624=DIRECTION('',(0.,0.,1.));
#2625=DIRECTION('',(1.,0.,0.));
#2626=DIRECTION('',(0.,0.,-1.));
#2627=DIRECTION('',(-1.,0.,0.));
#2628=DIRECTION('',(0.,0.,1.));
#2629=DIRECTION('',(0.,0.,1.));
#2630=DIRECTION('',(0.,0.,1.));
#2631=DIRECTION('',(1.,0.,0.));
#2632=DIRECTION('',(0.,0.,1.));
#2633=DIRECTION('',(1.,0.,0.));
#2634=DIRECTION('',(0.,-1.,0.));
#2635=DIRECTION('',(1.,0.,0.));
#2636=DIRECTION('',(0.,-1.,0.));
#2637=DIRECTION('',(0.,0.,-1.));
#2638=DIRECTION('',(0.,-1.,0.));
#2639=DIRECTION('',(0.,0.,-1.));
#2640=DIRECTION('',(0.,0.,1.));
#2641=DIRECTION('',(1.,0.,0.));
#2642=DIRECTION('',(0.,0.,1.));
#2643=DIRECTION('',(0.,0.,1.));
#2644=DIRECTION('',(1.,0.,0.));
#2645=DIRECTION('',(0.,0.,1.));
#2646=DIRECTION('',(0.,0.,1.));
#2647=DIRECTION('',(1.,0.,0.));
#2648=DIRECTION('',(0.,0.,1.));
#2649=DIRECTION('',(1.,0.,0.));
#2650=DIRECTION('',(0.,0.,1.));
#2651=DIRECTION('',(0.,0.,1.));
#2652=DIRECTION('',(1.,0.,0.));
#2653=DIRECTION('',(0.,0.,1.));
#2654=DIRECTION('',(0.,0.,1.));
#2655=DIRECTION('',(1.,0.,0.));
#2656=DIRECTION('',(0.,0.,1.));
#2657=DIRECTION('',(1.,0.,0.));
#2658=DIRECTION('',(0.,0.,1.));
#2659=DIRECTION('',(0.,0.,1.));
#2660=DIRECTION('',(1.,0.,0.));
#2661=DIRECTION('',(0.,0.,1.));
#2662=DIRECTION('',(0.,0.,1.));
#2663=DIRECTION('',(1.,0.,0.));
#2664=DIRECTION('',(0.,0.,1.));
#2665=DIRECTION('',(1.,0.,0.));
#2666=DIRECTION('',(0.,0.,1.));
#2667=DIRECTION('',(0.,0.,1.));
#2668=DIRECTION('',(1.,0.,0.));
#2669=DIRECTION('',(0.,0.,1.));
#2670=DIRECTION('',(0.,0.,1.));
#2671=DIRECTION('',(1.,0.,0.));
#2672=DIRECTION('',(0.,0.,1.));
#2673=DIRECTION('',(1.,0.,0.));
#2674=DIRECTION('',(0.,0.,1.));
#2675=DIRECTION('',(0.,0.,1.));
#2676=DIRECTION('',(1.,0.,0.));
#2677=DIRECTION('',(0.,0.,1.));
#2678=DIRECTION('',(0.,0.,1.));
#2679=DIRECTION('',(1.,0.,0.));
#2680=DIRECTION('',(0.,0.,1.));
#2681=DIRECTION('',(1.,0.,0.));
#2682=DIRECTION('',(0.,0.,1.));
#2683=DIRECTION('',(0.,0.,1.));
#2684=DIRECTION('',(1.,0.,0.));
#2685=DIRECTION('',(0.,0.,1.));
#2686=DIRECTION('',(0.,0.,1.));
#2687=DIRECTION('',(1.,0.,0.));
#2688=DIRECTION('',(0.,0.,1.));
#2689=DIRECTION('',(1.,0.,0.));
#2690=DIRECTION('',(0.,0.,1.));
#2691=DIRECTION('',(0.,0.,1.));
#2692=DIRECTION('',(1.,0.,0.));
#2693=DIRECTION('',(0.,0.,1.));
#2694=DIRECTION('',(0.,0.,1.));
#2695=DIRECTION('',(1.,0.,0.));
#2696=DIRECTION('',(0.,0.,1.));
#2697=DIRECTION('',(1.,0.,0.));
#2698=DIRECTION('',(0.,0.,1.));
#2699=DIRECTION('',(0.,0.,1.));
#2700=DIRECTION('',(1.,0.,0.));
#2701=DIRECTION('',(0.,0.,1.));
#2702=DIRECTION('',(0.,0.,1.));
#2703=DIRECTION('',(1.,0.,0.));
#2704=DIRECTION('',(0.,0.,1.));
#2705=DIRECTION('',(1.,0.,0.));
#2706=DIRECTION('',(0.,0.,1.));
#2707=DIRECTION('',(0.,0.,1.));
#2708=DIRECTION('',(0.,0.,1.));
#2709=DIRECTION('',(0.,0.,1.));
#2710=DIRECTION('',(1.,0.,0.));
#2711=DIRECTION('',(0.,0.,1.));
#2712=DIRECTION('',(1.,0.,0.));
#2713=DIRECTION('',(0.,0.,1.));
#2714=DIRECTION('',(1.,0.,0.));
#2715=DIRECTION('',(0.,0.,1.));
#2716=DIRECTION('',(1.,0.,0.));
#2717=DIRECTION('',(0.,0.,1.));
#2718=DIRECTION('',(0.,0.,1.));
#2719=DIRECTION('',(1.,0.,0.));
#2720=DIRECTION('',(0.,0.,1.));
#2721=DIRECTION('',(0.,0.,1.));
#2722=DIRECTION('',(1.,0.,0.));
#2723=DIRECTION('',(0.,0.,1.));
#2724=DIRECTION('',(1.,0.,0.));
#2725=DIRECTION('',(0.,0.,1.));
#2726=DIRECTION('',(0.,0.,1.));
#2727=DIRECTION('',(1.,0.,0.));
#2728=DIRECTION('',(0.,0.,1.));
#2729=DIRECTION('',(0.,0.,1.));
#2730=DIRECTION('',(1.,0.,0.));
#2731=DIRECTION('',(0.,0.,1.));
#2732=DIRECTION('',(0.,0.,1.));
#2733=DIRECTION('',(1.,0.,0.));
#2734=DIRECTION('',(0.,0.,1.));
#2735=DIRECTION('',(1.,0.,0.));
#2736=DIRECTION('',(0.,0.,1.));
#2737=DIRECTION('',(0.,0.,1.));
#2738=DIRECTION('',(1.,0.,0.));
#2739=DIRECTION('',(0.,0.,1.));
#2740=DIRECTION('',(0.,0.,1.));
#2741=DIRECTION('',(1.,0.,0.));
#2742=DIRECTION('',(0.,0.,1.));
#2743=DIRECTION('',(1.,0.,0.));
#2744=DIRECTION('',(0.,0.,1.));
#2745=DIRECTION('',(0.,0.,1.));
#2746=DIRECTION('',(1.,0.,0.));
#2747=DIRECTION('',(0.,0.,1.));
#2748=DIRECTION('',(0.,0.,1.));
#2749=DIRECTION('',(1.,0.,0.));
#2750=DIRECTION('',(0.,0.,1.));
#2751=DIRECTION('',(1.,0.,0.));
#2752=DIRECTION('',(0.,0.,-1.));
#2753=DIRECTION('',(1.,0.,0.));
#2754=DIRECTION('',(0.,0.,1.));
#2755=DIRECTION('',(-1.,0.,0.));
#2756=DIRECTION('',(0.,0.,1.));
#2757=DIRECTION('',(-1.,0.,0.));
#2758=DIRECTION('',(0.,0.,-1.));
#2759=DIRECTION('',(1.,0.,0.));
#2760=DIRECTION('',(0.,0.,1.));
#2761=DIRECTION('',(1.,0.,0.));
#2762=DIRECTION('',(0.,0.,1.));
#2763=DIRECTION('',(1.,0.,0.));
#2764=DIRECTION('',(0.,0.,1.));
#2765=DIRECTION('',(-1.,0.,0.));
#2766=DIRECTION('',(0.,0.,1.));
#2767=DIRECTION('',(1.,0.,0.));
#2768=DIRECTION('',(0.,0.,1.));
#2769=DIRECTION('',(1.,0.,0.));
#2770=DIRECTION('',(0.,0.,1.));
#2771=DIRECTION('',(1.,0.,0.));
#2772=DIRECTION('',(0.,0.,1.));
#2773=DIRECTION('',(1.,0.,0.));
#2774=DIRECTION('',(0.,0.,1.));
#2775=DIRECTION('',(1.,0.,0.));
#2776=DIRECTION('',(0.,0.,1.));
#2777=DIRECTION('',(-1.,0.,0.));
#2778=DIRECTION('',(0.,0.,1.));
#2779=DIRECTION('',(1.,0.,0.));
#2780=DIRECTION('',(0.,1.,0.));
#2781=DIRECTION('',(0.,0.,-1.));
#2782=DIRECTION('',(0.,1.,0.));
#2783=DIRECTION('',(0.,0.,-1.));
#2784=DIRECTION('',(0.,1.,0.));
#2785=DIRECTION('',(-1.,0.,0.));
#2786=DIRECTION('',(0.,1.,0.));
#2787=DIRECTION('',(0.,0.,-1.));
#2788=DIRECTION('',(0.,1.,0.));
#2789=DIRECTION('',(0.,0.,-1.));
#2790=DIRECTION('',(0.,0.,-1.));
#2791=DIRECTION('',(-1.,0.,0.));
#2792=DIRECTION('',(0.,0.,1.));
#2793=DIRECTION('',(1.,0.,0.));
#2794=DIRECTION('',(0.,0.,1.));
#2795=DIRECTION('',(1.,0.,0.));
#2796=DIRECTION('',(0.,0.,1.));
#2797=DIRECTION('',(1.,0.,0.));
#2798=DIRECTION('',(0.,0.,1.));
#2799=DIRECTION('',(1.,0.,0.));
#2800=DIRECTION('',(0.,0.,1.));
#2801=DIRECTION('',(1.,0.,0.));
#2802=DIRECTION('',(0.,0.,1.));
#2803=DIRECTION('',(1.,0.,0.));
#2804=DIRECTION('',(0.,0.,1.));
#2805=DIRECTION('',(1.,0.,0.));
#2806=DIRECTION('',(0.,0.,1.));
#2807=DIRECTION('',(1.,0.,0.));
#2808=DIRECTION('',(0.,0.,1.));
#2809=DIRECTION('',(1.,0.,0.));
#2810=DIRECTION('',(0.,0.,1.));
#2811=DIRECTION('',(1.,0.,0.));
#2812=DIRECTION('',(0.,0.,1.));
#2813=DIRECTION('',(1.,0.,0.));
#2814=DIRECTION('',(0.,0.,1.));
#2815=DIRECTION('',(1.,0.,0.));
#2816=DIRECTION('',(0.,0.,1.));
#2817=DIRECTION('',(1.,0.,0.));
#2818=CARTESIAN_POINT('',(0.,0.,0.));
#2819=CARTESIAN_POINT('',(-0.0253723207861185,-0.0294891902140209,0.0015));
#2820=CARTESIAN_POINT('',(-0.0253723207861185,-0.0294891902140209,0.0015));
#2821=CARTESIAN_POINT('',(-0.0243723207861185,-0.0294891902140209,0.0015));
#2822=CARTESIAN_POINT('',(-0.0253723207861185,-0.0294891902140209,0.005));
#2823=CARTESIAN_POINT('',(-0.0243723207861185,-0.0294891902140209,0.005));
#2824=CARTESIAN_POINT('',(-0.0340223207861185,-0.0208391902140209,0.0015));
#2825=CARTESIAN_POINT('',(-0.0340223207861185,-0.0208391902140209,0.0015));
#2826=CARTESIAN_POINT('',(-0.0330223207861185,-0.0208391902140209,0.0015));
#2827=CARTESIAN_POINT('',(-0.0340223207861185,-0.0208391902140209,0.005));
#2828=CARTESIAN_POINT('',(-0.0330223207861185,-0.0208391902140209,0.005));
#2829=CARTESIAN_POINT('',(-0.0253723207861185,-0.0121891902140209,0.0015));
#2830=CARTESIAN_POINT('',(-0.0253723207861185,-0.0121891902140209,0.0015));
#2831=CARTESIAN_POINT('',(-0.0243723207861185,-0.0121891902140209,0.0015));
#2832=CARTESIAN_POINT('',(-0.0253723207861185,-0.0121891902140209,0.005));
#2833=CARTESIAN_POINT('',(-0.0243723207861185,-0.0121891902140209,0.005));
#2834=CARTESIAN_POINT('',(-0.0167223207861185,-0.0208391902140209,0.0015));
#2835=CARTESIAN_POINT('',(-0.0167223207861185,-0.0208391902140209,0.0015));
#2836=CARTESIAN_POINT('',(-0.0157223207861185,-0.0208391902140209,0.0015));
#2837=CARTESIAN_POINT('',(-0.0167223207861185,-0.0208391902140209,0.005));
#2838=CARTESIAN_POINT('',(-0.0157223207861185,-0.0208391902140209,0.005));
#2839=CARTESIAN_POINT('',(-0.0253723207861185,-0.0208391902140209,0.0015));
#2840=CARTESIAN_POINT('',(-0.0253723207861185,-0.0208391902140209,0.0025));
#2841=CARTESIAN_POINT('',(-0.0142223207861185,-0.0208391902140209,0.0025));
#2842=CARTESIAN_POINT('',(-0.0253723207861185,-0.0208391902140209,0.0055));
#2843=CARTESIAN_POINT('',(-0.0142223207861185,-0.0208391902140209,0.0055));
#2844=CARTESIAN_POINT('',(-0.0253723207861185,-0.0208391902140209,0.0015));
#2845=CARTESIAN_POINT('',(-0.0253723207861185,-0.0208391902140209,0.0015));
#2846=CARTESIAN_POINT('',(-0.0192223207861185,-0.0208391902140209,0.0015));
#2847=CARTESIAN_POINT('',(-0.0253723207861185,-0.0208391902140209,0.0065));
#2848=CARTESIAN_POINT('',(-0.0192223207861185,-0.0208391902140209,0.0065));
#2849=CARTESIAN_POINT('',(-0.00217791940632839,-0.0212945951070105,0.0015));
#2850=CARTESIAN_POINT('',(-0.0253723207861185,-0.0208391902140209,0.0015));
#2851=CARTESIAN_POINT('',(-0.0152223207861185,-0.0208391902140209,0.0015));
#2852=CARTESIAN_POINT('',(-0.00217791940632839,-0.0212945951070105,0.0065));
#2853=CARTESIAN_POINT('',(-0.0253723207861185,-0.0121891902140209,0.0065));
#2854=CARTESIAN_POINT('',(-0.0268017387298017,-0.010790346283385,0.0065));
#2855=CARTESIAN_POINT('',(-0.0239429028424354,-0.010790346283385,0.0065));
#2856=CARTESIAN_POINT('',(-0.0253723207861185,-0.0208391902140209,0.0065));
#2857=CARTESIAN_POINT('',(-0.0354211647167543,-0.0194097722703378,0.0065));
#2858=CARTESIAN_POINT('',(-0.0340223207861185,-0.0208391902140209,0.0065));
#2859=CARTESIAN_POINT('',(-0.0354211647167543,-0.022268608157704,0.0065));
#2860=CARTESIAN_POINT('',(-0.0253723207861185,-0.0208391902140209,0.0065));
#2861=CARTESIAN_POINT('',(-0.0268017387298017,-0.0308880341446567,0.0065));
#2862=CARTESIAN_POINT('',(-0.0253723207861185,-0.0294891902140209,0.0065));
#2863=CARTESIAN_POINT('',(-0.0239429028424354,-0.0308880341446567,0.0065));
#2864=CARTESIAN_POINT('',(-0.0253723207861185,-0.0208391902140209,0.0065));
#2865=CARTESIAN_POINT('',(-0.0153234768554827,-0.0222686081577039,0.0065));
#2866=CARTESIAN_POINT('',(-0.0167223207861185,-0.0208391902140209,0.0065));
#2867=CARTESIAN_POINT('',(-0.0153234768554827,-0.0194097722703378,0.0065));
#2868=CARTESIAN_POINT('',(-0.0253723207861185,-0.0208391902140209,0.0065));
#2869=CARTESIAN_POINT('',(-0.0253723207861185,-0.0294891902140209,0.005));
#2870=CARTESIAN_POINT('',(-0.0253723207861185,-0.0294891902140209,0.005));
#2871=CARTESIAN_POINT('',(-0.0233723207861185,-0.0294891902140209,0.005));
#2872=CARTESIAN_POINT('',(-0.0268017387298017,-0.0308880341446567,0.0065));
#2873=CARTESIAN_POINT('',(-0.0266323793588302,-0.0310610951405946,0.0063525145207032));
#2874=CARTESIAN_POINT('',(-0.0262143822284674,-0.0313631990945275,0.00610173886401785));
#2875=CARTESIAN_POINT('',(-0.0253779608057012,-0.0315516416044685,0.00594957728276861));
#2876=CARTESIAN_POINT('',(-0.0245321061801931,-0.0313653509509697,0.00609997216449041));
#2877=CARTESIAN_POINT('',(-0.0241125804701142,-0.0310614203533207,0.00635223736897106));
#2878=CARTESIAN_POINT('',(-0.0239429028424354,-0.0308880341446567,0.0065));
#2879=CARTESIAN_POINT('',(-0.00217791940632839,-0.0212945951070105,0.005));
#2880=CARTESIAN_POINT('',(-0.0167223207861185,-0.0208391902140209,0.005));
#2881=CARTESIAN_POINT('',(-0.0167223207861185,-0.0208391902140209,0.005));
#2882=CARTESIAN_POINT('',(-0.0147223207861185,-0.0208391902140209,0.005));
#2883=CARTESIAN_POINT('',(-0.0153234768554827,-0.0222686081577039,0.0065));
#2884=CARTESIAN_POINT('',(-0.0151504158595448,-0.0220992487867325,0.00635251452070321));
#2885=CARTESIAN_POINT('',(-0.0148483119056119,-0.0216812516563697,0.0061017388640179));
#2886=CARTESIAN_POINT('',(-0.014659869395671,-0.0208448302336035,0.00594957728276866));
#2887=CARTESIAN_POINT('',(-0.0148461600491697,-0.0199989756080955,0.00609997216449047));
#2888=CARTESIAN_POINT('',(-0.0151500906468186,-0.0195794498980165,0.00635223736897106));
#2889=CARTESIAN_POINT('',(-0.0153234768554827,-0.0194097722703378,0.0065));
#2890=CARTESIAN_POINT('',(-0.00217791940632839,-0.0212945951070105,0.005));
#2891=CARTESIAN_POINT('',(-0.0253723207861185,-0.0121891902140209,0.005));
#2892=CARTESIAN_POINT('',(-0.0253723207861185,-0.0121891902140209,0.005));
#2893=CARTESIAN_POINT('',(-0.0233723207861185,-0.0121891902140209,0.005));
#2894=CARTESIAN_POINT('',(-0.0239429028424354,-0.010790346283385,0.0065));
#2895=CARTESIAN_POINT('',(-0.0241122622134068,-0.0106172852874471,0.0063525145207032));
#2896=CARTESIAN_POINT('',(-0.0245302593437696,-0.0103151813335142,0.00610173886401791));
#2897=CARTESIAN_POINT('',(-0.0253666807665359,-0.0101267388235733,0.00594957728276866));
#2898=CARTESIAN_POINT('',(-0.0262125353920438,-0.010313029477072,0.00609997216449049));
#2899=CARTESIAN_POINT('',(-0.0266320611021229,-0.010616960074721,0.00635223736897106));
#2900=CARTESIAN_POINT('',(-0.0268017387298017,-0.010790346283385,0.0065));
#2901=CARTESIAN_POINT('',(-0.00217791940632839,-0.0212945951070105,0.005));
#2902=CARTESIAN_POINT('',(-0.0340223207861185,-0.0208391902140209,0.005));
#2903=CARTESIAN_POINT('',(-0.0340223207861185,-0.0208391902140209,0.005));
#2904=CARTESIAN_POINT('',(-0.0320223207861185,-0.0208391902140209,0.005));
#2905=CARTESIAN_POINT('',(-0.0354211647167543,-0.0194097722703378,0.0065));
#2906=CARTESIAN_POINT('',(-0.0355942257126922,-0.0195791316413092,0.00635251452070321));
#2907=CARTESIAN_POINT('',(-0.0358963296666251,-0.019997128771672,0.00610173886401789));
#2908=CARTESIAN_POINT('',(-0.0360847721765661,-0.0208335501944382,0.00594957728276866));
#2909=CARTESIAN_POINT('',(-0.0358984815230673,-0.0216794048199462,0.00609997216449048));
#2910=CARTESIAN_POINT('',(-0.0355945509254184,-0.0220989305300252,0.00635223736897106));
#2911=CARTESIAN_POINT('',(-0.0354211647167543,-0.022268608157704,0.0065));
#2912=CARTESIAN_POINT('',(-0.00217791940632839,-0.0212945951070105,0.005));
#2913=CARTESIAN_POINT('',(-0.0253723207861185,-0.0208391902140209,0.0025));
#2914=CARTESIAN_POINT('',(-0.0253723207861185,-0.0208391902140209,0.0065));
#2915=CARTESIAN_POINT('',(0.,0.,0.));
#2916=CARTESIAN_POINT('',(0.0210164819734617,0.01115,0.0065));
#2917=CARTESIAN_POINT('',(0.0194484851700377,0.00516267817172633,-0.00156636840929417));
#2918=CARTESIAN_POINT('',(0.0210164986138396,0.0049186615258552,-0.00221697977707388));
#2919=CARTESIAN_POINT('',(0.022584412215374,0.00516267572485287,-0.00156571248241031));
#2920=CARTESIAN_POINT('',(0.0232328044013247,0.00542015191289542,-2.67209564983356E-6));
#2921=CARTESIAN_POINT('',(0.0225832591562975,0.00516244676831283,0.00156811043736307));
#2922=CARTESIAN_POINT('',(0.0210178040359653,0.00491879589040369,0.00221603984009301));
#2923=CARTESIAN_POINT('',(0.0194493208195958,0.00516236999597961,0.00156772920010016));
#2924=CARTESIAN_POINT('',(0.0188002714912,0.00542017073070059,7.2712602124629E-8));
#2925=CARTESIAN_POINT('',(0.0194484851700377,0.00516267817172633,-0.00156636840929417));
#2926=CARTESIAN_POINT('',(0.0210164986138396,0.0049186615258552,-0.00221697977707388));
#2927=CARTESIAN_POINT('',(0.022584412215374,0.00516267572485287,-0.00156571248241031));
#2928=CARTESIAN_POINT('',(0.0210164819734617,0.005,-0.002));
#2929=CARTESIAN_POINT('',(0.0210164819734617,0.01115,0.0065));
#2930=CARTESIAN_POINT('',(0.0148664819734617,0.01115,0.0065));
#2931=CARTESIAN_POINT('',(0.0210164819734617,0.01115,-0.0065));
#2932=CARTESIAN_POINT('',(0.0148664819734617,0.01115,-0.0065));
#2933=CARTESIAN_POINT('',(0.0210164819734617,0.01115,0.0065));
#2934=CARTESIAN_POINT('',(0.0210164819734617,0.01115,0.0055));
#2935=CARTESIAN_POINT('',(0.0321664819734617,0.01115,0.0055));
#2936=CARTESIAN_POINT('',(0.0210164819734617,0.01115,-0.0055));
#2937=CARTESIAN_POINT('',(0.0321664819734617,0.01115,-0.0055));
#2938=CARTESIAN_POINT('',(0.0190263682045643,0.000125276913103649,-0.00472893709158525));
#2939=CARTESIAN_POINT('',(0.0210167820949093,-6.2604108247287E-5,-0.00513544508995278));
#2940=CARTESIAN_POINT('',(0.0230053952565686,0.000125139519885499,-0.00472928254860364));
#2941=CARTESIAN_POINT('',(0.0246429037825,0.000572300332565316,-0.00362139421590488));
#2942=CARTESIAN_POINT('',(0.0257436726346895,0.00104083604274886,-0.00198975280049522));
#2943=CARTESIAN_POINT('',(0.0261516651253924,0.00125490831001785,-1.05719591715478E-5));
#2944=CARTESIAN_POINT('',(0.0257485184768631,0.00104310596070064,0.001982911651193));
#2945=CARTESIAN_POINT('',(0.0246443302035253,0.0005726785660195,0.00362009923080454));
#2946=CARTESIAN_POINT('',(0.0230090968098978,0.000126125990696403,0.00472702941683897));
#2947=CARTESIAN_POINT('',(0.0210267268864909,-6.2321286448457E-5,0.00513478201941747));
#2948=CARTESIAN_POINT('',(0.0190363644579936,0.000123180528693145,0.00473379484234246));
#2949=CARTESIAN_POINT('',(0.0173913352558802,0.000571608338090531,0.00362363346459527));
#2950=CARTESIAN_POINT('',(0.0162888874665324,0.00104105154341971,0.00198977814406623));
#2951=CARTESIAN_POINT('',(0.0158816298415002,0.00125474251367705,8.20920322539199E-6));
#2952=CARTESIAN_POINT('',(0.0162835153988143,0.00104355858066773,-0.00197991327405453));
#2953=CARTESIAN_POINT('',(0.017388041228222,0.000572844551910192,-0.00362017170186692));
#2954=CARTESIAN_POINT('',(0.0190263682045643,0.000125276913103649,-0.00472893709158525));
#2955=CARTESIAN_POINT('',(0.0210167820949093,-6.2604108247287E-5,-0.00513544508995278));
#2956=CARTESIAN_POINT('',(0.0230053952565686,0.000125139519885499,-0.00472928254860364));
#2957=CARTESIAN_POINT('',(0.0210164819734617,-7.22289225345811E-19,-0.005));
#2958=CARTESIAN_POINT('',(0.0210164819734617,0.01115,0.0065));
#2959=CARTESIAN_POINT('',(0.0210164819734617,0.01115,0.0065));
#2960=CARTESIAN_POINT('',(0.0311664819734617,0.01115,0.0065));
#2961=CARTESIAN_POINT('',(0.0210164819734617,0.01115,-0.0065));
#2962=CARTESIAN_POINT('',(0.0210164819734617,0.01115,-0.0065));
#2963=CARTESIAN_POINT('',(0.0311664819734617,0.01115,-0.0065));
#2964=CARTESIAN_POINT('',(0.0210164819734617,0.003,3.06161699786838E-19));
#2965=CARTESIAN_POINT('',(0.0210164819734617,0.003,3.06161699786838E-19));
#2966=CARTESIAN_POINT('',(0.0210164819734617,0.003,-0.005));
#2967=CARTESIAN_POINT('',(0.0210164819734617,0.003,0.));
#2968=CARTESIAN_POINT('',(0.0210164819734617,0.003,1.22464679914735E-19));
#2969=CARTESIAN_POINT('',(0.0210164819734617,0.003,-0.002));
#2970=CARTESIAN_POINT('',(0.0210164819734617,0.006,1.22464679914735E-19));
#2971=CARTESIAN_POINT('',(0.0210164819734617,0.01115,0.0055));
#2972=CARTESIAN_POINT('',(0.0210164819734617,0.01115,-0.0065));
#2973=CARTESIAN_POINT('',(0.,0.,0.));
#2974=CARTESIAN_POINT('',(-0.0210164819734617,0.01115,0.0065));
#2975=CARTESIAN_POINT('',(-0.0292094407031296,0.00358706887153145,-0.0185));
#2976=CARTESIAN_POINT('',(-0.0292094407031296,0.00358706887153145,-0.0055));
#2977=CARTESIAN_POINT('',(-0.0292094407031296,0.00358706887153145,0.0055));
#2978=CARTESIAN_POINT('',(-0.0210164819734617,0.01115,-0.0055));
#2979=CARTESIAN_POINT('',(-0.0285794131019303,0.00295704127033213,-0.0055));
#2980=CARTESIAN_POINT('',(-0.0285794131019303,0.00295704127033212,-0.0185));
#2981=CARTESIAN_POINT('',(-0.0285794131019303,0.00295704127033212,0.0055));
#2982=CARTESIAN_POINT('',(-0.0210164819734617,0.01115,0.0055));
#2983=CARTESIAN_POINT('',(-0.0210164819734617,0.01115,0.0065));
#2984=CARTESIAN_POINT('',(-0.0243303268012773,0.000503830150840172,-0.0185));
#2985=CARTESIAN_POINT('',(-0.0243303268012773,0.000503830150840172,-0.0055));
#2986=CARTESIAN_POINT('',(-0.0243303268012773,0.000503830150840172,-0.00374411971725796));
#2987=CARTESIAN_POINT('',(-0.0210164819734617,0.01115,-0.0055));
#2988=CARTESIAN_POINT('',(-0.0234696930929537,0.00027322404371585,-0.0055));
#2989=CARTESIAN_POINT('',(-0.0234696930929537,0.000273224043715851,-0.0185));
#2990=CARTESIAN_POINT('',(-0.0234696930929537,0.000273224043715851,-0.00435680561916652));
#2991=CARTESIAN_POINT('',(-0.0234696930929537,0.000273224043715856,-0.00435680561916651));
#2992=CARTESIAN_POINT('',(-0.0237768330840312,0.000342498178292162,-0.00418386257161873));
#2993=CARTESIAN_POINT('',(-0.0240679913659978,0.000422172715568064,-0.00397630751866466));
#2994=CARTESIAN_POINT('',(-0.0243303268012773,0.000503830150840172,-0.00374411971725796));
#2995=CARTESIAN_POINT('',(-0.0210164819734617,0.01115,0.0065));
#2996=CARTESIAN_POINT('',(-0.0243303268012773,0.000503830150840172,-0.0185));
#2997=CARTESIAN_POINT('',(-0.0243303268012773,0.000503830150840172,0.00374411971725796));
#2998=CARTESIAN_POINT('',(-0.0243303268012773,0.000503830150840172,0.0055));
#2999=CARTESIAN_POINT('',(-0.0243303268012773,0.000503830150840171,0.00374411971725796));
#3000=CARTESIAN_POINT('',(-0.0240684321829846,0.000422309929149322,0.00397591736044271));
#3001=CARTESIAN_POINT('',(-0.0237789410801764,0.000342973627966234,0.00418267561033672));
#3002=CARTESIAN_POINT('',(-0.0234696930929537,0.000273224043715858,0.00435680561916654));
#3003=CARTESIAN_POINT('',(-0.0234696930929537,0.000273224043715851,0.00435680561916652));
#3004=CARTESIAN_POINT('',(-0.0234696930929537,0.000273224043715851,-0.0185));
#3005=CARTESIAN_POINT('',(-0.0234696930929537,0.000273224043715851,0.0055));
#3006=CARTESIAN_POINT('',(-0.0210164819734617,0.01115,0.0055));
#3007=CARTESIAN_POINT('',(-0.0210164819734617,0.01115,0.0065));
#3008=CARTESIAN_POINT('',(-0.0185632708539698,0.000273224043715842,-0.0185));
#3009=CARTESIAN_POINT('',(-0.0185632708539698,0.000273224043715842,-0.0055));
#3010=CARTESIAN_POINT('',(-0.0185632708539698,0.000273224043715842,-0.00435680561916654));
#3011=CARTESIAN_POINT('',(-0.0210164819734617,0.01115,-0.0055));
#3012=CARTESIAN_POINT('',(-0.0177026371456462,0.000503830150840164,-0.0055));
#3013=CARTESIAN_POINT('',(-0.0177026371456462,0.000503830150840164,-0.0185));
#3014=CARTESIAN_POINT('',(-0.0177026371456462,0.000503830150840164,-0.00374411971725798));
#3015=CARTESIAN_POINT('',(-0.0177026371456461,0.00050383015084016,-0.00374411971725799));
#3016=CARTESIAN_POINT('',(-0.0179673848248302,0.000421421853793374,-0.00397844254707995));
#3017=CARTESIAN_POINT('',(-0.0182539035172627,0.000343000546740979,-0.00418260840754924));
#3018=CARTESIAN_POINT('',(-0.0185632708539698,0.000273224043715838,-0.00435680561916655));
#3019=CARTESIAN_POINT('',(-0.0210164819734617,0.01115,0.0065));
#3020=CARTESIAN_POINT('',(-0.0185632708539698,0.000273224043715842,-0.0185));
#3021=CARTESIAN_POINT('',(-0.0185632708539698,0.000273224043715842,0.00435680561916654));
#3022=CARTESIAN_POINT('',(-0.0185632708539698,0.000273224043715842,0.0055));
#3023=CARTESIAN_POINT('',(-0.0185632708539698,0.000273224043715838,0.00435680561916655));
#3024=CARTESIAN_POINT('',(-0.0182543767212095,0.000342893817578892,0.0041828748571652));
#3025=CARTESIAN_POINT('',(-0.0179677869097287,0.000421296696391206,0.00397879842431201));
#3026=CARTESIAN_POINT('',(-0.0177026371456461,0.000503830150840161,0.00374411971725801));
#3027=CARTESIAN_POINT('',(-0.0177026371456462,0.000503830150840164,0.00374411971725798));
#3028=CARTESIAN_POINT('',(-0.0177026371456462,0.000503830150840164,-0.0185));
#3029=CARTESIAN_POINT('',(-0.0177026371456462,0.000503830150840164,0.0055));
#3030=CARTESIAN_POINT('',(-0.0210164819734617,0.01115,0.0055));
#3031=CARTESIAN_POINT('',(-0.0210164819734617,0.01115,0.0065));
#3032=CARTESIAN_POINT('',(-0.0134535508449931,0.00295704127033211,-0.0185));
#3033=CARTESIAN_POINT('',(-0.0134535508449931,0.00295704127033211,-0.0055));
#3034=CARTESIAN_POINT('',(-0.0134535508449931,0.00295704127033211,0.0055));
#3035=CARTESIAN_POINT('',(-0.0210164819734617,0.01115,-0.0055));
#3036=CARTESIAN_POINT('',(-0.0128235232437938,0.00358706887153143,-0.0055));
#3037=CARTESIAN_POINT('',(-0.0128235232437938,0.00358706887153143,-0.0185));
#3038=CARTESIAN_POINT('',(-0.0128235232437938,0.00358706887153143,0.0055));
#3039=CARTESIAN_POINT('',(-0.0210164819734617,0.01115,0.0055));
#3040=CARTESIAN_POINT('',(-0.0210164819734617,0.01115,0.0065));
#3041=CARTESIAN_POINT('',(-0.0103703121243019,0.00783615517218441,-0.0185));
#3042=CARTESIAN_POINT('',(-0.0103703121243019,0.00783615517218441,-0.0055));
#3043=CARTESIAN_POINT('',(-0.0103703121243019,0.00783615517218441,0.0055));
#3044=CARTESIAN_POINT('',(-0.0210164819734617,0.01115,-0.0055));
#3045=CARTESIAN_POINT('',(-0.0101397060171775,0.00869678888050805,-0.0055));
#3046=CARTESIAN_POINT('',(-0.0101397060171775,0.00869678888050805,-0.0185));
#3047=CARTESIAN_POINT('',(-0.0101397060171775,0.00869678888050805,0.0055));
#3048=CARTESIAN_POINT('',(-0.0210164819734617,0.01115,0.0055));
#3049=CARTESIAN_POINT('',(-0.0210164819734617,0.01115,0.0065));
#3050=CARTESIAN_POINT('',(-0.0101397060171775,0.013603211119492,-0.0185));
#3051=CARTESIAN_POINT('',(-0.0101397060171775,0.013603211119492,-0.0055));
#3052=CARTESIAN_POINT('',(-0.0101397060171775,0.013603211119492,0.0055));
#3053=CARTESIAN_POINT('',(-0.0210164819734617,0.01115,-0.0055));
#3054=CARTESIAN_POINT('',(-0.0103703121243019,0.0144638448278156,-0.0055));
#3055=CARTESIAN_POINT('',(-0.0103703121243019,0.0144638448278156,-0.0185));
#3056=CARTESIAN_POINT('',(-0.0103703121243019,0.0144638448278156,0.0055));
#3057=CARTESIAN_POINT('',(-0.0210164819734617,0.01115,0.0055));
#3058=CARTESIAN_POINT('',(-0.0210164819734617,0.01115,0.0065));
#3059=CARTESIAN_POINT('',(-0.0128235232437938,0.0187129311284686,-0.0185));
#3060=CARTESIAN_POINT('',(-0.0128235232437938,0.0187129311284686,-0.0055));
#3061=CARTESIAN_POINT('',(-0.0128235232437938,0.0187129311284686,0.0055));
#3062=CARTESIAN_POINT('',(-0.0210164819734617,0.01115,-0.0055));
#3063=CARTESIAN_POINT('',(-0.0134535508449931,0.0193429587296679,-0.0055));
#3064=CARTESIAN_POINT('',(-0.0134535508449931,0.0193429587296679,-0.0185));
#3065=CARTESIAN_POINT('',(-0.0134535508449931,0.0193429587296679,0.0055));
#3066=CARTESIAN_POINT('',(-0.0210164819734617,0.01115,0.0055));
#3067=CARTESIAN_POINT('',(-0.0210164819734617,0.01115,0.0065));
#3068=CARTESIAN_POINT('',(-0.0177026371456461,0.0217961698491599,-0.0185));
#3069=CARTESIAN_POINT('',(-0.0177026371456461,0.0217961698491599,-0.0055));
#3070=CARTESIAN_POINT('',(-0.0177026371456461,0.0217961698491599,0.0055));
#3071=CARTESIAN_POINT('',(-0.0210164819734617,0.01115,-0.0055));
#3072=CARTESIAN_POINT('',(-0.0185632708539698,0.0220267759562842,-0.00549999999999992));
#3073=CARTESIAN_POINT('',(-0.0185632708539698,0.0220267759562842,-0.0185));
#3074=CARTESIAN_POINT('',(-0.0185632708539698,0.0220267759562842,0.00549999999999992));
#3075=CARTESIAN_POINT('',(-0.0210164819734617,0.01115,0.0055));
#3076=CARTESIAN_POINT('',(-0.0210164819734617,0.01115,0.0065));
#3077=CARTESIAN_POINT('',(-0.0210164819734617,0.01115,-0.0055));
#3078=CARTESIAN_POINT('',(-0.0318932579297459,0.00869678888050807,-0.00549999999999985));
#3079=CARTESIAN_POINT('',(-0.0316626518226215,0.00783615517218444,-0.0055));
#3080=CARTESIAN_POINT('',(-0.0316626518226215,0.00783615517218444,-0.0185));
#3081=CARTESIAN_POINT('',(-0.0316626518226215,0.00783615517218444,0.0055));
#3082=CARTESIAN_POINT('',(-0.0210164819734617,0.01115,0.0055));
#3083=CARTESIAN_POINT('',(-0.0318932579297459,0.00869678888050807,0.00549999999999985));
#3084=CARTESIAN_POINT('',(-0.0318932579297459,0.00869678888050807,-0.0185));
#3085=CARTESIAN_POINT('',(-0.0210164819734617,0.01115,0.0065));
#3086=CARTESIAN_POINT('',(-0.0210164819734617,0.01115,-0.0055));
#3087=CARTESIAN_POINT('',(-0.0316626518226215,0.0144638448278156,-0.0055));
#3088=CARTESIAN_POINT('',(-0.0318932579297459,0.013603211119492,-0.0055));
#3089=CARTESIAN_POINT('',(-0.0318932579297459,0.013603211119492,-0.0185));
#3090=CARTESIAN_POINT('',(-0.0318932579297459,0.013603211119492,0.00549999999999985));
#3091=CARTESIAN_POINT('',(-0.0210164819734617,0.01115,0.0055));
#3092=CARTESIAN_POINT('',(-0.0316626518226215,0.0144638448278156,0.0055));
#3093=CARTESIAN_POINT('',(-0.0316626518226215,0.0144638448278156,-0.0185));
#3094=CARTESIAN_POINT('',(-0.0210164819734617,0.01115,0.0065));
#3095=CARTESIAN_POINT('',(-0.0210164819734617,0.01115,-0.0055));
#3096=CARTESIAN_POINT('',(-0.0285794131019303,0.0193429587296679,-0.0055));
#3097=CARTESIAN_POINT('',(-0.0292094407031296,0.0187129311284686,-0.0055));
#3098=CARTESIAN_POINT('',(-0.0292094407031296,0.0187129311284686,-0.0185));
#3099=CARTESIAN_POINT('',(-0.0292094407031296,0.0187129311284686,0.0055));
#3100=CARTESIAN_POINT('',(-0.0210164819734617,0.01115,0.0055));
#3101=CARTESIAN_POINT('',(-0.0285794131019303,0.0193429587296679,0.0055));
#3102=CARTESIAN_POINT('',(-0.0285794131019303,0.0193429587296679,-0.0185));
#3103=CARTESIAN_POINT('',(-0.0210164819734617,0.003,3.06161699786838E-19));
#3104=CARTESIAN_POINT('',(-0.0210164819734617,0.003,3.06161699786838E-19));
#3105=CARTESIAN_POINT('',(-0.0210164819734617,0.003,-0.005));
#3106=CARTESIAN_POINT('',(-0.0243303268012773,0.000503830150840157,-0.00374411971725796));
#3107=CARTESIAN_POINT('',(-0.0246557114369475,0.000605112979053852,-0.00345612834054097));
#3108=CARTESIAN_POINT('',(-0.0251931690220307,0.000951995257590792,-0.00283345502891328));
#3109=CARTESIAN_POINT('',(-0.025529803225403,0.00145935263572442,-0.0021709620479734));
#3110=CARTESIAN_POINT('',(-0.0256396263732977,0.00180036350840675,-0.00190434656989354));
#3111=CARTESIAN_POINT('',(-0.0256396263732977,0.00180036350840675,-0.00190434656989358));
#3112=CARTESIAN_POINT('',(-0.0216875397236367,0.000741405082212252,-0.0049547635156413));
#3113=CARTESIAN_POINT('',(-0.0221893744107485,0.00028718637752232,-0.00488679658744585));
#3114=CARTESIAN_POINT('',(-0.0228892393870315,0.000142305149050549,-0.00468364496206821));
#3115=CARTESIAN_POINT('',(-0.0234696930929537,0.000273224043715849,-0.00435680561916652));
#3116=CARTESIAN_POINT('',(-0.0216875397236367,0.000741405082212254,-0.0049547635156413));
#3117=CARTESIAN_POINT('',(-0.0216875397236367,0.000741405082212257,-0.0049547635156413));
#3118=CARTESIAN_POINT('',(-0.0215046481947488,0.000906943167728626,-0.00497953377511263));
#3119=CARTESIAN_POINT('',(-0.0210170951619517,0.0010930534586636,-0.00502046571528779));
#3120=CARTESIAN_POINT('',(-0.0205283229965349,0.000906949724716448,-0.00497953475626625));
#3121=CARTESIAN_POINT('',(-0.0203454242232868,0.000741405082212259,-0.00495476351564131));
#3122=CARTESIAN_POINT('',(-0.0203454242232868,0.000741405082212254,-0.0049547635156413));
#3123=CARTESIAN_POINT('',(-0.0185632708539698,0.000273224043715827,-0.00435680561916653));
#3124=CARTESIAN_POINT('',(-0.0191438168946081,0.000142284323343267,-0.0046836969534977));
#3125=CARTESIAN_POINT('',(-0.0198433916978967,0.000287007310891781,-0.00488676979284518));
#3126=CARTESIAN_POINT('',(-0.0203454242232868,0.000741405082212242,-0.00495476351564131));
#3127=CARTESIAN_POINT('',(-0.0163933375736257,0.00180036350840675,-0.00190434656989357));
#3128=CARTESIAN_POINT('',(-0.0165037635848449,0.00145748069021649,-0.00217242560730987));
#3129=CARTESIAN_POINT('',(-0.0168409741869103,0.000951651186976869,-0.00283472951067478));
#3130=CARTESIAN_POINT('',(-0.0173767065886212,0.000605282908585623,-0.0034556451565636));
#3131=CARTESIAN_POINT('',(-0.017702637145646,0.000503830150840161,-0.00374411971725811));
#3132=CARTESIAN_POINT('',(-0.0163933375736257,0.00180036350840675,-0.00190434656989359));
#3133=CARTESIAN_POINT('',(-0.0163933375736257,0.00180036350840675,-0.00190434656989359));
#3134=CARTESIAN_POINT('',(-0.0163499721994871,0.00193501694315797,-0.00179906931113963));
#3135=CARTESIAN_POINT('',(-0.0162414412472646,0.00210739668968156,-0.00151053449769608));
#3136=CARTESIAN_POINT('',(-0.0160705386432653,0.00228178960396104,-0.000859999769172371));
#3137=CARTESIAN_POINT('',(-0.0159805866752854,0.00233196172261712,1.17785047744824E-6));
#3138=CARTESIAN_POINT('',(-0.0160701112249806,0.00228217599136288,0.000857623664999662));
#3139=CARTESIAN_POINT('',(-0.0162415002395253,0.00210735983539254,0.00151092744599075));
#3140=CARTESIAN_POINT('',(-0.0163499784838842,0.00193499742953267,0.00179908456764596));
#3141=CARTESIAN_POINT('',(-0.0163933375736257,0.00180036350840675,0.00190434656989359));
#3142=CARTESIAN_POINT('',(-0.0163933375736257,0.00180036350840675,0.00190434656989359));
#3143=CARTESIAN_POINT('',(-0.0177026371456462,0.000503830150840163,0.00374411971725798));
#3144=CARTESIAN_POINT('',(-0.0173772525099759,0.000605112979053859,0.00345612834054099));
#3145=CARTESIAN_POINT('',(-0.0168397949248927,0.000951995257590803,0.00283345502891332));
#3146=CARTESIAN_POINT('',(-0.0165031607215205,0.00145935263572442,0.00217096204797344));
#3147=CARTESIAN_POINT('',(-0.0163933375736257,0.00180036350840675,0.00190434656989357));
#3148=CARTESIAN_POINT('',(-0.0203454242232868,0.000741405082212241,0.00495476351564131));
#3149=CARTESIAN_POINT('',(-0.019843589536175,0.000287186377522312,0.00488679658744587));
#3150=CARTESIAN_POINT('',(-0.019143724559892,0.000142305149050545,0.0046836449620682));
#3151=CARTESIAN_POINT('',(-0.0185632708539698,0.000273224043715828,0.00435680561916653));
#3152=CARTESIAN_POINT('',(-0.0203454242232868,0.000741405082212254,0.0049547635156413));
#3153=CARTESIAN_POINT('',(-0.0203454242232868,0.00074140508221225,0.00495476351564131));
#3154=CARTESIAN_POINT('',(-0.0205283157521746,0.000906943167728631,0.00497953377511264));
#3155=CARTESIAN_POINT('',(-0.0210158687849718,0.0010930534586636,0.00502046571528778));
#3156=CARTESIAN_POINT('',(-0.0215046409503886,0.000906949724716442,0.00497953475626625));
#3157=CARTESIAN_POINT('',(-0.0216875397236367,0.000741405082212265,0.00495476351564131));
#3158=CARTESIAN_POINT('',(-0.0216875397236367,0.000741405082212254,0.0049547635156413));
#3159=CARTESIAN_POINT('',(-0.0234696930929537,0.000273224043715849,0.00435680561916652));
#3160=CARTESIAN_POINT('',(-0.0228891470523154,0.000142284323343272,0.0046836969534977));
#3161=CARTESIAN_POINT('',(-0.0221895722490268,0.000287007310891791,0.00488676979284516));
#3162=CARTESIAN_POINT('',(-0.0216875397236367,0.000741405082212253,0.0049547635156413));
#3163=CARTESIAN_POINT('',(-0.0256396263732977,0.00180036350840675,0.00190434656989354));
#3164=CARTESIAN_POINT('',(-0.0255292003620785,0.00145748069021649,0.00217242560730983));
#3165=CARTESIAN_POINT('',(-0.0251919897600131,0.000951651186976867,0.00283472951067474));
#3166=CARTESIAN_POINT('',(-0.0246562573583022,0.000605282908585615,0.00345564515656357));
#3167=CARTESIAN_POINT('',(-0.0243303268012774,0.000503830150840154,0.00374411971725809));
#3168=CARTESIAN_POINT('',(-0.0256396263732977,0.00180036350840675,0.00190434656989358));
#3169=CARTESIAN_POINT('',(-0.0256396263732977,0.00180036350840675,0.00190434656989358));
#3170=CARTESIAN_POINT('',(-0.0256829917474364,0.00193501694315796,0.00179906931113962));
#3171=CARTESIAN_POINT('',(-0.0257915226996588,0.00210739668968158,0.00151053449769606));
#3172=CARTESIAN_POINT('',(-0.0259624253036581,0.00228178960396103,0.000859999769172374));
#3173=CARTESIAN_POINT('',(-0.026052377271638,0.00233196172261712,-1.17785047745711E-6));
#3174=CARTESIAN_POINT('',(-0.0259628527219428,0.00228217599136287,-0.000857623664999659));
#3175=CARTESIAN_POINT('',(-0.0257914637073981,0.00210735983539255,-0.00151092744599073));
#3176=CARTESIAN_POINT('',(-0.0256829854630392,0.00193499742953266,-0.00179908456764595));
#3177=CARTESIAN_POINT('',(-0.0256396263732977,0.00180036350840675,-0.00190434656989358));
#3178=CARTESIAN_POINT('',(-0.0210164819734617,0.01115,0.0065));
#3179=CARTESIAN_POINT('',(-0.0296950607148801,0.00536454948204823,0.00621979546381437));
#3180=CARTESIAN_POINT('',(-0.029649130869881,0.00557790711161075,0.00637635766537056));
#3181=CARTESIAN_POINT('',(-0.029673506770153,0.00584440679025294,0.00649999999999995));
#3182=CARTESIAN_POINT('',(-0.0298066398218738,0.006075,0.00649999999999995));
#3183=CARTESIAN_POINT('',(-0.02969506071488,0.00536454948204821,0.0062197954638144));
#3184=CARTESIAN_POINT('',(-0.0298066398218738,0.006075,0.0065));
#3185=CARTESIAN_POINT('',(-0.0296950607148801,0.00536454948204824,0.00621979546381436));
#3186=CARTESIAN_POINT('',(-0.0297546683402071,0.00508765454273636,0.00601660947329071));
#3187=CARTESIAN_POINT('',(-0.0297656229028169,0.00447631520575045,0.00565843722633874));
#3188=CARTESIAN_POINT('',(-0.0294470782070617,0.00384450269305703,0.00549999999999995));
#3189=CARTESIAN_POINT('',(-0.0292094407031296,0.00358706887153142,0.00549999999999996));
#3190=CARTESIAN_POINT('',(-0.0285794131019303,0.00295704127033213,0.00549999999999999));
#3191=CARTESIAN_POINT('',(-0.0283223477289169,0.00271974388171305,0.00549999999999999));
#3192=CARTESIAN_POINT('',(-0.0276958495213099,0.00240211896214087,0.00565598806620571));
#3193=CARTESIAN_POINT('',(-0.0270788229069271,0.00241181460710017,0.00601661279286185));
#3194=CARTESIAN_POINT('',(-0.0268019324914135,0.0024714212585817,0.00621979546381441));
#3195=CARTESIAN_POINT('',(-0.0268019324914135,0.00247142125858168,0.0062197954638144));
#3196=CARTESIAN_POINT('',(-0.0260914819734617,0.00235984215158795,0.0065));
#3197=CARTESIAN_POINT('',(-0.0263213892453828,0.00249257917692026,0.0065));
#3198=CARTESIAN_POINT('',(-0.0265889563980605,0.00251726896965843,0.00637607769343308));
#3199=CARTESIAN_POINT('',(-0.0268019324914135,0.00247142125858167,0.00621979546381439));
#3200=CARTESIAN_POINT('',(-0.0260914819734617,0.00235984215158794,0.0065));
#3201=CARTESIAN_POINT('',(-0.0210164819734617,0.01115,0.0065));
#3202=CARTESIAN_POINT('',(-0.0210164819734617,0.01115,0.0065));
#3203=CARTESIAN_POINT('',(-0.0256396263732977,0.00180036350840677,0.00621979546381441));
#3204=CARTESIAN_POINT('',(-0.0257065287286727,0.00200810141274026,0.0063763575557456));
#3205=CARTESIAN_POINT('',(-0.0258608886430699,0.0022267090302129,0.0065));
#3206=CARTESIAN_POINT('',(-0.0260914819734617,0.00235984215158795,0.0065));
#3207=CARTESIAN_POINT('',(-0.0256396263732977,0.00180036350840675,0.0062197954638144));
#3208=CARTESIAN_POINT('',(-0.0256396263732977,0.00180036350840676,0.00621979546381439));
#3209=CARTESIAN_POINT('',(-0.0255528006600676,0.00153076176408004,0.00601660956369898));
#3210=CARTESIAN_POINT('',(-0.0252566176867416,0.000995848967127996,0.00565843727324672));
#3211=CARTESIAN_POINT('',(-0.0246648444933902,0.000607955835431653,0.00549999999999998));
#3212=CARTESIAN_POINT('',(-0.0243303268012773,0.000503830150840163,0.00549999999999999));
#3213=CARTESIAN_POINT('',(-0.0234696930929537,0.000273224043715853,0.0055));
#3214=CARTESIAN_POINT('',(-0.023128416542238,0.000196250551533729,0.00549999999999999));
#3215=CARTESIAN_POINT('',(-0.0224270442587871,0.00023442933787441,0.00565598816466244));
#3216=CARTESIAN_POINT('',(-0.0218975300738259,0.000551339414553285,0.00601661323598317));
#3217=CARTESIAN_POINT('',(-0.0216875397236366,0.000741405082212249,0.00621979546381439));
#3218=CARTESIAN_POINT('',(-0.0216875397236367,0.000741405082212253,0.0062197954638144));
#3219=CARTESIAN_POINT('',(-0.0210164819734618,0.000999999999999996,0.0065));
#3220=CARTESIAN_POINT('',(-0.0212819573552957,0.000999999999999995,0.00649999999999999));
#3221=CARTESIAN_POINT('',(-0.0215260217099335,0.000887597652898404,0.00637607688260109));
#3222=CARTESIAN_POINT('',(-0.0216875397236367,0.000741405082212264,0.0062197954638144));
#3223=CARTESIAN_POINT('',(-0.0210164819734618,0.001,0.0065));
#3224=CARTESIAN_POINT('',(-0.0210164819734617,0.01115,0.0065));
#3225=CARTESIAN_POINT('',(-0.0210164819734617,0.01115,0.0065));
#3226=CARTESIAN_POINT('',(-0.0203454242232868,0.000741405082212245,0.00621979546381439));
#3227=CARTESIAN_POINT('',(-0.0205072310906016,0.000887859098981473,0.00637635637125505));
#3228=CARTESIAN_POINT('',(-0.0207502142249596,0.000999999999999997,0.0065));
#3229=CARTESIAN_POINT('',(-0.0210164819734618,0.000999999999999996,0.0065));
#3230=CARTESIAN_POINT('',(-0.0203454242232868,0.000741405082212254,0.0062197954638144));
#3231=CARTESIAN_POINT('',(-0.0203454242232868,0.00074140508221225,0.00621979546381439));
#3232=CARTESIAN_POINT('',(-0.0201354309648753,0.000551336782274214,0.00601661042204875));
#3233=CARTESIAN_POINT('',(-0.0196114724948426,0.000236179381813267,0.00565843738861008));
#3234=CARTESIAN_POINT('',(-0.0189050346133553,0.000196140663665205,0.0055));
#3235=CARTESIAN_POINT('',(-0.0185632708539698,0.000273224043715832,0.0055));
#3236=CARTESIAN_POINT('',(-0.0177026371456462,0.000503830150840152,0.0055));
#3237=CARTESIAN_POINT('',(-0.0173685964657211,0.000607807355330937,0.00549999999999999));
#3238=CARTESIAN_POINT('',(-0.0167802794719006,0.000991557385844084,0.00565598820232995));
#3239=CARTESIAN_POINT('',(-0.0164801618747838,0.00153076614869253,0.00601661286817108));
#3240=CARTESIAN_POINT('',(-0.0163933375736257,0.00180036350840675,0.0062197954638144));
#3241=CARTESIAN_POINT('',(-0.0163933375736257,0.00180036350840675,0.0062197954638144));
#3242=CARTESIAN_POINT('',(-0.0159414819734617,0.00235984215158795,0.0065));
#3243=CARTESIAN_POINT('',(-0.0161713891709225,0.00222710516924531,0.0065));
#3244=CARTESIAN_POINT('',(-0.0163265548377547,0.00200772998328988,0.00637607762718879));
#3245=CARTESIAN_POINT('',(-0.0163933375736257,0.00180036350840675,0.0062197954638144));
#3246=CARTESIAN_POINT('',(-0.0159414819734617,0.00235984215158795,0.0065));
#3247=CARTESIAN_POINT('',(-0.0210164819734617,0.01115,0.0065));
#3248=CARTESIAN_POINT('',(-0.0210164819734617,0.01115,0.0065));
#3249=CARTESIAN_POINT('',(-0.0152310314555099,0.00247142125858169,0.00621979546381442));
#3250=CARTESIAN_POINT('',(-0.0154443890850724,0.00251735110358071,0.00637635766537061));
#3251=CARTESIAN_POINT('',(-0.0157108887637147,0.00249297520330871,0.0065));
#3252=CARTESIAN_POINT('',(-0.0159414819734617,0.00235984215158795,0.0065));
#3253=CARTESIAN_POINT('',(-0.0152310314555099,0.00247142125858168,0.0062197954638144));
#3254=CARTESIAN_POINT('',(-0.0152310314555099,0.00247142125858168,0.00621979546381441));
#3255=CARTESIAN_POINT('',(-0.0149541365161981,0.00241181363325471,0.00601660947329076));
#3256=CARTESIAN_POINT('',(-0.0143427971792122,0.00240085907064485,0.0056584372263388));
#3257=CARTESIAN_POINT('',(-0.0137109846665188,0.00271940376640005,0.0055));
#3258=CARTESIAN_POINT('',(-0.0134535508449931,0.00295704127033211,0.0055));
#3259=CARTESIAN_POINT('',(-0.0128235232437938,0.00358706887153144,0.00550000000000002));
#3260=CARTESIAN_POINT('',(-0.0125862258551748,0.00384413424454479,0.00550000000000002));
#3261=CARTESIAN_POINT('',(-0.0122686009356026,0.00447063245215179,0.00565598806620573));
#3262=CARTESIAN_POINT('',(-0.0122782965805619,0.00508765906653462,0.00601661279286186));
#3263=CARTESIAN_POINT('',(-0.0123379032320434,0.0053645494820482,0.00621979546381441));
#3264=CARTESIAN_POINT('',(-0.0123379032320434,0.00536454948204821,0.0062197954638144));
#3265=CARTESIAN_POINT('',(-0.0122263241250496,0.006075,0.00649999999999999));
#3266=CARTESIAN_POINT('',(-0.012359061150382,0.00584509272807886,0.00649999999999999));
#3267=CARTESIAN_POINT('',(-0.0123837509431201,0.00557752557540124,0.00637607769343308));
#3268=CARTESIAN_POINT('',(-0.0123379032320434,0.00536454948204822,0.0062197954638144));
#3269=CARTESIAN_POINT('',(-0.0122263241250496,0.006075,0.0065));
#3270=CARTESIAN_POINT('',(-0.0210164819734617,0.01115,0.0065));
#3271=CARTESIAN_POINT('',(-0.0210164819734617,0.01115,0.0065));
#3272=CARTESIAN_POINT('',(-0.0298066398218738,0.006075,0.00649999999999995));
#3273=CARTESIAN_POINT('',(-0.0299393768042165,0.00630490719746083,0.00649999999999995));
#3274=CARTESIAN_POINT('',(-0.0301587519901719,0.00646007286429298,0.00637607762718875));
#3275=CARTESIAN_POINT('',(-0.030366118465055,0.00652685560016404,0.00621979546381437));
#3276=CARTESIAN_POINT('',(-0.030366118465055,0.00652685560016405,0.0062197954638144));
#3277=CARTESIAN_POINT('',(-0.0210164819734617,0.01115,0.0065));
#3278=CARTESIAN_POINT('',(-0.0311664819734618,0.01115,0.0065));
#3279=CARTESIAN_POINT('',(-0.0314250768912495,0.0104789422498251,0.00621979546381437));
#3280=CARTESIAN_POINT('',(-0.0312786228744803,0.0106407491171399,0.00637635637125502));
#3281=CARTESIAN_POINT('',(-0.0311664819734618,0.0108837322514979,0.00649999999999995));
#3282=CARTESIAN_POINT('',(-0.0311664819734618,0.01115,0.00649999999999995));
#3283=CARTESIAN_POINT('',(-0.0314250768912495,0.0104789422498251,0.0062197954638144));
#3284=CARTESIAN_POINT('',(-0.0314250768912495,0.0104789422498251,0.00621979546381438));
#3285=CARTESIAN_POINT('',(-0.0316151451911875,0.0102689489914136,0.00601661042204874));
#3286=CARTESIAN_POINT('',(-0.0319303025916485,0.0097449905213809,0.00565843738861006));
#3287=CARTESIAN_POINT('',(-0.0319703413097965,0.00903855263989355,0.00549999999999998));
#3288=CARTESIAN_POINT('',(-0.0318932579297459,0.00869678888050807,0.00549999999999998));
#3289=CARTESIAN_POINT('',(-0.0316626518226216,0.00783615517218442,0.00549999999999995));
#3290=CARTESIAN_POINT('',(-0.0315586746181308,0.00750211449225933,0.00549999999999996));
#3291=CARTESIAN_POINT('',(-0.0311749245876177,0.00691379749843889,0.00565598820232992));
#3292=CARTESIAN_POINT('',(-0.0306357158247692,0.00661367990132206,0.00601661286817105));
#3293=CARTESIAN_POINT('',(-0.030366118465055,0.00652685560016405,0.00621979546381437));
#3294=CARTESIAN_POINT('',(-0.0210164819734617,0.01115,0.0065));
#3295=CARTESIAN_POINT('',(-0.0116668454818684,0.00652685560016405,0.00621979546381439));
#3296=CARTESIAN_POINT('',(-0.0118745833862019,0.00645995324478896,0.00637635755574559));
#3297=CARTESIAN_POINT('',(-0.0120931910036746,0.00630559333039183,0.00649999999999999));
#3298=CARTESIAN_POINT('',(-0.0122263241250496,0.006075,0.00649999999999999));
#3299=CARTESIAN_POINT('',(-0.0116668454818684,0.00652685560016404,0.00621979546381438));
#3300=CARTESIAN_POINT('',(-0.0116668454818684,0.00652685560016404,0.00621979546381438));
#3301=CARTESIAN_POINT('',(-0.0113972437375417,0.00661368131339417,0.00601660956369898));
#3302=CARTESIAN_POINT('',(-0.0108623309405897,0.00690986428672017,0.00565843727324672));
#3303=CARTESIAN_POINT('',(-0.0104744378088933,0.00750163748007152,0.00549999999999999));
#3304=CARTESIAN_POINT('',(-0.0103703121243019,0.0078361551721844,0.00549999999999999));
#3305=CARTESIAN_POINT('',(-0.0101397060171775,0.00869678888050805,0.0055));
#3306=CARTESIAN_POINT('',(-0.0100627325249954,0.00903806543122378,0.0055));
#3307=CARTESIAN_POINT('',(-0.0101009113113361,0.00973943771467465,0.00565598816466246));
#3308=CARTESIAN_POINT('',(-0.010417821388015,0.0102689518996359,0.00601661323598319));
#3309=CARTESIAN_POINT('',(-0.010607887055674,0.0104789422498251,0.00621979546381441));
#3310=CARTESIAN_POINT('',(-0.010607887055674,0.0104789422498251,0.00621979546381441));
#3311=CARTESIAN_POINT('',(-0.0108664819734617,0.01115,0.00650000000000001));
#3312=CARTESIAN_POINT('',(-0.0108664819734617,0.0108845246181661,0.00650000000000001));
#3313=CARTESIAN_POINT('',(-0.0107540796263601,0.0106404602635283,0.00637607688260111));
#3314=CARTESIAN_POINT('',(-0.010607887055674,0.0104789422498251,0.00621979546381442));
#3315=CARTESIAN_POINT('',(-0.0108664819734617,0.01115,0.0065));
#3316=CARTESIAN_POINT('',(-0.0210164819734617,0.01115,0.0065));
#3317=CARTESIAN_POINT('',(-0.0210164819734617,0.01115,0.0065));
#3318=CARTESIAN_POINT('',(-0.010607887055674,0.0118210577501749,0.0062197954638144));
#3319=CARTESIAN_POINT('',(-0.0107543410724432,0.0116592508828602,0.00637635637125506));
#3320=CARTESIAN_POINT('',(-0.0108664819734617,0.0114162677485021,0.00650000000000001));
#3321=CARTESIAN_POINT('',(-0.0108664819734617,0.01115,0.00650000000000001));
#3322=CARTESIAN_POINT('',(-0.010607887055674,0.0118210577501749,0.00621979546381441));
#3323=CARTESIAN_POINT('',(-0.010607887055674,0.0118210577501749,0.0062197954638144));
#3324=CARTESIAN_POINT('',(-0.0104178187557359,0.0120310510085864,0.00601661042204875));
#3325=CARTESIAN_POINT('',(-0.010102661355275,0.0125550094786191,0.00565843738861007));
#3326=CARTESIAN_POINT('',(-0.0100626226371269,0.0132614473601065,0.00549999999999999));
#3327=CARTESIAN_POINT('',(-0.0101397060171775,0.013603211119492,0.00549999999999998));
#3328=CARTESIAN_POINT('',(-0.0103703121243019,0.0144638448278156,0.00550000000000001));
#3329=CARTESIAN_POINT('',(-0.0104742893287927,0.0147978855077407,0.00550000000000001));
#3330=CARTESIAN_POINT('',(-0.0108580393593058,0.0153862025015611,0.00565598820232997));
#3331=CARTESIAN_POINT('',(-0.0113972481221542,0.0156863200986779,0.00601661286817108));
#3332=CARTESIAN_POINT('',(-0.0116668454818685,0.015773144399836,0.0062197954638144));
#3333=CARTESIAN_POINT('',(-0.0116668454818685,0.015773144399836,0.0062197954638144));
#3334=CARTESIAN_POINT('',(-0.0122263241250497,0.016225,0.00650000000000001));
#3335=CARTESIAN_POINT('',(-0.012093587142707,0.0159950928025392,0.00650000000000001));
#3336=CARTESIAN_POINT('',(-0.0118742119567516,0.015839927135707,0.00637607762718879));
#3337=CARTESIAN_POINT('',(-0.0116668454818685,0.015773144399836,0.00621979546381441));
#3338=CARTESIAN_POINT('',(-0.0122263241250497,0.016225,0.0065));
#3339=CARTESIAN_POINT('',(-0.0210164819734617,0.01115,0.0065));
#3340=CARTESIAN_POINT('',(-0.0210164819734617,0.01115,0.0065));
#3341=CARTESIAN_POINT('',(-0.0123379032320434,0.0169354505179518,0.0062197954638144));
#3342=CARTESIAN_POINT('',(-0.0123838330770424,0.0167220928883893,0.0063763576653706));
#3343=CARTESIAN_POINT('',(-0.0123594571767704,0.0164555932097471,0.00650000000000001));
#3344=CARTESIAN_POINT('',(-0.0122263241250497,0.016225,0.00650000000000001));
#3345=CARTESIAN_POINT('',(-0.0123379032320434,0.0169354505179518,0.0062197954638144));
#3346=CARTESIAN_POINT('',(-0.0123379032320434,0.0169354505179518,0.00621979546381439));
#3347=CARTESIAN_POINT('',(-0.0122782956067164,0.0172123454572637,0.00601660947329074));
#3348=CARTESIAN_POINT('',(-0.0122673410441065,0.0178236847942496,0.00565843722633877));
#3349=CARTESIAN_POINT('',(-0.0125858857398617,0.018455497306943,0.00549999999999997));
#3350=CARTESIAN_POINT('',(-0.0128235232437938,0.0187129311284686,0.00549999999999997));
#3351=CARTESIAN_POINT('',(-0.0134535508449931,0.0193429587296679,0.0055));
#3352=CARTESIAN_POINT('',(-0.0137106162180065,0.019580256118287,0.00549999999999999));
#3353=CARTESIAN_POINT('',(-0.0143371144256135,0.0198978810378592,0.0056559880662057));
#3354=CARTESIAN_POINT('',(-0.0149541410399963,0.0198881853928999,0.00601661279286183));
#3355=CARTESIAN_POINT('',(-0.0152310314555099,0.0198285787414183,0.00621979546381438));
#3356=CARTESIAN_POINT('',(-0.0152310314555099,0.0198285787414184,0.0062197954638144));
#3357=CARTESIAN_POINT('',(-0.0159414819734617,0.0199401578484121,0.0065));
#3358=CARTESIAN_POINT('',(-0.0157115747015406,0.0198074208230797,0.0065));
#3359=CARTESIAN_POINT('',(-0.0154440075488629,0.0197827310303416,0.00637607769343308));
#3360=CARTESIAN_POINT('',(-0.0152310314555099,0.0198285787414183,0.00621979546381439));
#3361=CARTESIAN_POINT('',(-0.0159414819734617,0.0199401578484121,0.0065));
#3362=CARTESIAN_POINT('',(-0.0210164819734617,0.01115,0.0065));
#3363=CARTESIAN_POINT('',(-0.0210164819734617,0.01115,0.0065));
#3364=CARTESIAN_POINT('',(-0.0163933375736258,0.0204996364915933,0.00621979546381438));
#3365=CARTESIAN_POINT('',(-0.0163264352182507,0.0202918985872598,0.00637635755574558));
#3366=CARTESIAN_POINT('',(-0.0161720753038535,0.0200732909697871,0.00649999999999999));
#3367=CARTESIAN_POINT('',(-0.0159414819734617,0.0199401578484121,0.0065));
#3368=CARTESIAN_POINT('',(-0.0163933375736257,0.0204996364915933,0.0062197954638144));
#3369=CARTESIAN_POINT('',(-0.0163933375736258,0.0204996364915933,0.00621979546381438));
#3370=CARTESIAN_POINT('',(-0.0164801632868559,0.02076923823592,0.00601660956369898));
#3371=CARTESIAN_POINT('',(-0.0167763462601819,0.021304151032872,0.00565843727324671));
#3372=CARTESIAN_POINT('',(-0.0173681194535332,0.0216920441645684,0.00549999999999998));
#3373=CARTESIAN_POINT('',(-0.0177026371456461,0.0217961698491599,0.00549999999999997));
#3374=CARTESIAN_POINT('',(-0.0185632708539697,0.0220267759562842,0.00549999999999999));
#3375=CARTESIAN_POINT('',(-0.0189045474046855,0.0221037494484663,0.00549999999999998));
#3376=CARTESIAN_POINT('',(-0.0196059196881364,0.0220655706621256,0.00565598816466243));
#3377=CARTESIAN_POINT('',(-0.0201354338730976,0.0217486605854467,0.00601661323598317));
#3378=CARTESIAN_POINT('',(-0.0203454242232868,0.0215585949177878,0.00621979546381439));
#3379=CARTESIAN_POINT('',(-0.0203454242232868,0.0215585949177877,0.0062197954638144));
#3380=CARTESIAN_POINT('',(-0.0210164819734617,0.0213,0.0065));
#3381=CARTESIAN_POINT('',(-0.0207510065916278,0.0213,0.0065));
#3382=CARTESIAN_POINT('',(-0.02050694223699,0.0214124023471016,0.0063760768826011));
#3383=CARTESIAN_POINT('',(-0.0203454242232868,0.0215585949177878,0.00621979546381439));
#3384=CARTESIAN_POINT('',(-0.0210164819734618,0.0213,0.0065));
#3385=CARTESIAN_POINT('',(-0.0210164819734617,0.01115,0.0065));
#3386=CARTESIAN_POINT('',(-0.0210164819734617,0.01115,0.0065));
#3387=CARTESIAN_POINT('',(-0.0311664819734618,0.01115,0.00649999999999995));
#3388=CARTESIAN_POINT('',(-0.0311664819734618,0.0114154753818339,0.00649999999999995));
#3389=CARTESIAN_POINT('',(-0.0312788843205633,0.0116595397364717,0.00637607688260106));
#3390=CARTESIAN_POINT('',(-0.0314250768912495,0.0118210577501749,0.00621979546381436));
#3391=CARTESIAN_POINT('',(-0.0314250768912495,0.0118210577501749,0.0062197954638144));
#3392=CARTESIAN_POINT('',(-0.0210164819734617,0.01115,0.0065));
#3393=CARTESIAN_POINT('',(-0.0298066398218738,0.016225,0.0065));
#3394=CARTESIAN_POINT('',(-0.030366118465055,0.015773144399836,0.00621979546381438));
#3395=CARTESIAN_POINT('',(-0.0301583805607215,0.015840046755211,0.00637635755574558));
#3396=CARTESIAN_POINT('',(-0.0299397729432488,0.0159944066696082,0.00649999999999999));
#3397=CARTESIAN_POINT('',(-0.0298066398218738,0.016225,0.00649999999999999));
#3398=CARTESIAN_POINT('',(-0.030366118465055,0.015773144399836,0.0062197954638144));
#3399=CARTESIAN_POINT('',(-0.030366118465055,0.015773144399836,0.00621979546381436));
#3400=CARTESIAN_POINT('',(-0.0306357202093817,0.0156863186866059,0.00601660956369895));
#3401=CARTESIAN_POINT('',(-0.0311706330063337,0.0153901357132799,0.00565843727324669));
#3402=CARTESIAN_POINT('',(-0.0315585261380301,0.0147983625199285,0.00549999999999995));
#3403=CARTESIAN_POINT('',(-0.0316626518226216,0.0144638448278156,0.00549999999999996));
#3404=CARTESIAN_POINT('',(-0.0318932579297459,0.013603211119492,0.00549999999999998));
#3405=CARTESIAN_POINT('',(-0.031970231421928,0.0132619345687763,0.00549999999999997));
#3406=CARTESIAN_POINT('',(-0.0319320526355873,0.0125605622853254,0.00565598816466242));
#3407=CARTESIAN_POINT('',(-0.0316151425589084,0.0120310481003642,0.00601661323598316));
#3408=CARTESIAN_POINT('',(-0.0314250768912495,0.0118210577501749,0.00621979546381438));
#3409=CARTESIAN_POINT('',(-0.0210164819734617,0.01115,0.0065));
#3410=CARTESIAN_POINT('',(-0.0298066398218738,0.016225,0.00649999999999999));
#3411=CARTESIAN_POINT('',(-0.0296739027965414,0.0164549072719211,0.0065));
#3412=CARTESIAN_POINT('',(-0.0296492130038033,0.0167224744245988,0.00637607769343308));
#3413=CARTESIAN_POINT('',(-0.02969506071488,0.0169354505179518,0.00621979546381439));
#3414=CARTESIAN_POINT('',(-0.02969506071488,0.0169354505179518,0.0062197954638144));
#3415=CARTESIAN_POINT('',(-0.0210164819734617,0.01115,0.0065));
#3416=CARTESIAN_POINT('',(-0.0260914819734617,0.0199401578484121,0.0065));
#3417=CARTESIAN_POINT('',(-0.0268019324914135,0.0198285787414184,0.00621979546381436));
#3418=CARTESIAN_POINT('',(-0.026588574861851,0.0197826488964193,0.00637635766537056));
#3419=CARTESIAN_POINT('',(-0.0263220751832088,0.0198070247966913,0.00649999999999995));
#3420=CARTESIAN_POINT('',(-0.0260914819734617,0.0199401578484121,0.00649999999999995));
#3421=CARTESIAN_POINT('',(-0.0268019324914135,0.0198285787414184,0.0062197954638144));
#3422=CARTESIAN_POINT('',(-0.0268019324914135,0.0198285787414184,0.00621979546381436));
#3423=CARTESIAN_POINT('',(-0.0270788274307253,0.0198881863667453,0.00601660947329071));
#3424=CARTESIAN_POINT('',(-0.0276901667677113,0.0198991409293552,0.00565843722633873));
#3425=CARTESIAN_POINT('',(-0.0283219792804047,0.0195805962336,0.00549999999999993));
#3426=CARTESIAN_POINT('',(-0.0285794131019303,0.0193429587296679,0.00549999999999993));
#3427=CARTESIAN_POINT('',(-0.0292094407031296,0.0187129311284686,0.00549999999999997));
#3428=CARTESIAN_POINT('',(-0.0294467380917487,0.0184558657554552,0.00549999999999997));
#3429=CARTESIAN_POINT('',(-0.0297643630113209,0.0178293675478482,0.00565598806620569));
#3430=CARTESIAN_POINT('',(-0.0297546673663616,0.0172123409334654,0.00601661279286183));
#3431=CARTESIAN_POINT('',(-0.02969506071488,0.0169354505179518,0.00621979546381439));
#3432=CARTESIAN_POINT('',(-0.0210164819734617,0.01115,0.0065));
#3433=CARTESIAN_POINT('',(-0.0260914819734617,0.0199401578484121,0.00649999999999995));
#3434=CARTESIAN_POINT('',(-0.0258615747760009,0.0200728948307547,0.00649999999999996));
#3435=CARTESIAN_POINT('',(-0.0257064091091687,0.0202922700167102,0.00637607762718875));
#3436=CARTESIAN_POINT('',(-0.0256396263732977,0.0204996364915933,0.00621979546381438));
#3437=CARTESIAN_POINT('',(-0.0256396263732977,0.0204996364915933,0.0062197954638144));
#3438=CARTESIAN_POINT('',(-0.0210164819734617,0.01115,0.0065));
#3439=CARTESIAN_POINT('',(-0.0216875397236367,0.0215585949177877,0.00621979546381439));
#3440=CARTESIAN_POINT('',(-0.0215257328563219,0.0214121409010185,0.00637635637125504));
#3441=CARTESIAN_POINT('',(-0.0212827497219639,0.0213,0.0065));
#3442=CARTESIAN_POINT('',(-0.0210164819734617,0.0213,0.0065));
#3443=CARTESIAN_POINT('',(-0.0216875397236367,0.0215585949177878,0.00621979546381439));
#3444=CARTESIAN_POINT('',(-0.0216875397236366,0.0215585949177878,0.00621979546381435));
#3445=CARTESIAN_POINT('',(-0.0218975329820481,0.0217486632177258,0.0060166104220487));
#3446=CARTESIAN_POINT('',(-0.0224214914520808,0.0220638206181868,0.00565843738861002));
#3447=CARTESIAN_POINT('',(-0.0231279293335682,0.0221038593363349,0.00549999999999993));
#3448=CARTESIAN_POINT('',(-0.0234696930929537,0.0220267759562842,0.00549999999999993));
#3449=CARTESIAN_POINT('',(-0.0234696930929537,0.0220267759562842,0.0055));
#3450=CARTESIAN_POINT('',(-0.0210164819734617,0.01115,0.0055));
#3451=CARTESIAN_POINT('',(-0.0243303268012773,0.0217961698491599,0.0055));
#3452=CARTESIAN_POINT('',(-0.0243303268012773,0.0217961698491599,0.00549999999999996));
#3453=CARTESIAN_POINT('',(-0.0246643674812024,0.0216921926446691,0.00549999999999995));
#3454=CARTESIAN_POINT('',(-0.0252526844750229,0.0213084426141559,0.00565598820232991));
#3455=CARTESIAN_POINT('',(-0.0255528020721397,0.0207692338513075,0.00601661286817104));
#3456=CARTESIAN_POINT('',(-0.0256396263732977,0.0204996364915933,0.00621979546381436));
#3457=CARTESIAN_POINT('',(-0.0210164819734617,0.01115,-0.0055));
#3458=CARTESIAN_POINT('',(-0.0292094407031296,0.00358706887153143,-0.00549999999999996));
#3459=CARTESIAN_POINT('',(-0.0294467380917487,0.00384413424454477,-0.00549999999999995));
#3460=CARTESIAN_POINT('',(-0.0297643630113209,0.0044706324521518,-0.00565598806620566));
#3461=CARTESIAN_POINT('',(-0.0297546673663616,0.00508765906653465,-0.00601661279286181));
#3462=CARTESIAN_POINT('',(-0.0296950607148801,0.00536454948204824,-0.00621979546381436));
#3463=CARTESIAN_POINT('',(-0.02969506071488,0.00536454948204821,-0.0062197954638144));
#3464=CARTESIAN_POINT('',(-0.0298066398218737,0.00607499999999973,-0.00649999999999995));
#3465=CARTESIAN_POINT('',(-0.0296739027965414,0.00584509272807863,-0.00649999999999986));
#3466=CARTESIAN_POINT('',(-0.0296492130038033,0.00557752557540117,-0.00637607769343299));
#3467=CARTESIAN_POINT('',(-0.0296950607148801,0.00536454948204823,-0.00621979546381437));
#3468=CARTESIAN_POINT('',(-0.0298066398218729,0.00607500000000037,-0.00650000000000108));
#3469=CARTESIAN_POINT('',(-0.0210164819734617,0.01115,-0.0065));
#3470=CARTESIAN_POINT('',(-0.0260914819734611,0.00235984215158872,-0.00650000000000108));
#3471=CARTESIAN_POINT('',(-0.0268019324914135,0.00247142125858167,-0.00621979546381439));
#3472=CARTESIAN_POINT('',(-0.0265885748618509,0.00251735110358072,-0.00637635766537065));
#3473=CARTESIAN_POINT('',(-0.0263220751832086,0.00249297520330868,-0.00650000000000008));
#3474=CARTESIAN_POINT('',(-0.0260914819734615,0.00235984215158781,-0.0065));
#3475=CARTESIAN_POINT('',(-0.0268019324914135,0.00247142125858168,-0.0062197954638144));
#3476=CARTESIAN_POINT('',(-0.0268019324914135,0.0024714212585817,-0.00621979546381441));
#3477=CARTESIAN_POINT('',(-0.0270788274307254,0.00241181363325473,-0.00601660947329075));
#3478=CARTESIAN_POINT('',(-0.0276901667677113,0.00240085907064487,-0.00565843722633879));
#3479=CARTESIAN_POINT('',(-0.0283219792804047,0.00271940376640007,-0.00549999999999999));
#3480=CARTESIAN_POINT('',(-0.0285794131019303,0.00295704127033213,-0.00549999999999999));
#3481=CARTESIAN_POINT('',(-0.0210164819734617,0.01115,-0.0055));
#3482=CARTESIAN_POINT('',(-0.0243303268012773,0.000503830150840164,-0.00549999999999999));
#3483=CARTESIAN_POINT('',(-0.0246643674812024,0.00060780735533095,-0.00549999999999998));
#3484=CARTESIAN_POINT('',(-0.0252526844750228,0.000991557385844096,-0.00565598820232995));
#3485=CARTESIAN_POINT('',(-0.0255528020721397,0.00153076614869254,-0.00601661286817107));
#3486=CARTESIAN_POINT('',(-0.0256396263732977,0.00180036350840676,-0.00621979546381439));
#3487=CARTESIAN_POINT('',(-0.0256396263732977,0.00180036350840675,-0.0062197954638144));
#3488=CARTESIAN_POINT('',(-0.0260914819734615,0.00235984215158781,-0.0065));
#3489=CARTESIAN_POINT('',(-0.0258615747760007,0.00222710516924515,-0.00649999999999992));
#3490=CARTESIAN_POINT('',(-0.0257064091091687,0.00200772998328981,-0.00637607762718873));
#3491=CARTESIAN_POINT('',(-0.0256396263732977,0.00180036350840676,-0.00621979546381441));
#3492=CARTESIAN_POINT('',(-0.0210164819734617,0.01115,-0.0065));
#3493=CARTESIAN_POINT('',(-0.0210164819734616,0.00100000000000097,-0.00650000000000107));
#3494=CARTESIAN_POINT('',(-0.0216875397236367,0.000741405082212266,-0.00621979546381441));
#3495=CARTESIAN_POINT('',(-0.0215257328563218,0.000887859098981534,-0.00637635637125511));
#3496=CARTESIAN_POINT('',(-0.0212827497219637,0.00100000000000008,-0.00650000000000008));
#3497=CARTESIAN_POINT('',(-0.0210164819734615,0.000999999999999997,-0.0065));
#3498=CARTESIAN_POINT('',(-0.0216875397236367,0.000741405082212254,-0.0062197954638144));
#3499=CARTESIAN_POINT('',(-0.0216875397236366,0.000741405082212247,-0.00621979546381439));
#3500=CARTESIAN_POINT('',(-0.0218975329820481,0.000551336782274211,-0.00601661042204874));
#3501=CARTESIAN_POINT('',(-0.0224214914520808,0.000236179381813263,-0.00565843738861006));
#3502=CARTESIAN_POINT('',(-0.0231279293335682,0.000196140663665217,-0.00549999999999999));
#3503=CARTESIAN_POINT('',(-0.0234696930929537,0.000273224043715853,-0.0055));
#3504=CARTESIAN_POINT('',(-0.0210164819734617,0.01115,-0.0055));
#3505=CARTESIAN_POINT('',(-0.0185632708539698,0.000273224043715832,-0.0055));
#3506=CARTESIAN_POINT('',(-0.0189045474046855,0.000196250551533718,-0.0055));
#3507=CARTESIAN_POINT('',(-0.0196059196881364,0.000234429337874415,-0.00565598816466245));
#3508=CARTESIAN_POINT('',(-0.0201354338730976,0.000551339414553287,-0.00601661323598318));
#3509=CARTESIAN_POINT('',(-0.0203454242232868,0.000741405082212251,-0.0062197954638144));
#3510=CARTESIAN_POINT('',(-0.0203454242232868,0.000741405082212254,-0.0062197954638144));
#3511=CARTESIAN_POINT('',(-0.0210164819734615,0.000999999999999996,-0.0065));
#3512=CARTESIAN_POINT('',(-0.0207510065916276,0.000999999999999917,-0.00649999999999991));
#3513=CARTESIAN_POINT('',(-0.0205069422369899,0.000887597652898344,-0.00637607688260104));
#3514=CARTESIAN_POINT('',(-0.0203454242232868,0.000741405082212245,-0.00621979546381439));
#3515=CARTESIAN_POINT('',(-0.0210164819734617,0.01115,-0.0065));
#3516=CARTESIAN_POINT('',(-0.0159414819734621,0.00235984215158887,-0.00650000000000108));
#3517=CARTESIAN_POINT('',(-0.0163933375736257,0.00180036350840675,-0.0062197954638144));
#3518=CARTESIAN_POINT('',(-0.0163264352182506,0.00200810141274033,-0.00637635755574565));
#3519=CARTESIAN_POINT('',(-0.0161720753038534,0.00222670903021304,-0.00650000000000008));
#3520=CARTESIAN_POINT('',(-0.0159414819734615,0.00235984215158808,-0.0065));
#3521=CARTESIAN_POINT('',(-0.0163933375736257,0.00180036350840675,-0.0062197954638144));
#3522=CARTESIAN_POINT('',(-0.0163933375736257,0.00180036350840675,-0.00621979546381439));
#3523=CARTESIAN_POINT('',(-0.0164801632868559,0.00153076176408003,-0.00601660956369899));
#3524=CARTESIAN_POINT('',(-0.0167763462601819,0.000995848967127985,-0.00565843727324672));
#3525=CARTESIAN_POINT('',(-0.0173681194535333,0.00060795583543164,-0.00549999999999999));
#3526=CARTESIAN_POINT('',(-0.0177026371456461,0.000503830150840152,-0.00549999999999999));
#3527=CARTESIAN_POINT('',(-0.0210164819734617,0.01115,-0.0055));
#3528=CARTESIAN_POINT('',(-0.0134535508449931,0.00295704127033211,-0.0055));
#3529=CARTESIAN_POINT('',(-0.0137106162180065,0.00271974388171303,-0.0055));
#3530=CARTESIAN_POINT('',(-0.0143371144256135,0.00240211896214085,-0.00565598806620571));
#3531=CARTESIAN_POINT('',(-0.0149541410399964,0.00241181460710015,-0.00601661279286186));
#3532=CARTESIAN_POINT('',(-0.0152310314555099,0.00247142125858168,-0.00621979546381442));
#3533=CARTESIAN_POINT('',(-0.0152310314555099,0.00247142125858168,-0.0062197954638144));
#3534=CARTESIAN_POINT('',(-0.0159414819734615,0.00235984215158808,-0.0065));
#3535=CARTESIAN_POINT('',(-0.0157115747015404,0.0024925791769203,-0.00649999999999993));
#3536=CARTESIAN_POINT('',(-0.0154440075488629,0.00251726896965842,-0.00637607769343304));
#3537=CARTESIAN_POINT('',(-0.0152310314555099,0.00247142125858168,-0.00621979546381442));
#3538=CARTESIAN_POINT('',(-0.0210164819734617,0.01115,-0.0065));
#3539=CARTESIAN_POINT('',(-0.0122263241250497,0.006075,-0.0065));
#3540=CARTESIAN_POINT('',(-0.0123379032320434,0.00536454948204821,-0.0062197954638144));
#3541=CARTESIAN_POINT('',(-0.0123838330770424,0.00557790711161073,-0.00637635766537059));
#3542=CARTESIAN_POINT('',(-0.0123594571767704,0.00584440679025294,-0.00649999999999999));
#3543=CARTESIAN_POINT('',(-0.0122263241250496,0.00607499999999999,-0.00649999999999999));
#3544=CARTESIAN_POINT('',(-0.0123379032320434,0.00536454948204821,-0.0062197954638144));
#3545=CARTESIAN_POINT('',(-0.0123379032320434,0.0053645494820482,-0.00621979546381441));
#3546=CARTESIAN_POINT('',(-0.0122782956067164,0.00508765454273632,-0.00601660947329076));
#3547=CARTESIAN_POINT('',(-0.0122673410441066,0.00447631520575043,-0.00565843722633881));
#3548=CARTESIAN_POINT('',(-0.0125858857398618,0.00384450269305705,-0.00550000000000002));
#3549=CARTESIAN_POINT('',(-0.0128235232437938,0.00358706887153144,-0.00550000000000002));
#3550=CARTESIAN_POINT('',(-0.0210164819734617,0.01115,-0.0055));
#3551=CARTESIAN_POINT('',(-0.030366118465055,0.00652685560016404,-0.00621979546381437));
#3552=CARTESIAN_POINT('',(-0.0301583805607214,0.00645995324478892,-0.00637635755574562));
#3553=CARTESIAN_POINT('',(-0.0299397729432487,0.0063055933303917,-0.00650000000000004));
#3554=CARTESIAN_POINT('',(-0.0298066398218737,0.00607499999999973,-0.00649999999999995));
#3555=CARTESIAN_POINT('',(-0.030366118465055,0.00652685560016405,-0.0062197954638144));
#3556=CARTESIAN_POINT('',(-0.030366118465055,0.00652685560016405,-0.00621979546381437));
#3557=CARTESIAN_POINT('',(-0.0306357202093817,0.00661368131339418,-0.00601660956369897));
#3558=CARTESIAN_POINT('',(-0.0311706330063337,0.00690986428672017,-0.0056584372732467));
#3559=CARTESIAN_POINT('',(-0.0315585261380301,0.00750163748007155,-0.00549999999999995));
#3560=CARTESIAN_POINT('',(-0.0316626518226216,0.00783615517218442,-0.00549999999999995));
#3561=CARTESIAN_POINT('',(-0.0318932579297459,0.00869678888050806,-0.00549999999999998));
#3562=CARTESIAN_POINT('',(-0.031970231421928,0.00903806543122379,-0.00549999999999998));
#3563=CARTESIAN_POINT('',(-0.0319320526355873,0.00973943771467466,-0.00565598816466243));
#3564=CARTESIAN_POINT('',(-0.0316151425589084,0.0102689518996359,-0.00601661323598316));
#3565=CARTESIAN_POINT('',(-0.0314250768912495,0.0104789422498251,-0.00621979546381438));
#3566=CARTESIAN_POINT('',(-0.0314250768912495,0.0104789422498251,-0.0062197954638144));
#3567=CARTESIAN_POINT('',(-0.0311664819734618,0.0111499999999997,-0.00649999999999995));
#3568=CARTESIAN_POINT('',(-0.0311664819734618,0.0108845246181659,-0.00649999999999987));
#3569=CARTESIAN_POINT('',(-0.0312788843205634,0.0106404602635282,-0.00637607688260101));
#3570=CARTESIAN_POINT('',(-0.0314250768912495,0.0104789422498251,-0.00621979546381438));
#3571=CARTESIAN_POINT('',(-0.0311664819734608,0.0111499999999999,-0.00650000000000108));
#3572=CARTESIAN_POINT('',(-0.0210164819734617,0.01115,-0.0065));
#3573=CARTESIAN_POINT('',(-0.0210164819734617,0.01115,-0.0055));
#3574=CARTESIAN_POINT('',(-0.0103703121243019,0.0078361551721844,-0.00549999999999999));
#3575=CARTESIAN_POINT('',(-0.0104742893287926,0.00750211449225931,-0.00549999999999999));
#3576=CARTESIAN_POINT('',(-0.0108580393593058,0.00691379749843887,-0.00565598820232995));
#3577=CARTESIAN_POINT('',(-0.0113972481221542,0.00661367990132204,-0.00601661286817107));
#3578=CARTESIAN_POINT('',(-0.0116668454818684,0.00652685560016404,-0.00621979546381438));
#3579=CARTESIAN_POINT('',(-0.0116668454818684,0.00652685560016404,-0.00621979546381438));
#3580=CARTESIAN_POINT('',(-0.0122263241250496,0.00607499999999999,-0.00649999999999999));
#3581=CARTESIAN_POINT('',(-0.012093587142707,0.00630490719746083,-0.0065));
#3582=CARTESIAN_POINT('',(-0.0118742119567516,0.006460072864293,-0.00637607762718877));
#3583=CARTESIAN_POINT('',(-0.0116668454818684,0.00652685560016405,-0.00621979546381439));
#3584=CARTESIAN_POINT('',(-0.0210164819734617,0.01115,-0.0065));
#3585=CARTESIAN_POINT('',(-0.0108664819734627,0.0111500000000002,-0.00650000000000108));
#3586=CARTESIAN_POINT('',(-0.010607887055674,0.0104789422498251,-0.00621979546381442));
#3587=CARTESIAN_POINT('',(-0.0107543410724432,0.0106407491171399,-0.00637635637125512));
#3588=CARTESIAN_POINT('',(-0.0108664819734618,0.0108837322514981,-0.0065000000000001));
#3589=CARTESIAN_POINT('',(-0.0108664819734617,0.0111500000000003,-0.00650000000000001));
#3590=CARTESIAN_POINT('',(-0.010607887055674,0.0104789422498251,-0.00621979546381441));
#3591=CARTESIAN_POINT('',(-0.010607887055674,0.0104789422498251,-0.00621979546381441));
#3592=CARTESIAN_POINT('',(-0.0104178187557359,0.0102689489914136,-0.00601661042204877));
#3593=CARTESIAN_POINT('',(-0.010102661355275,0.0097449905213809,-0.00565843738861008));
#3594=CARTESIAN_POINT('',(-0.0100626226371269,0.00903855263989353,-0.0055));
#3595=CARTESIAN_POINT('',(-0.0101397060171775,0.00869678888050805,-0.0055));
#3596=CARTESIAN_POINT('',(-0.0210164819734617,0.01115,-0.0055));
#3597=CARTESIAN_POINT('',(-0.0101397060171775,0.013603211119492,-0.00549999999999999));
#3598=CARTESIAN_POINT('',(-0.0100627325249954,0.0132619345687762,-0.00549999999999999));
#3599=CARTESIAN_POINT('',(-0.0101009113113361,0.0125605622853254,-0.00565598816466244));
#3600=CARTESIAN_POINT('',(-0.010417821388015,0.0120310481003641,-0.00601661323598318));
#3601=CARTESIAN_POINT('',(-0.010607887055674,0.0118210577501749,-0.0062197954638144));
#3602=CARTESIAN_POINT('',(-0.010607887055674,0.0118210577501749,-0.00621979546381441));
#3603=CARTESIAN_POINT('',(-0.0108664819734617,0.0111500000000003,-0.00650000000000001));
#3604=CARTESIAN_POINT('',(-0.0108664819734616,0.0114154753818341,-0.00649999999999992));
#3605=CARTESIAN_POINT('',(-0.0107540796263601,0.0116595397364718,-0.00637607688260105));
#3606=CARTESIAN_POINT('',(-0.010607887055674,0.0118210577501749,-0.0062197954638144));
#3607=CARTESIAN_POINT('',(-0.0210164819734617,0.01115,-0.0065));
#3608=CARTESIAN_POINT('',(-0.0122263241250506,0.0162249999999996,-0.00650000000000108));
#3609=CARTESIAN_POINT('',(-0.0116668454818685,0.015773144399836,-0.00621979546381441));
#3610=CARTESIAN_POINT('',(-0.011874583386202,0.0158400467552111,-0.00637635755574566));
#3611=CARTESIAN_POINT('',(-0.0120931910036748,0.0159944066696083,-0.0065000000000001));
#3612=CARTESIAN_POINT('',(-0.0122263241250498,0.0162250000000003,-0.00650000000000001));
#3613=CARTESIAN_POINT('',(-0.0116668454818685,0.015773144399836,-0.0062197954638144));
#3614=CARTESIAN_POINT('',(-0.0116668454818685,0.015773144399836,-0.0062197954638144));
#3615=CARTESIAN_POINT('',(-0.0113972437375417,0.0156863186866058,-0.006016609563699));
#3616=CARTESIAN_POINT('',(-0.0108623309405897,0.0153901357132798,-0.00565843727324674));
#3617=CARTESIAN_POINT('',(-0.0104744378088934,0.0147983625199285,-0.00550000000000001));
#3618=CARTESIAN_POINT('',(-0.0103703121243019,0.0144638448278156,-0.00550000000000001));
#3619=CARTESIAN_POINT('',(-0.0210164819734617,0.01115,-0.0055));
#3620=CARTESIAN_POINT('',(-0.0128235232437938,0.0187129311284686,-0.00549999999999997));
#3621=CARTESIAN_POINT('',(-0.0125862258551747,0.0184558657554553,-0.00549999999999997));
#3622=CARTESIAN_POINT('',(-0.0122686009356025,0.0178293675478482,-0.00565598806620568));
#3623=CARTESIAN_POINT('',(-0.0122782965805618,0.0172123409334654,-0.00601661279286183));
#3624=CARTESIAN_POINT('',(-0.0123379032320434,0.0169354505179518,-0.00621979546381439));
#3625=CARTESIAN_POINT('',(-0.0123379032320434,0.0169354505179518,-0.0062197954638144));
#3626=CARTESIAN_POINT('',(-0.0122263241250498,0.0162250000000003,-0.00650000000000001));
#3627=CARTESIAN_POINT('',(-0.012359061150382,0.0164549072719214,-0.00649999999999992));
#3628=CARTESIAN_POINT('',(-0.0123837509431201,0.0167224744245989,-0.00637607769343303));
#3629=CARTESIAN_POINT('',(-0.0123379032320434,0.0169354505179518,-0.0062197954638144));
#3630=CARTESIAN_POINT('',(-0.0210164819734617,0.01115,-0.0065));
#3631=CARTESIAN_POINT('',(-0.0159414819734623,0.0199401578484113,-0.00650000000000108));
#3632=CARTESIAN_POINT('',(-0.0152310314555099,0.0198285787414183,-0.00621979546381439));
#3633=CARTESIAN_POINT('',(-0.0154443890850725,0.0197826488964193,-0.00637635766537065));
#3634=CARTESIAN_POINT('',(-0.0157108887637148,0.0198070247966913,-0.00650000000000008));
#3635=CARTESIAN_POINT('',(-0.015941481973462,0.0199401578484122,-0.0065));
#3636=CARTESIAN_POINT('',(-0.0152310314555099,0.0198285787414184,-0.0062197954638144));
#3637=CARTESIAN_POINT('',(-0.0152310314555099,0.0198285787414183,-0.00621979546381438));
#3638=CARTESIAN_POINT('',(-0.014954136516198,0.0198881863667453,-0.00601660947329074));
#3639=CARTESIAN_POINT('',(-0.0143427971792121,0.0198991409293551,-0.00565843722633878));
#3640=CARTESIAN_POINT('',(-0.0137109846665187,0.0195805962336,-0.00549999999999999));
#3641=CARTESIAN_POINT('',(-0.0134535508449931,0.0193429587296679,-0.0055));
#3642=CARTESIAN_POINT('',(-0.0210164819734617,0.01115,-0.0055));
#3643=CARTESIAN_POINT('',(-0.0177026371456461,0.0217961698491599,-0.00549999999999997));
#3644=CARTESIAN_POINT('',(-0.017368596465721,0.0216921926446691,-0.00549999999999997));
#3645=CARTESIAN_POINT('',(-0.0167802794719006,0.0213084426141559,-0.00565598820232995));
#3646=CARTESIAN_POINT('',(-0.0164801618747838,0.0207692338513075,-0.00601661286817106));
#3647=CARTESIAN_POINT('',(-0.0163933375736258,0.0204996364915933,-0.00621979546381438));
#3648=CARTESIAN_POINT('',(-0.0163933375736257,0.0204996364915933,-0.0062197954638144));
#3649=CARTESIAN_POINT('',(-0.015941481973462,0.0199401578484122,-0.0065));
#3650=CARTESIAN_POINT('',(-0.0161713891709227,0.0200728948307549,-0.00649999999999991));
#3651=CARTESIAN_POINT('',(-0.0163265548377547,0.0202922700167102,-0.00637607762718871));
#3652=CARTESIAN_POINT('',(-0.0163933375736258,0.0204996364915933,-0.00621979546381438));
#3653=CARTESIAN_POINT('',(-0.0210164819734617,0.01115,-0.0065));
#3654=CARTESIAN_POINT('',(-0.0210164819734618,0.0213,-0.0065));
#3655=CARTESIAN_POINT('',(-0.0203454242232868,0.0215585949177878,-0.00621979546381439));
#3656=CARTESIAN_POINT('',(-0.0205072310906016,0.0214121409010185,-0.00637635637125505));
#3657=CARTESIAN_POINT('',(-0.0207502142249596,0.0213,-0.0065));
#3658=CARTESIAN_POINT('',(-0.0210164819734618,0.0213,-0.0065));
#3659=CARTESIAN_POINT('',(-0.0203454242232868,0.0215585949177877,-0.0062197954638144));
#3660=CARTESIAN_POINT('',(-0.0203454242232868,0.0215585949177878,-0.00621979546381439));
#3661=CARTESIAN_POINT('',(-0.0201354309648753,0.0217486632177258,-0.00601661042204874));
#3662=CARTESIAN_POINT('',(-0.0196114724948426,0.0220638206181867,-0.00565843738861006));
#3663=CARTESIAN_POINT('',(-0.0189050346133552,0.0221038593363348,-0.00549999999999998));
#3664=CARTESIAN_POINT('',(-0.0185632708539698,0.0220267759562842,-0.00549999999999999));
#3665=CARTESIAN_POINT('',(-0.0210164819734617,0.01115,-0.0055));
#3666=CARTESIAN_POINT('',(-0.0314250768912495,0.0118210577501749,-0.00621979546381436));
#3667=CARTESIAN_POINT('',(-0.0312786228744802,0.0116592508828601,-0.00637635637125507));
#3668=CARTESIAN_POINT('',(-0.0311664819734617,0.0114162677485019,-0.00650000000000004));
#3669=CARTESIAN_POINT('',(-0.0311664819734618,0.0111499999999997,-0.00649999999999995));
#3670=CARTESIAN_POINT('',(-0.0314250768912495,0.0118210577501749,-0.0062197954638144));
#3671=CARTESIAN_POINT('',(-0.0314250768912495,0.0118210577501749,-0.00621979546381438));
#3672=CARTESIAN_POINT('',(-0.0316151451911875,0.0120310510085864,-0.00601661042204873));
#3673=CARTESIAN_POINT('',(-0.0319303025916484,0.0125550094786191,-0.00565843738861006));
#3674=CARTESIAN_POINT('',(-0.0319703413097965,0.0132614473601065,-0.00549999999999998));
#3675=CARTESIAN_POINT('',(-0.0318932579297459,0.013603211119492,-0.00549999999999998));
#3676=CARTESIAN_POINT('',(-0.0316626518226216,0.0144638448278156,-0.00549999999999995));
#3677=CARTESIAN_POINT('',(-0.0315586746181308,0.0147978855077407,-0.00549999999999995));
#3678=CARTESIAN_POINT('',(-0.0311749245876176,0.0153862025015612,-0.00565598820232991));
#3679=CARTESIAN_POINT('',(-0.0306357158247692,0.015686320098678,-0.00601661286817104));
#3680=CARTESIAN_POINT('',(-0.030366118465055,0.015773144399836,-0.00621979546381436));
#3681=CARTESIAN_POINT('',(-0.030366118465055,0.015773144399836,-0.0062197954638144));
#3682=CARTESIAN_POINT('',(-0.0298066398218739,0.0162249999999998,-0.00649999999999999));
#3683=CARTESIAN_POINT('',(-0.0299393768042166,0.015995092802539,-0.00649999999999991));
#3684=CARTESIAN_POINT('',(-0.0301587519901719,0.015839927135707,-0.00637607762718871));
#3685=CARTESIAN_POINT('',(-0.030366118465055,0.0157731443998359,-0.00621979546381438));
#3686=CARTESIAN_POINT('',(-0.029806639821873,0.0162249999999994,-0.00650000000000108));
#3687=CARTESIAN_POINT('',(-0.0210164819734617,0.01115,-0.0065));
#3688=CARTESIAN_POINT('',(-0.0210164819734617,0.01115,-0.0055));
#3689=CARTESIAN_POINT('',(-0.02969506071488,0.0169354505179518,-0.00621979546381439));
#3690=CARTESIAN_POINT('',(-0.029649130869881,0.0167220928883892,-0.00637635766537065));
#3691=CARTESIAN_POINT('',(-0.029673506770153,0.0164555932097469,-0.00650000000000008));
#3692=CARTESIAN_POINT('',(-0.0298066398218739,0.0162249999999998,-0.00649999999999999));
#3693=CARTESIAN_POINT('',(-0.02969506071488,0.0169354505179518,-0.0062197954638144));
#3694=CARTESIAN_POINT('',(-0.02969506071488,0.0169354505179518,-0.00621979546381439));
#3695=CARTESIAN_POINT('',(-0.029754668340207,0.0172123454572637,-0.00601660947329074));
#3696=CARTESIAN_POINT('',(-0.0297656229028169,0.0178236847942496,-0.00565843722633878));
#3697=CARTESIAN_POINT('',(-0.0294470782070617,0.018455497306943,-0.00549999999999997));
#3698=CARTESIAN_POINT('',(-0.0292094407031296,0.0187129311284686,-0.00549999999999997));
#3699=CARTESIAN_POINT('',(-0.0285794131019303,0.0193429587296679,-0.00549999999999993));
#3700=CARTESIAN_POINT('',(-0.028322347728917,0.019580256118287,-0.00549999999999993));
#3701=CARTESIAN_POINT('',(-0.0276958495213099,0.0198978810378592,-0.00565598806620564));
#3702=CARTESIAN_POINT('',(-0.0270788229069271,0.0198881853928999,-0.00601661279286181));
#3703=CARTESIAN_POINT('',(-0.0268019324914135,0.0198285787414184,-0.00621979546381437));
#3704=CARTESIAN_POINT('',(-0.0268019324914135,0.0198285787414184,-0.0062197954638144));
#3705=CARTESIAN_POINT('',(-0.026091481973462,0.0199401578484119,-0.00649999999999996));
#3706=CARTESIAN_POINT('',(-0.0263213892453831,0.0198074208230797,-0.00649999999999986));
#3707=CARTESIAN_POINT('',(-0.0265889563980605,0.0197827310303416,-0.00637607769343299));
#3708=CARTESIAN_POINT('',(-0.0268019324914135,0.0198285787414184,-0.00621979546381437));
#3709=CARTESIAN_POINT('',(-0.0260914819734614,0.0199401578484112,-0.00650000000000108));
#3710=CARTESIAN_POINT('',(-0.0210164819734617,0.01115,-0.0065));
#3711=CARTESIAN_POINT('',(-0.0210164819734617,0.01115,-0.0055));
#3712=CARTESIAN_POINT('',(-0.0256396263732977,0.0204996364915933,-0.00621979546381438));
#3713=CARTESIAN_POINT('',(-0.0257065287286728,0.0202918985872597,-0.00637635755574563));
#3714=CARTESIAN_POINT('',(-0.02586088864307,0.020073290969787,-0.00650000000000005));
#3715=CARTESIAN_POINT('',(-0.026091481973462,0.0199401578484119,-0.00649999999999996));
#3716=CARTESIAN_POINT('',(-0.0256396263732977,0.0204996364915933,-0.0062197954638144));
#3717=CARTESIAN_POINT('',(-0.0256396263732977,0.0204996364915933,-0.00621979546381436));
#3718=CARTESIAN_POINT('',(-0.0255528006600676,0.02076923823592,-0.00601660956369896));
#3719=CARTESIAN_POINT('',(-0.0252566176867416,0.021304151032872,-0.00565843727324669));
#3720=CARTESIAN_POINT('',(-0.0246648444933902,0.0216920441645684,-0.00549999999999995));
#3721=CARTESIAN_POINT('',(-0.0243303268012773,0.0217961698491599,-0.00549999999999996));
#3722=CARTESIAN_POINT('',(-0.0243303268012773,0.0217961698491599,-0.0055));
#3723=CARTESIAN_POINT('',(-0.0210164819734617,0.01115,-0.0055));
#3724=CARTESIAN_POINT('',(-0.0234696930929537,0.0220267759562842,-0.0055));
#3725=CARTESIAN_POINT('',(-0.0234696930929536,0.0220267759562842,-0.00549999999999993));
#3726=CARTESIAN_POINT('',(-0.0231284165422379,0.0221037494484663,-0.00549999999999993));
#3727=CARTESIAN_POINT('',(-0.0224270442587871,0.0220655706621256,-0.00565598816466239));
#3728=CARTESIAN_POINT('',(-0.0218975300738258,0.0217486605854468,-0.00601661323598314));
#3729=CARTESIAN_POINT('',(-0.0216875397236366,0.0215585949177878,-0.00621979546381435));
#3730=CARTESIAN_POINT('',(-0.0216875397236367,0.0215585949177878,-0.00621979546381439));
#3731=CARTESIAN_POINT('',(-0.0210164819734618,0.0213,-0.0065));
#3732=CARTESIAN_POINT('',(-0.0212819573552957,0.0213,-0.0065));
#3733=CARTESIAN_POINT('',(-0.0215260217099335,0.0214124023471016,-0.00637607688260109));
#3734=CARTESIAN_POINT('',(-0.0216875397236367,0.0215585949177877,-0.00621979546381439));
#3735=CARTESIAN_POINT('',(-0.0210164819734617,0.01115,-0.0065));
#3736=CARTESIAN_POINT('',(-0.0210164819734617,0.01115,0.0065));
#3737=CARTESIAN_POINT('',(-0.0194484851700377,0.00516267817172633,-0.00156636840929417));
#3738=CARTESIAN_POINT('',(-0.0210164986138396,0.0049186615258552,-0.00221697977707388));
#3739=CARTESIAN_POINT('',(-0.022584412215374,0.00516267572485287,-0.00156571248241031));
#3740=CARTESIAN_POINT('',(-0.0232328044013247,0.00542015191289542,-2.67209564983356E-6));
#3741=CARTESIAN_POINT('',(-0.0225832591562975,0.00516244676831283,0.00156811043736307));
#3742=CARTESIAN_POINT('',(-0.0210178040359653,0.00491879589040369,0.00221603984009301));
#3743=CARTESIAN_POINT('',(-0.0194493208195958,0.00516236999597961,0.00156772920010016));
#3744=CARTESIAN_POINT('',(-0.0188002714912,0.00542017073070059,7.2712602124629E-8));
#3745=CARTESIAN_POINT('',(-0.0194484851700377,0.00516267817172633,-0.00156636840929417));
#3746=CARTESIAN_POINT('',(-0.0210164986138396,0.0049186615258552,-0.00221697977707388));
#3747=CARTESIAN_POINT('',(-0.022584412215374,0.00516267572485287,-0.00156571248241031));
#3748=CARTESIAN_POINT('',(-0.0210164819734617,0.005,-0.002));
#3749=CARTESIAN_POINT('',(-0.0210164819734617,0.01115,0.0065));
#3750=CARTESIAN_POINT('',(-0.0148664819734617,0.01115,0.0065));
#3751=CARTESIAN_POINT('',(-0.0210164819734617,0.01115,-0.0065));
#3752=CARTESIAN_POINT('',(-0.0148664819734617,0.01115,-0.0065));
#3753=CARTESIAN_POINT('',(-0.0210164819734617,0.01115,0.0065));
#3754=CARTESIAN_POINT('',(-0.0243303268012773,0.0217961698491599,-0.0185));
#3755=CARTESIAN_POINT('',(-0.0234696930929537,0.0220267759562842,-0.0185));
#3756=CARTESIAN_POINT('',(-0.0210164819734617,0.01115,0.0065));
#3757=CARTESIAN_POINT('',(-0.0210164819734617,0.01115,-0.0065));
#3758=CARTESIAN_POINT('',(-0.0210164819734617,0.003,0.));
#3759=CARTESIAN_POINT('',(-0.0210164819734617,0.003,1.22464679914735E-19));
#3760=CARTESIAN_POINT('',(-0.0210164819734617,0.003,-0.002));
#3761=CARTESIAN_POINT('',(-0.0210164819734617,0.006,1.22464679914735E-19));
#3762=CARTESIAN_POINT('',(-0.0190033087229369,0.0200757847533632,-0.0185));
#3763=CARTESIAN_POINT('',(-0.0203454242232868,0.0215585949177877,-0.0185));
#3764=CARTESIAN_POINT('',(-0.0230296552239865,0.0200757847533633,-0.0185));
#3765=CARTESIAN_POINT('',(-0.0216875397236367,0.0215585949177878,-0.0185));
#3766=CARTESIAN_POINT('',(-0.0210164819734618,0.0223,-0.0185));
#3767=CARTESIAN_POINT('',(-0.0272228335273171,0.017873369719862,-0.0185));
#3768=CARTESIAN_POINT('',(-0.0268019324914135,0.0198285787414184,-0.0185));
#3769=CARTESIAN_POINT('',(-0.0265914819734617,0.0208061832521965,-0.0185));
#3770=CARTESIAN_POINT('',(-0.0256396263732977,0.0204996364915933,-0.0185));
#3771=CARTESIAN_POINT('',(-0.0237359151729696,0.0198865429703868,-0.0185));
#3772=CARTESIAN_POINT('',(-0.0297530249438485,0.0138694331995079,-0.0185));
#3773=CARTESIAN_POINT('',(-0.030366118465055,0.015773144399836,-0.0185));
#3774=CARTESIAN_POINT('',(-0.0306726652256582,0.016725,-0.0185));
#3775=CARTESIAN_POINT('',(-0.02969506071488,0.0169354505179518,-0.0185));
#3776=CARTESIAN_POINT('',(-0.0277398516933237,0.0173563515538554,-0.0185));
#3777=CARTESIAN_POINT('',(-0.0299422667268249,0.00913682674947523,-0.0185));
#3778=CARTESIAN_POINT('',(-0.0314250768912495,0.0104789422498251,-0.0185));
#3779=CARTESIAN_POINT('',(-0.0321664819734618,0.01115,-0.0185));
#3780=CARTESIAN_POINT('',(-0.0314250768912495,0.0118210577501749,-0.0185));
#3781=CARTESIAN_POINT('',(-0.0299422667268249,0.0131631732505248,-0.0185));
#3782=CARTESIAN_POINT('',(-0.0182970487739539,0.0198865429703868,-0.0185));
#3783=CARTESIAN_POINT('',(-0.0163933375736257,0.0204996364915933,-0.0185));
#3784=CARTESIAN_POINT('',(-0.0154414819734617,0.0208061832521965,-0.0185));
#3785=CARTESIAN_POINT('',(-0.0152310314555099,0.0198285787414184,-0.0185));
#3786=CARTESIAN_POINT('',(-0.0148101304196063,0.017873369719862,-0.0185));
#3787=CARTESIAN_POINT('',(-0.0142931122535997,0.0173563515538554,-0.0185));
#3788=CARTESIAN_POINT('',(-0.0123379032320434,0.0169354505179518,-0.0185));
#3789=CARTESIAN_POINT('',(-0.0113602987212652,0.016725,-0.0185));
#3790=CARTESIAN_POINT('',(-0.0116668454818685,0.015773144399836,-0.0185));
#3791=CARTESIAN_POINT('',(-0.0122799390030749,0.0138694331995079,-0.0185));
#3792=CARTESIAN_POINT('',(-0.0120906972200985,0.0131631732505248,-0.0185));
#3793=CARTESIAN_POINT('',(-0.010607887055674,0.0118210577501749,-0.0185));
#3794=CARTESIAN_POINT('',(-0.00986648197346171,0.01115,-0.0185));
#3795=CARTESIAN_POINT('',(-0.010607887055674,0.0104789422498251,-0.0185));
#3796=CARTESIAN_POINT('',(-0.0120906972200985,0.00913682674947522,-0.0185));
#3797=CARTESIAN_POINT('',(-0.0142931122535997,0.00494364844614463,-0.0185));
#3798=CARTESIAN_POINT('',(-0.0123379032320434,0.00536454948204821,-0.0185));
#3799=CARTESIAN_POINT('',(-0.0122799390030749,0.00843056680049213,-0.0185));
#3800=CARTESIAN_POINT('',(-0.0116668454818684,0.00652685560016404,-0.0185));
#3801=CARTESIAN_POINT('',(-0.0113602987212652,0.005575,-0.0185));
#3802=CARTESIAN_POINT('',(-0.0154414819734617,0.00149381674780351,-0.0185));
#3803=CARTESIAN_POINT('',(-0.0163933375736257,0.00180036350840675,-0.0185));
#3804=CARTESIAN_POINT('',(-0.0152310314555099,0.00247142125858168,-0.0185));
#3805=CARTESIAN_POINT('',(-0.0163933375736257,0.00180036350840675,-0.0185));
#3806=CARTESIAN_POINT('',(-0.0182970487739539,0.00241345702961325,-0.0185));
#3807=CARTESIAN_POINT('',(-0.0182970487739539,0.00241345702961325,-0.0185));
#3808=CARTESIAN_POINT('',(-0.0148101304196063,0.00442663028013801,-0.0185));
#3809=CARTESIAN_POINT('',(-0.0230296552239865,0.0022242152466368,-0.0185));
#3810=CARTESIAN_POINT('',(-0.0216875397236367,0.000741405082212254,-0.0185));
#3811=CARTESIAN_POINT('',(-0.0210164819734618,-6.01732205729455E-18,-0.0185));
#3812=CARTESIAN_POINT('',(-0.0203454242232868,0.000741405082212254,-0.0185));
#3813=CARTESIAN_POINT('',(-0.0190033087229369,0.00222421524663676,-0.0185));
#3814=CARTESIAN_POINT('',(-0.0237359151729696,0.00241345702961323,-0.0185));
#3815=CARTESIAN_POINT('',(-0.0256396263732977,0.00180036350840675,-0.0185));
#3816=CARTESIAN_POINT('',(-0.0237359151729696,0.00241345702961323,-0.0185));
#3817=CARTESIAN_POINT('',(-0.0256396263732977,0.00180036350840675,-0.0185));
#3818=CARTESIAN_POINT('',(-0.0265914819734617,0.0014938167478035,-0.0185));
#3819=CARTESIAN_POINT('',(-0.0268019324914135,0.00247142125858168,-0.0185));
#3820=CARTESIAN_POINT('',(-0.0272228335273171,0.00442663028013803,-0.0185));
#3821=CARTESIAN_POINT('',(-0.0277398516933238,0.00494364844614464,-0.0185));
#3822=CARTESIAN_POINT('',(-0.02969506071488,0.00536454948204821,-0.0185));
#3823=CARTESIAN_POINT('',(-0.0306726652256583,0.005575,-0.0185));
#3824=CARTESIAN_POINT('',(-0.030366118465055,0.00652685560016405,-0.0185));
#3825=CARTESIAN_POINT('',(-0.0297530249438485,0.00843056680049217,-0.0185));
#3826=CARTESIAN_POINT('',(-0.0190033087229369,0.00222421524663676,-0.0185));
#3827=CARTESIAN_POINT('',(-0.0203454242232868,0.000741405082212254,-0.0185));
#3828=CARTESIAN_POINT('',(-0.0210164819734618,-6.01732205729455E-18,-0.0185));
#3829=CARTESIAN_POINT('',(-0.0216875397236367,0.000741405082212254,-0.0185));
#3830=CARTESIAN_POINT('',(-0.0230296552239865,0.0022242152466368,-0.0185));
#3831=CARTESIAN_POINT('',(0.,0.,0.));
#3832=CARTESIAN_POINT('',(0.0210164819734617,-0.02175,0.0065));
#3833=CARTESIAN_POINT('',(0.0194484851700377,-0.0157626781717263,-0.00156636840929416));
#3834=CARTESIAN_POINT('',(0.0210164986138396,-0.0155186615258552,-0.00221697977707388));
#3835=CARTESIAN_POINT('',(0.022584412215374,-0.0157626757248529,-0.00156571248241031));
#3836=CARTESIAN_POINT('',(0.0232328044013247,-0.0160201519128954,-2.67209564983658E-6));
#3837=CARTESIAN_POINT('',(0.0225832591562975,-0.0157624467683128,0.00156811043736307));
#3838=CARTESIAN_POINT('',(0.0210178040359653,-0.0155187958904037,0.00221603984009301));
#3839=CARTESIAN_POINT('',(0.0194493208195959,-0.0157623699959796,0.00156772920010016));
#3840=CARTESIAN_POINT('',(0.0188002714912,-0.0160201707307006,7.27126021134888E-8));
#3841=CARTESIAN_POINT('',(0.0194484851700377,-0.0157626781717263,-0.00156636840929416));
#3842=CARTESIAN_POINT('',(0.0210164986138396,-0.0155186615258552,-0.00221697977707388));
#3843=CARTESIAN_POINT('',(0.022584412215374,-0.0157626757248529,-0.00156571248241031));
#3844=CARTESIAN_POINT('',(0.0210164819734617,-0.0156,-0.002));
#3845=CARTESIAN_POINT('',(0.0210164819734617,-0.02175,0.0065));
#3846=CARTESIAN_POINT('',(0.0148664819734617,-0.02175,0.0065));
#3847=CARTESIAN_POINT('',(0.0210164819734617,-0.02175,-0.0065));
#3848=CARTESIAN_POINT('',(0.0148664819734617,-0.02175,-0.0065));
#3849=CARTESIAN_POINT('',(0.0210164819734617,-0.02175,0.0065));
#3850=CARTESIAN_POINT('',(0.0210164819734617,-0.02175,0.0055));
#3851=CARTESIAN_POINT('',(0.0321664819734617,-0.02175,0.0055));
#3852=CARTESIAN_POINT('',(0.0210164819734617,-0.02175,-0.0055));
#3853=CARTESIAN_POINT('',(0.0321664819734617,-0.02175,-0.0055));
#3854=CARTESIAN_POINT('',(0.0190263682045643,-0.0107252769131036,-0.00472893709158525));
#3855=CARTESIAN_POINT('',(0.0210167820949093,-0.0105373958917527,-0.00513544508995278));
#3856=CARTESIAN_POINT('',(0.0230053952565686,-0.0107251395198855,-0.00472928254860364));
#3857=CARTESIAN_POINT('',(0.0246429037825,-0.0111723003325653,-0.00362139421590488));
#3858=CARTESIAN_POINT('',(0.0257436726346895,-0.0116408360427489,-0.00198975280049522));
#3859=CARTESIAN_POINT('',(0.0261516651253924,-0.0118549083100179,-1.05719591715395E-5));
#3860=CARTESIAN_POINT('',(0.0257485184768631,-0.0116431059607006,0.001982911651193));
#3861=CARTESIAN_POINT('',(0.0246443302035253,-0.0111726785660195,0.00362009923080454));
#3862=CARTESIAN_POINT('',(0.0230090968098978,-0.0107261259906964,0.00472702941683898));
#3863=CARTESIAN_POINT('',(0.0210267268864909,-0.0105376787135515,0.00513478201941747));
#3864=CARTESIAN_POINT('',(0.0190363644579936,-0.0107231805286931,0.00473379484234246));
#3865=CARTESIAN_POINT('',(0.0173913352558802,-0.0111716083380905,0.00362363346459528));
#3866=CARTESIAN_POINT('',(0.0162888874665324,-0.0116410515434197,0.00198977814406622));
#3867=CARTESIAN_POINT('',(0.0158816298415002,-0.011854742513677,8.2092032253995E-6));
#3868=CARTESIAN_POINT('',(0.0162835153988143,-0.0116435585806677,-0.00197991327405452));
#3869=CARTESIAN_POINT('',(0.0173880412282221,-0.0111728445519102,-0.00362017170186692));
#3870=CARTESIAN_POINT('',(0.0190263682045643,-0.0107252769131036,-0.00472893709158525));
#3871=CARTESIAN_POINT('',(0.0210167820949093,-0.0105373958917527,-0.00513544508995278));
#3872=CARTESIAN_POINT('',(0.0230053952565686,-0.0107251395198855,-0.00472928254860364));
#3873=CARTESIAN_POINT('',(0.0210164819734617,-0.0106,-0.005));
#3874=CARTESIAN_POINT('',(0.0210164819734617,-0.02175,0.0065));
#3875=CARTESIAN_POINT('',(0.0271329556307254,-0.0278664736572636,0.0065));
#3876=CARTESIAN_POINT('',(0.0283329556307254,-0.0278664736572636,0.0065));
#3877=CARTESIAN_POINT('',(0.0149000083161981,-0.0278664736572636,0.0065));
#3878=CARTESIAN_POINT('',(0.0161000083161981,-0.0278664736572636,0.0065));
#3879=CARTESIAN_POINT('',(0.0149000083161981,-0.0156335263427363,0.0065));
#3880=CARTESIAN_POINT('',(0.0161000083161981,-0.0156335263427363,0.0065));
#3881=CARTESIAN_POINT('',(0.0271329556307254,-0.0156335263427363,0.0065));
#3882=CARTESIAN_POINT('',(0.0283329556307254,-0.0156335263427363,0.0065));
#3883=CARTESIAN_POINT('',(0.0210164819734617,-0.02175,0.0065));
#3884=CARTESIAN_POINT('',(0.0311664819734617,-0.02175,0.0065));
#3885=CARTESIAN_POINT('',(0.0210164819734617,-0.02175,-0.0065));
#3886=CARTESIAN_POINT('',(0.0210164819734617,-0.02175,-0.0065));
#3887=CARTESIAN_POINT('',(0.0311664819734617,-0.02175,-0.0065));
#3888=CARTESIAN_POINT('',(0.0210164819734617,-0.0136,3.06161699786838E-19));
#3889=CARTESIAN_POINT('',(0.0210164819734617,-0.0136,3.06161699786838E-19));
#3890=CARTESIAN_POINT('',(0.0210164819734617,-0.0136,-0.005));
#3891=CARTESIAN_POINT('',(0.0210164819734617,-0.0136,0.));
#3892=CARTESIAN_POINT('',(0.0210164819734617,-0.0136,1.22464679914735E-19));
#3893=CARTESIAN_POINT('',(0.0210164819734617,-0.0136,-0.002));
#3894=CARTESIAN_POINT('',(0.0210164819734617,-0.0166,1.22464679914735E-19));
#3895=CARTESIAN_POINT('',(0.0210164819734617,-0.02175,0.0065));
#3896=CARTESIAN_POINT('',(0.0210164819734617,-0.02175,-0.0055));
#3897=CARTESIAN_POINT('',(0.0271329556307254,-0.0156335263427363,-0.0035));
#3898=CARTESIAN_POINT('',(0.0271329556307254,-0.0156335263427363,-0.0035));
#3899=CARTESIAN_POINT('',(0.0283329556307254,-0.0156335263427363,-0.0035));
#3900=CARTESIAN_POINT('',(-0.00217791940632839,-0.0212945951070105,-0.0035));
#3901=CARTESIAN_POINT('',(0.0149000083161981,-0.0156335263427363,-0.0035));
#3902=CARTESIAN_POINT('',(0.0149000083161981,-0.0156335263427363,-0.0035));
#3903=CARTESIAN_POINT('',(0.0161000083161981,-0.0156335263427363,-0.0035));
#3904=CARTESIAN_POINT('',(-0.00217791940632839,-0.0212945951070105,-0.0035));
#3905=CARTESIAN_POINT('',(0.0149000083161981,-0.0278664736572636,-0.0035));
#3906=CARTESIAN_POINT('',(0.0149000083161981,-0.0278664736572636,-0.0035));
#3907=CARTESIAN_POINT('',(0.0161000083161981,-0.0278664736572636,-0.0035));
#3908=CARTESIAN_POINT('',(-0.00217791940632839,-0.0212945951070105,-0.0035));
#3909=CARTESIAN_POINT('',(0.0271329556307254,-0.0278664736572636,-0.0035));
#3910=CARTESIAN_POINT('',(0.0271329556307254,-0.0278664736572636,-0.0035));
#3911=CARTESIAN_POINT('',(0.0283329556307254,-0.0278664736572636,-0.0035));
#3912=CARTESIAN_POINT('',(-0.00217791940632839,-0.0212945951070105,-0.0035));
#3913=MECHANICAL_DESIGN_GEOMETRIC_PRESENTATION_REPRESENTATION('',(#2018),
#3917);
#3914=MECHANICAL_DESIGN_GEOMETRIC_PRESENTATION_REPRESENTATION('',(#2019),
#3918);
#3915=MECHANICAL_DESIGN_GEOMETRIC_PRESENTATION_REPRESENTATION('',(#2020),
#3919);
#3916=MECHANICAL_DESIGN_GEOMETRIC_PRESENTATION_REPRESENTATION('',(#2021),
#3920);
#3917=(
GEOMETRIC_REPRESENTATION_CONTEXT(3)
GLOBAL_UNCERTAINTY_ASSIGNED_CONTEXT((#3921))
GLOBAL_UNIT_ASSIGNED_CONTEXT((#3933,#3929,#3925))
REPRESENTATION_CONTEXT('RESORTE','TOP_LEVEL_ASSEMBLY_PART')
);
#3918=(
GEOMETRIC_REPRESENTATION_CONTEXT(3)
GLOBAL_UNCERTAINTY_ASSIGNED_CONTEXT((#3922))
GLOBAL_UNIT_ASSIGNED_CONTEXT((#3934,#3930,#3926))
REPRESENTATION_CONTEXT('TRABAFIJA','TOP_LEVEL_ASSEMBLY_PART')
);
#3919=(
GEOMETRIC_REPRESENTATION_CONTEXT(3)
GLOBAL_UNCERTAINTY_ASSIGNED_CONTEXT((#3923))
GLOBAL_UNIT_ASSIGNED_CONTEXT((#3935,#3931,#3927))
REPRESENTATION_CONTEXT('MANIJA','TOP_LEVEL_ASSEMBLY_PART')
);
#3920=(
GEOMETRIC_REPRESENTATION_CONTEXT(3)
GLOBAL_UNCERTAINTY_ASSIGNED_CONTEXT((#3924))
GLOBAL_UNIT_ASSIGNED_CONTEXT((#3936,#3932,#3928))
REPRESENTATION_CONTEXT('TRABARESORTE','TOP_LEVEL_ASSEMBLY_PART')
);
#3921=UNCERTAINTY_MEASURE_WITH_UNIT(LENGTH_MEASURE(2.E-5),#3933,
'DISTANCE_ACCURACY_VALUE','Maximum Tolerance applied to model');
#3922=UNCERTAINTY_MEASURE_WITH_UNIT(LENGTH_MEASURE(2.E-5),#3934,
'DISTANCE_ACCURACY_VALUE','Maximum Tolerance applied to model');
#3923=UNCERTAINTY_MEASURE_WITH_UNIT(LENGTH_MEASURE(2.E-5),#3935,
'DISTANCE_ACCURACY_VALUE','Maximum Tolerance applied to model');
#3924=UNCERTAINTY_MEASURE_WITH_UNIT(LENGTH_MEASURE(2.E-5),#3936,
'DISTANCE_ACCURACY_VALUE','Maximum Tolerance applied to model');
#3925=(
NAMED_UNIT(*)
SI_UNIT($,.STERADIAN.)
SOLID_ANGLE_UNIT()
);
#3926=(
NAMED_UNIT(*)
SI_UNIT($,.STERADIAN.)
SOLID_ANGLE_UNIT()
);
#3927=(
NAMED_UNIT(*)
SI_UNIT($,.STERADIAN.)
SOLID_ANGLE_UNIT()
);
#3928=(
NAMED_UNIT(*)
SI_UNIT($,.STERADIAN.)
SOLID_ANGLE_UNIT()
);
#3929=(
NAMED_UNIT(*)
PLANE_ANGLE_UNIT()
SI_UNIT($,.RADIAN.)
);
#3930=(
NAMED_UNIT(*)
PLANE_ANGLE_UNIT()
SI_UNIT($,.RADIAN.)
);
#3931=(
NAMED_UNIT(*)
PLANE_ANGLE_UNIT()
SI_UNIT($,.RADIAN.)
);
#3932=(
NAMED_UNIT(*)
PLANE_ANGLE_UNIT()
SI_UNIT($,.RADIAN.)
);
#3933=(
LENGTH_UNIT()
NAMED_UNIT(*)
SI_UNIT($,.METRE.)
);
#3934=(
LENGTH_UNIT()
NAMED_UNIT(*)
SI_UNIT($,.METRE.)
);
#3935=(
LENGTH_UNIT()
NAMED_UNIT(*)
SI_UNIT($,.METRE.)
);
#3936=(
LENGTH_UNIT()
NAMED_UNIT(*)
SI_UNIT($,.METRE.)
);
#3937=PRODUCT_DEFINITION_SHAPE('','',#3941);
#3938=PRODUCT_DEFINITION_SHAPE('','',#3942);
#3939=PRODUCT_DEFINITION_SHAPE('','',#3943);
#3940=PRODUCT_DEFINITION_SHAPE('','',#3944);
#3941=PRODUCT_DEFINITION('','',#3949,#3945);
#3942=PRODUCT_DEFINITION('','',#3950,#3946);
#3943=PRODUCT_DEFINITION('','',#3951,#3947);
#3944=PRODUCT_DEFINITION('','',#3952,#3948);
#3945=PRODUCT_DEFINITION_CONTEXT('',#3973,'design');
#3946=PRODUCT_DEFINITION_CONTEXT('',#3974,'design');
#3947=PRODUCT_DEFINITION_CONTEXT('',#3975,'design');
#3948=PRODUCT_DEFINITION_CONTEXT('',#3976,'design');
#3949=PRODUCT_DEFINITION_FORMATION_WITH_SPECIFIED_SOURCE('','',#3957,
 .NOT_KNOWN.);
#3950=PRODUCT_DEFINITION_FORMATION_WITH_SPECIFIED_SOURCE('','',#3958,
 .NOT_KNOWN.);
#3951=PRODUCT_DEFINITION_FORMATION_WITH_SPECIFIED_SOURCE('','',#3959,
 .NOT_KNOWN.);
#3952=PRODUCT_DEFINITION_FORMATION_WITH_SPECIFIED_SOURCE('','',#3960,
 .NOT_KNOWN.);
#3953=PRODUCT_RELATED_PRODUCT_CATEGORY('','',(#3957));
#3954=PRODUCT_RELATED_PRODUCT_CATEGORY('','',(#3958));
#3955=PRODUCT_RELATED_PRODUCT_CATEGORY('','',(#3959));
#3956=PRODUCT_RELATED_PRODUCT_CATEGORY('','',(#3960));
#3957=PRODUCT('RESORTE','RESORTE','RESORTE',(#3965));
#3958=PRODUCT('TRABAFIJA','TRABAFIJA','TRABAFIJA',(#3966));
#3959=PRODUCT('MANIJA','MANIJA','MANIJA',(#3967));
#3960=PRODUCT('TRABARESORTE','TRABARESORTE','TRABARESORTE',(#3968));
#3961=PRODUCT_CATEGORY('','');
#3962=PRODUCT_CATEGORY('','');
#3963=PRODUCT_CATEGORY('','');
#3964=PRODUCT_CATEGORY('','');
#3965=PRODUCT_CONTEXT('',#3973,'mechanical');
#3966=PRODUCT_CONTEXT('',#3974,'mechanical');
#3967=PRODUCT_CONTEXT('',#3975,'mechanical');
#3968=PRODUCT_CONTEXT('',#3976,'mechanical');
#3969=APPLICATION_PROTOCOL_DEFINITION('international standard',
'ap242_managed_model_based_3d_engineering',2020,#3973);
#3970=APPLICATION_PROTOCOL_DEFINITION('international standard',
'ap242_managed_model_based_3d_engineering',2020,#3974);
#3971=APPLICATION_PROTOCOL_DEFINITION('international standard',
'ap242_managed_model_based_3d_engineering',2020,#3975);
#3972=APPLICATION_PROTOCOL_DEFINITION('international standard',
'ap242_managed_model_based_3d_engineering',2020,#3976);
#3973=APPLICATION_CONTEXT('managed model based 3d engineering');
#3974=APPLICATION_CONTEXT('managed model based 3d engineering');
#3975=APPLICATION_CONTEXT('managed model based 3d engineering');
#3976=APPLICATION_CONTEXT('managed model based 3d engineering');
ENDSEC;
END-ISO-10303-21;
