# vtk DataFile Version 2.0
cantilever_beam, Created by Gmsh 4.15.2 
ASCII
DATASET UNSTRUCTURED_GRID
POINTS 1736 double
0 0 0
100 0 0
100 10 0
0 10 0
0 0 10
100 0 10
100 10 10
0 10 10
2 0 0
4 0 0
6 0 0
8 0 0
10 0 0
12 0 0
14 0 0
16 0 0
18 0 0
20 0 0
22 0 0
24 0 0
26 0 0
28 0 0
30 0 0
32 0 0
34 0 0
36 0 0
38 0 0
40 0 0
42 0 0
44 0 0
46 0 0
48 0 0
50 0 0
52 0 0
54 0 0
56 0 0
58 0 0
60 0 0
62 0 0
64 0 0
66 0 0
68 0 0
70 0 0
72 0 0
74 0 0
76 0 0
78 0 0
80 0 0
82 0 0
84 0 0
86 0 0
88 0 0
90 0 0
92 0 0
94 0 0
96 0 0
98 0 0
100 2 0
100 4 0
100 6 0
100 8 0
98 10 0
96 10 0
94 10 0
92 10 0
90 10 0
88 10 0
86 10 0
84 10 0
82 10 0
80 10 0
78 10 0
76 10 0
74 10 0
72 10 0
70 10 0
68 10 0
66 10 0
64 10 0
62 10 0
60 10 0
58 10 0
56 10 0
54 10 0
52 10 0
50 10 0
48 10 0
46 10 0
44 10 0
42 10 0
40 10 0
38 10 0
36 10 0
34 10 0
32 10 0
30 10 0
28 10 0
26 10 0
24 10 0
22 10 0
20 10 0
18 10 0
16 10 0
14 10 0
12 10 0
10 10 0
8 10 0
6 10 0
4 10 0
2 10 0
0 8 0
0 6 0
0 4 0
0 2 0
2 0 10
4 0 10
6 0 10
8 0 10
10 0 10
12 0 10
14 0 10
16 0 10
18 0 10
20 0 10
22 0 10
24 0 10
26 0 10
28 0 10
30 0 10
32 0 10
34 0 10
36 0 10
38 0 10
40 0 10
42 0 10
44 0 10
46 0 10
48 0 10
50 0 10
52 0 10
54 0 10
56 0 10
58 0 10
60 0 10
62 0 10
64 0 10
66 0 10
68 0 10
70 0 10
72 0 10
74 0 10
76 0 10
78 0 10
80 0 10
82 0 10
84 0 10
86 0 10
88 0 10
90 0 10
92 0 10
94 0 10
96 0 10
98 0 10
100 2 10
100 4 10
100 6 10
100 8 10
98 10 10
96 10 10
94 10 10
92 10 10
90 10 10
88 10 10
86 10 10
84 10 10
82 10 10
80 10 10
78 10 10
76 10 10
74 10 10
72 10 10
70 10 10
68 10 10
66 10 10
64 10 10
62 10 10
60 10 10
58 10 10
56 10 10
54 10 10
52 10 10
50 10 10
48 10 10
46 10 10
44 10 10
42 10 10
40 10 10
38 10 10
36 10 10
34 10 10
32 10 10
30 10 10
28 10 10
26 10 10
24 10 10
22 10 10
20 10 10
18 10 10
16 10 10
14 10 10
12 10 10
10 10 10
8 10 10
6 10 10
4 10 10
2 10 10
0 8 10
0 6 10
0 4 10
0 2 10
0 0 2
0 0 4
0 0 6
0 0 8
100 0 2
100 0 4
100 0 6
100 0 8
100 10 2
100 10 4
100 10 6
100 10 8
0 10 2
0 10 4
0 10 6
0 10 8
5 8.267949192431123 0
8.999999999999993 1.732050807568878 0
13 1.732050807568915 0
17.00000000000001 1.732050807568974 0
21.00000000000001 1.732050807569053 0
25.00000000000001 1.732050807569128 0
29.00000000000001 1.732050807569192 0
33.00000000000001 1.732050807569263 0
37.00000000000001 1.732050807569337 0
41.00000000000001 1.732050807569415 0
45.00000000000001 1.732050807569491 0
49.00000000000001 1.732050807569569 0
53.00000000000001 1.732050807569645 0
57.00000000000001 1.732050807569721 0
61.00000000000001 1.732050807569796 0
65.00000000000001 1.732050807569875 0
69 1.732050807569951 0
73 1.732050807570022 0
77 1.732050807570102 0
81 1.732050807570183 0
85.00214105030955 1.631454647774624 0
89.22546515522288 1.890458826019697 0
93.03077004416764 1.813188168850848 0
95.17345130941315 8.207407750089153 0
90.93680581256685 8.304434373556864 0
87 8.347685369756364 0
83.02630068124901 8.316209361130984 0
79 8.267949192431123 0
75 8.267949192431123 0
71 8.267949192431123 0
67 8.267949192431123 0
63 8.267949192431123 0
59 8.267949192431123 0
55 8.267949192431123 0
51 8.267949192431123 0
47 8.267949192431123 0
43 8.267949192431123 0
39 8.267949192431123 0
35 8.267949192431123 0
31 8.267949192431123 0
27 8.267949192431123 0
23 8.267949192431123 0
19 8.267949192431123 0
15 8.267949192431123 0
11 8.267949192431123 0
5.116676008936324 1.664687882401514 0
1.732050807568896 5 0
98.27738658026877 5.016346035225557 0
96.81634876188519 1.811394494881592 0
98.30702912343534 6.992518096425224 0
96.37177463526993 6.313252741406258 0
96.53589838486221 4.000000000000034 0
94.80384757729337 5.000000000000054 0
94.87644358965548 2.994054770981365 0
93.07705831752536 3.967873823305397 0
93.07179676972447 6.000000000000036 0
91.36918921958565 5.011218488814775 0
91.21836298184803 3.005885087798496 0
89.60769515458674 4.000000000000068 0
87.67412161471219 3.406795228478456 0
87.9981452157311 5.31759946781533 0
86.12115679677098 4.617280816619251 0
7.019446001489385 1.72082365337431 0
8.003241000248224 3.462230422771986 0
10.00054016670802 3.463789749743477 0
9.000630194492686 5.163039334173726 0
6.840770514751995 5.059961209205071 0
11.0000507757705 5.177667379579185 0
7.87376969985327 6.669529680880389 0
12.00009849041308 3.460968797050851 0
13.00000647586867 5.178194509917462 0
14.00001749438029 3.460586493325156 0
14.99999999999994 5.196152422706833 0
16.00000291573004 3.463515761502477 0
16.99999999999994 5.19615242270692 0
18.00000048595499 3.464003972865418 0
18.99999999999993 5.196152422707039 0
20.00000008099248 3.464085341425982 0
20.99999999999992 5.19615242270716 0
22.00000001349873 3.464098902852801 0
22.99999999999992 5.196152422707279 0
24.00000000224977 3.464101163090671 0
24.99999999999993 5.196152422707383 0
26.00000000037494 3.464101539797032 0
26.99999999999993 5.196152422707484 0
28.00000000006247 3.464101602581486 0
28.99999999999993 5.196152422707578 0
30.00000000001039 3.464101613045612 0
30.99999999999993 5.196152422707682 0
32.00000000000171 3.464101614789698 0
32.99999999999993 5.196152422707788 0
34.00000000000027 3.464101615080434 0
34.99999999999992 5.196152422707899 0
36.00000000000003 3.464101615128959 0
36.99999999999992 5.196152422708012 0
37.99999999999999 3.464101615137104 0
38.99999999999992 5.19615242270813 0
40 3.464101615138913 0
40.99999999999992 5.196152422708246 0
41.99999999999998 3.464101615138892 0
42.99999999999992 5.196152422708361 0
43.99999999999997 3.464101615138959 0
44.99999999999992 5.196152422708476 0
45.99999999999997 3.464101615139028 0
46.99999999999992 5.19615242270859 0
47.99999999999997 3.46410161513911 0
48.99999999999992 5.196152422708706 0
49.99999999999997 3.464101615139181 0
50.99999999999992 5.19615242270882 0
51.99999999999997 3.464101615139263 0
52.99999999999992 5.196152422708936 0
53.99999999999997 3.464101615139334 0
54.99999999999992 5.196152422709051 0
55.99999999999997 3.464101615139414 0
56.99999999999992 5.196152422709162 0
57.99999999999997 3.464101615139484 0
58.99999999999992 5.196152422709274 0
59.99999999999997 3.464101615139565 0
60.99999999999992 5.19615242270939 0
61.99999999999997 3.464101615139637 0
62.99999999999992 5.196152422709504 0
63.99999999999997 3.464101615139721 0
64.99999999999991 5.196152422709625 0
65.99999999999997 3.464101615139795 0
66.99999999999991 5.196152422709746 0
67.99999999999997 3.464101615139875 0
68.99999999999993 5.196152422709856 0
69.99999999999997 3.464101615139942 0
70.99999999999993 5.196152422709956 0
71.99999999999997 3.464101615140017 0
72.99999999999993 5.196152422710064 0
73.99999999999997 3.464101615140089 0
74.99999999999991 5.19615242271018 0
75.99999999999997 3.464101615140176 0
76.99999999999991 5.196152422710313 0
77.99999999999997 3.464101615140253 0
78.99999999999991 5.196152422710435 0
79.99999999999997 3.464101615140339 0
80.99999999999991 5.196152422710555 0
81.99999999999997 3.464101615140408 0
82.95966049818978 5.095566545436061 0
84.24228050696748 3.522055473101013 0
93.05796777858222 7.988367911987067 0
88.98946763542781 8.356071570151055 0
89.78887684475703 6.384649237812233 0
85.03068412812385 8.315834041030861 0
81.00159746606224 8.294708486291489 0
77 8.267949192431123 0
73 8.267949192431123 0
69 8.267949192431123 0
65 8.267949192431123 0
61 8.267949192431125 0
57 8.267949192431123 0
53 8.267949192431123 0
49 8.267949192431123 0
45 8.267949192431123 0
41 8.267949192431123 0
37 8.267949192431123 0
33 8.267949192431123 0
29 8.267949192431123 0
25 8.267949192431125 0
21 8.267949192431125 0
17 8.267949192431125 0
13 8.267949192431125 0
11.00010644285351 1.731476693655353 0
15.00000340168506 1.731367311660921 0
19.00000009449125 1.732031821571572 0
23.00000000262475 1.732050280180276 0
27.00000000007291 1.732050792919473 0
31.00000000000203 1.732050807162295 0
35.00000000000006 1.732050807557999 0
39 1.732050807568876 0
42.99999999999999 1.73205080756946 0
46.99999999999999 1.732050807569533 0
50.99999999999999 1.73205080756961 0
54.99999999999999 1.732050807569686 0
58.99999999999999 1.732050807569761 0
62.99999999999999 1.732050807569838 0
66.99999999999999 1.732050807569917 0
70.99999999999999 1.732050807569989 0
74.99999999999999 1.732050807570065 0
79 1.732050807570146 0
83.04073692621283 1.724943757264371 0
1.693544090111658 3.008474738561751 0
3.204881161722078 3.966741601710699 0
3.521152592282682 6.194026221068405 0
1.697009285516557 7.003310138811235 0
5.999999999999993 3.464101615137713 0
86.12970701853783 6.466257685715043 0
3.138346541832831 1.82772942596852 0
98.35053673316374 3.06276488720153 0
97.01818696973008 8.336673026128555 0
2.947043915489495 8.333530656195503 0
5.541417052097202 6.433206316164334 0
86.98983025263118 1.632636018769823 0
8.952348836791018 8.338220866041098 0
6.840323320892836 8.360138566096948 0
83.95775187129087 6.668934046430632 0
12.00000000000001 6.732050807568946 0
14 6.732050807568987 0
15.99999999999996 6.732050807568996 0
17.99999999999991 6.732050807569026 0
19.99999999999991 6.732050807569085 0
21.99999999999991 6.732050807569146 0
23.99999999999991 6.732050807569203 0
25.99999999999991 6.732050807569253 0
27.99999999999996 6.732050807569331 0
29.99999999999999 6.732050807569411 0
31.99999999999995 6.732050807569426 0
33.99999999999997 6.732050807569491 0
35.99999999999999 6.732050807569575 0
37.99999999999999 6.732050807569637 0
39.99999999999999 6.732050807569696 0
41.99999999999999 6.732050807569753 0
43.99999999999999 6.732050807569811 0
45.99999999999999 6.732050807569868 0
47.99999999999999 6.73205080756992 0
49.99999999999999 6.732050807569977 0
51.99999999999999 6.73205080757004 0
53.99999999999999 6.732050807570093 0
55.99999999999999 6.732050807570149 0
57.99999999999994 6.732050807570167 0
59.99999999999996 6.732050807570236 0
61.99999999999994 6.732050807570277 0
63.99999999999993 6.732050807570333 0
65.99999999999993 6.732050807570393 0
67.99999999999996 6.732050807570467 0
69.99999999999994 6.732050807570506 0
71.99999999999991 6.732050807570544 0
73.99999999999993 6.732050807570609 0
75.99999999999993 6.732050807570673 0
77.99999999999993 6.732050807570737 0
79.99999999999983 6.732050807570758 0
81.99667823838627 6.726664317297905 0
9.99999999999995 6.731707756838128 0
91 1.352571219800192 0
94.94471247914166 1.323727486942761 0
94.60288568296998 6.651923788646723 0
87.98123934289075 6.974452666250005 0
86.00590604427828 2.962044436948633 0
91.64492728504325 6.737734002434195 0
84.6001589016447 5.087685837699915 0
98.53589838486226 8.535898384862262 0
1.464101615137736 1.464101615137738 0
98.53589838486225 1.464101615137751 0
1.464101615137736 8.535898384862262 0
4.9517001938531 4.705764225740965 0
4.570831606895034 3.118957949424955 0
5 8.267949192431123 10
8.999999999999993 1.732050807568878 10
13 1.732050807568915 10
17.00000000000001 1.732050807568974 10
21.00000000000001 1.732050807569053 10
25.00000000000001 1.732050807569128 10
29.00000000000001 1.732050807569192 10
33.00000000000001 1.732050807569263 10
37.00000000000001 1.732050807569337 10
41.00000000000001 1.732050807569415 10
45.00000000000001 1.732050807569491 10
49.00000000000001 1.732050807569569 10
53.00000000000001 1.732050807569645 10
57.00000000000001 1.732050807569721 10
61.00000000000001 1.732050807569796 10
65.00000000000001 1.732050807569875 10
69 1.732050807569951 10
73 1.732050807570022 10
77 1.732050807570102 10
81 1.732050807570183 10
85.00214105030955 1.631454647774624 10
89.22546515522288 1.890458826019697 10
93.03077004416764 1.813188168850848 10
95.17345130941315 8.207407750089153 10
90.93680581256685 8.304434373556864 10
87 8.347685369756364 10
83.02630068124901 8.316209361130984 10
79 8.267949192431123 10
75 8.267949192431123 10
71 8.267949192431123 10
67 8.267949192431123 10
63 8.267949192431123 10
59 8.267949192431123 10
55 8.267949192431123 10
51 8.267949192431123 10
47 8.267949192431123 10
43 8.267949192431123 10
39 8.267949192431123 10
35 8.267949192431123 10
31 8.267949192431123 10
27 8.267949192431123 10
23 8.267949192431123 10
19 8.267949192431123 10
15 8.267949192431123 10
11 8.267949192431123 10
5.116676008936324 1.664687882401514 10
1.732050807568896 5 10
98.27738658026877 5.016346035225557 10
96.81634876188519 1.811394494881592 10
98.30702912343534 6.992518096425224 10
96.37177463526993 6.313252741406258 10
96.53589838486221 4.000000000000034 10
94.80384757729337 5.000000000000054 10
94.87644358965548 2.994054770981365 10
93.07705831752536 3.967873823305397 10
93.07179676972447 6.000000000000036 10
91.36918921958565 5.011218488814775 10
91.21836298184803 3.005885087798496 10
89.60769515458674 4.000000000000068 10
87.67412161471219 3.406795228478456 10
87.9981452157311 5.31759946781533 10
86.12115679677098 4.617280816619251 10
7.019446001489385 1.72082365337431 10
8.003241000248224 3.462230422771986 10
10.00054016670802 3.463789749743477 10
9.000630194492686 5.163039334173726 10
6.840770514751995 5.059961209205071 10
11.0000507757705 5.177667379579185 10
7.87376969985327 6.669529680880389 10
12.00009849041308 3.460968797050851 10
13.00000647586867 5.178194509917462 10
14.00001749438029 3.460586493325156 10
14.99999999999994 5.196152422706833 10
16.00000291573004 3.463515761502477 10
16.99999999999994 5.19615242270692 10
18.00000048595499 3.464003972865418 10
18.99999999999993 5.196152422707039 10
20.00000008099248 3.464085341425982 10
20.99999999999992 5.19615242270716 10
22.00000001349873 3.464098902852801 10
22.99999999999992 5.196152422707279 10
24.00000000224977 3.464101163090671 10
24.99999999999993 5.196152422707383 10
26.00000000037494 3.464101539797032 10
26.99999999999993 5.196152422707484 10
28.00000000006247 3.464101602581486 10
28.99999999999993 5.196152422707578 10
30.00000000001039 3.464101613045612 10
30.99999999999993 5.196152422707682 10
32.00000000000171 3.464101614789698 10
32.99999999999993 5.196152422707788 10
34.00000000000027 3.464101615080434 10
34.99999999999992 5.196152422707899 10
36.00000000000003 3.464101615128959 10
36.99999999999992 5.196152422708012 10
37.99999999999999 3.464101615137104 10
38.99999999999992 5.19615242270813 10
40 3.464101615138913 10
40.99999999999992 5.196152422708246 10
41.99999999999998 3.464101615138892 10
42.99999999999992 5.196152422708361 10
43.99999999999997 3.464101615138959 10
44.99999999999992 5.196152422708476 10
45.99999999999997 3.464101615139028 10
46.99999999999992 5.19615242270859 10
47.99999999999997 3.46410161513911 10
48.99999999999992 5.196152422708706 10
49.99999999999997 3.464101615139181 10
50.99999999999992 5.19615242270882 10
51.99999999999997 3.464101615139263 10
52.99999999999992 5.196152422708936 10
53.99999999999997 3.464101615139334 10
54.99999999999992 5.196152422709051 10
55.99999999999997 3.464101615139414 10
56.99999999999992 5.196152422709162 10
57.99999999999997 3.464101615139484 10
58.99999999999992 5.196152422709274 10
59.99999999999997 3.464101615139565 10
60.99999999999992 5.19615242270939 10
61.99999999999997 3.464101615139637 10
62.99999999999992 5.196152422709504 10
63.99999999999997 3.464101615139721 10
64.99999999999991 5.196152422709625 10
65.99999999999997 3.464101615139795 10
66.99999999999991 5.196152422709746 10
67.99999999999997 3.464101615139875 10
68.99999999999993 5.196152422709856 10
69.99999999999997 3.464101615139942 10
70.99999999999993 5.196152422709956 10
71.99999999999997 3.464101615140017 10
72.99999999999993 5.196152422710064 10
73.99999999999997 3.464101615140089 10
74.99999999999991 5.19615242271018 10
75.99999999999997 3.464101615140176 10
76.99999999999991 5.196152422710313 10
77.99999999999997 3.464101615140253 10
78.99999999999991 5.196152422710435 10
79.99999999999997 3.464101615140339 10
80.99999999999991 5.196152422710555 10
81.99999999999997 3.464101615140408 10
82.95966049818978 5.095566545436061 10
84.24228050696748 3.522055473101013 10
93.05796777858222 7.988367911987067 10
88.98946763542781 8.356071570151055 10
89.78887684475703 6.384649237812233 10
85.03068412812385 8.315834041030861 10
81.00159746606224 8.294708486291489 10
77 8.267949192431123 10
73 8.267949192431123 10
69 8.267949192431123 10
65 8.267949192431123 10
61 8.267949192431125 10
57 8.267949192431123 10
53 8.267949192431123 10
49 8.267949192431123 10
45 8.267949192431123 10
41 8.267949192431123 10
37 8.267949192431123 10
33 8.267949192431123 10
29 8.267949192431123 10
25 8.267949192431125 10
21 8.267949192431125 10
17 8.267949192431125 10
13 8.267949192431125 10
11.00010644285351 1.731476693655353 10
15.00000340168506 1.731367311660921 10
19.00000009449125 1.732031821571572 10
23.00000000262475 1.732050280180276 10
27.00000000007291 1.732050792919473 10
31.00000000000203 1.732050807162295 10
35.00000000000006 1.732050807557999 10
39 1.732050807568876 10
42.99999999999999 1.73205080756946 10
46.99999999999999 1.732050807569533 10
50.99999999999999 1.73205080756961 10
54.99999999999999 1.732050807569686 10
58.99999999999999 1.732050807569761 10
62.99999999999999 1.732050807569838 10
66.99999999999999 1.732050807569917 10
70.99999999999999 1.732050807569989 10
74.99999999999999 1.732050807570065 10
79 1.732050807570146 10
83.04073692621283 1.724943757264371 10
1.693544090111658 3.008474738561751 10
3.204881161722078 3.966741601710699 10
3.521152592282682 6.194026221068405 10
1.697009285516557 7.003310138811235 10
5.999999999999993 3.464101615137713 10
86.12970701853783 6.466257685715043 10
3.138346541832831 1.82772942596852 10
98.35053673316374 3.06276488720153 10
97.01818696973008 8.336673026128555 10
2.947043915489495 8.333530656195503 10
5.541417052097202 6.433206316164334 10
86.98983025263118 1.632636018769823 10
8.952348836791018 8.338220866041098 10
6.840323320892836 8.360138566096948 10
83.95775187129087 6.668934046430632 10
12.00000000000001 6.732050807568946 10
14 6.732050807568987 10
15.99999999999996 6.732050807568996 10
17.99999999999991 6.732050807569026 10
19.99999999999991 6.732050807569085 10
21.99999999999991 6.732050807569146 10
23.99999999999991 6.732050807569203 10
25.99999999999991 6.732050807569253 10
27.99999999999996 6.732050807569331 10
29.99999999999999 6.732050807569411 10
31.99999999999995 6.732050807569426 10
33.99999999999997 6.732050807569491 10
35.99999999999999 6.732050807569575 10
37.99999999999999 6.732050807569637 10
39.99999999999999 6.732050807569696 10
41.99999999999999 6.732050807569753 10
43.99999999999999 6.732050807569811 10
45.99999999999999 6.732050807569868 10
47.99999999999999 6.73205080756992 10
49.99999999999999 6.732050807569977 10
51.99999999999999 6.73205080757004 10
53.99999999999999 6.732050807570093 10
55.99999999999999 6.732050807570149 10
57.99999999999994 6.732050807570167 10
59.99999999999996 6.732050807570236 10
61.99999999999994 6.732050807570277 10
63.99999999999993 6.732050807570333 10
65.99999999999993 6.732050807570393 10
67.99999999999996 6.732050807570467 10
69.99999999999994 6.732050807570506 10
71.99999999999991 6.732050807570544 10
73.99999999999993 6.732050807570609 10
75.99999999999993 6.732050807570673 10
77.99999999999993 6.732050807570737 10
79.99999999999983 6.732050807570758 10
81.99667823838627 6.726664317297905 10
9.99999999999995 6.731707756838128 10
91 1.352571219800192 10
94.94471247914166 1.323727486942761 10
94.60288568296998 6.651923788646723 10
87.98123934289075 6.974452666250005 10
86.00590604427828 2.962044436948633 10
91.64492728504325 6.737734002434195 10
84.6001589016447 5.087685837699915 10
98.53589838486226 8.535898384862262 10
1.464101615137736 1.464101615137738 10
98.53589838486225 1.464101615137751 10
1.464101615137736 8.535898384862262 10
4.9517001938531 4.705764225740965 10
4.570831606895034 3.118957949424955 10
5.103139180605268 0 1.635499239202774
9.026612779851192 0 1.683993841506802
13 0 1.732050807568875
17 0 1.732050807568864
21 0 1.732050807568876
25 0 1.732050807568875
29 0 8.267949192431123
32.97338722014881 0 1.716685911957908
37 0 8.267949192431123
41 0 1.732050807568877
45 0 8.267949192431123
48.97338722014881 0 8.316006158493197
53 0 8.267949192431123
57 0 1.732050807568878
61 0 1.732050807568876
65 0 1.732050807568877
69 0 1.732050807568878
73 0 1.732050807568876
77 0 1.732050807568877
81 0 1.732050807568878
85.00214105030955 0 1.631454647773943
89.22546515522288 0 1.890458826019697
93.03077004416764 0 1.813188168850848
47.05322555970238 0 1.668686121017625
51 0 1.732050807568878
7 0 8.267949192431121
10.97338722014881 0 8.316006158493195
15 0 8.267949192431123
19 0 8.267949192431123
23 0 8.267949192431123
59 0 8.267949192431123
63 0 8.267949192431123
67 0 8.267949192431123
71 0 8.267949192431123
75 0 8.267949192431123
79 0 8.267949192431123
83.02630068124877 0 8.316209361130493
87 0 8.347685369756364
90.93680581256685 0 8.304434373556866
95.17345130941315 0 8.207407750089153
29 0 1.732050807568877
37 0 1.732050807568877
33.02661277985119 0 8.316006158493199
41 0 8.267949192431121
1.637066120482586 0 4.88665085741267
98.27738658026877 0 5.016346035225557
96.81634876188519 0 1.811394494881592
3.008474738561752 0 8.306455909888339
98.30702912343534 0 6.992518096425224
96.37177463526993 0 6.313252741406258
96.53589838486221 0 4.000000000000034
94.80384757729337 0 5.000000000000054
94.87644358965548 0 2.994054770981365
93.07705831752536 0 3.967873823305397
93.07179676972447 0 6.000000000000036
91.36918921958565 0 5.011218488814775
91.21836298184803 0 3.005885087798496
89.60769515458674 0 4.000000000000068
87.67412161471219 0 3.406795228478456
87.9981452157311 0 5.31759946781533
86.12115679677098 0 4.617280816619063
5.001412456426962 0 8.274366978673998
6.000235409404489 0 6.536968015902731
7.973426455049548 0 6.551441552313294
6.999999999999986 0 4.803847577293363
8.996836482743994 0 4.922455348839105
4.847987673780935 0 4.814316211570361
35.03104824315972 0 8.291323582385772
36.03178748704448 0 6.555159012132323
38.00529791450741 0 6.539108489407257
37 0 4.803847577293368
35.00378422464815 0 4.92289790357947
39 0 4.803847577293366
43 0 8.267949192431123
44 0 6.535898384862246
45.97338722014881 0 6.551263280473214
44.99556453669147 0 4.839157638801426
42.99926075611524 0 4.842481833117607
46.99630378057622 0 4.926678544124669
43.99913754880112 0 3.249657804341484
7.015446661959103 0 1.668132548063941
11.03104824315972 0 1.708676417614228
12.03178748704447 0 3.444840987867675
14.0052979145074 0 3.460891510592732
12.99999999999998 0 5.196152422706636
14.99999999999999 0 5.19615242270663
11.00340761545099 0 5.09122206922359
16.00088298575124 0 3.463566597713563
17 0 5.196152422706565
19.00000000000001 0 1.732050807568871
20.00000000000001 0 3.46410161513775
22 0 3.464101615137752
21 0 5.19615242270663
23 0 5.196152422706625
19 0 5.196152422706628
27 0 1.732050807568877
28 0 3.464101615137754
30 0 3.464101615137755
29 0 5.196152422706632
27 0 5.196152422706631
31 0 5.196152422706632
34.96895175684028 0 1.681433025571642
49.03548370646826 0 1.706125130866033
50.03252673092923 0 3.444415773409644
52.00542112182154 0 3.460820641516404
51 0 5.196152422706632
53 0 5.196152422706632
54.00090352030359 0 3.463554786200864
55.00015058671727 0 5.163312038977588
49.00343220375065 0 5.091674209798302
53.00105410702086 0 1.731412840475837
59 0 1.732050807568877
60 0 3.464101615137753
62 0 3.464101615137752
61.00000000000001 0 5.19615242270663
63.00000000000001 0 5.196152422706625
59 0 5.196152422706632
63 0 1.732050807568877
67 0 1.732050807568877
68 0 3.464101615137754
70 0 3.464101615137755
69 0 5.196152422706632
71 0 5.196152422706632
67 0 5.196152422706631
71 0 1.732050807568876
75 0 1.732050807568876
76 0 3.464101615137753
78 0 3.464101615137754
77 0 5.19615242270663
79 0 5.19615242270663
75 0 5.196152422706631
83.00035684171826 0 1.715284780936387
82.00005947361971 0 3.461307277365673
1.693821434767727 0 3.001135766047712
56.00017568450347 0 3.458537079693432
58.00002928075058 0 3.463174192563701
57.00005925866189 0 5.156847786842499
56.00003497422986 0 6.750642078615037
80.00000991226995 0 3.463635892175741
81 0 5.196152422706631
82.95967041045952 0 5.095100822471737
41.99987679268587 0 6.542337427499616
40.00022450312341 0 6.536317010225908
23 0 1.732050807568874
30.99556453669147 0 1.729489991633716
31.96821251295552 0 3.445749100935765
32.99666627828616 0 5.091382863010318
39 0 1.732050807568877
55.00035555197132 0 1.730925918989835
79.00000165204499 0 1.731973187075208
8.964522832681865 0 8.293914110294274
12.99838357751147 0 8.294696144051343
17 0 8.267949192431121
21 0 8.267949192431123
31.00161642248853 0 8.294696144051347
39.00092040293848 0 8.268553980749235
46.96451629353174 0 8.293884398320932
50.99838357751147 0 8.294696144051345
61 0 8.267949192431123
65 0 8.267949192431125
69 0 8.267949192431125
73 0 8.267949192431121
77 0 8.267949192431121
81.00159746606224 0 8.294708486291221
85.03068412812357 0 8.315834041030628
88.9894676354278 0 8.356071570151055
89.78887684475703 0 6.384649237812233
93.05796777858222 0 7.988367911987067
26 0 3.464101615137749
72 0 3.464101615137751
74 0 3.464101615137748
73.00000000000001 0 5.196152422706601
40.9999723228136 0 4.822856142299666
66 0 3.464101615137753
84.24234139662573 0 3.519194603476347
25 0 8.267949192431123
26.99999999999999 0 8.267949192431113
64 0 3.464101615137752
24 0 3.464101615137746
25 0 5.196152422706614
65 0 5.196152422706627
3.939427841063058 0 6.708668710085242
15.00103015004311 0 1.731426620574005
18.00014716429187 0 3.46401244556704
86.12970701853757 0 6.466257685714819
3.156244321415933 0 1.891186510723136
98.35053673316374 0 3.06276488720153
97.01818696973008 0 8.336673026128555
1.878871514700926 0 6.836522174011118
3.159818118397787 0 3.85813994270949
86.98983025263118 0 1.632636018769742
10.0562995997747 0 3.358538956787521
33.94378309083593 0 3.359367544883201
44.98211440489939 0 1.637749600404007
54.84032332089286 0 8.360138566096937
57.15967667910714 0 8.360138566096939
42.95214618140992 0 1.645644987719475
47.94378603432132 0 6.645115240386492
48.06002333467665 0 3.356959690703666
9.943851973359287 0 6.644583412761863
34.05632417176749 0 6.644789398528251
83.9577535233357 0 6.668856425936037
19.99999999999999 0 6.73205080756887
26 0 6.732050807568871
60 0 6.731993632447084
16.00000000000001 0 6.732050807568854
66 0 6.732050807568877
8.015865920721495 0 3.284152910820306
24 0 6.732050807568871
64 0 6.732050807568875
78 0 6.732050807568876
81.99667894078634 0 6.726631315385431
68 0 6.732050807568878
17.99999999999999 0 6.732050807568855
62 0 6.73204127838191
30 0 6.732050807568879
49.98649817262204 0 6.712615830500807
74 0 6.732050807568877
80 0 6.732050807568877
51.99748029168892 0 6.733212294872445
72 0 6.732050807568877
76 0 6.732050807568876
36 0 3.267949192431121
32.01353660873222 0 6.712512965726438
22 0 6.732050807568876
38 0 3.267949192431122
70 0 6.732050807568877
13.99999999999998 0 6.73205080756887
28 0 6.732050807568875
40 0 3.267949192431118
6.083866384890854 0 3.22391957360408
11.98650506441175 0 6.712451835800916
42 0 3.268292243161871
58.00000000000001 0 6.731707756838129
46.01439486089121 0 3.279814899898813
54 0 6.73170775683813
91 0 1.352571219800192
94.94471247914166 0 1.323727486942761
94.60288568296998 0 6.651923788646723
87.9812393428907 0 6.97445266624996
86.00591822220993 0 2.96147226302351
91.64492728504325 0 6.737734002434196
84.60015890164482 0 5.087685837699666
98.53589838486226 0 8.535898384862262
1.46410161513775 0 8.53589838486225
1.464101615137736 0 1.464101615137738
98.53589838486225 0 1.464101615137751
4.470211135818154 0 3.084612295561969
3.092634253685056 0 5.420859579157776
100 5 1.732050807568877
100 5.080519843450139 8.664914703891412
100 1.637066120482572 5.113349142587333
100 8.37244843820079 5.096679054948581
100 3.008474738561753 1.693544090111664
100 3.964488584460976 3.294323965174821
100 6.03109405767754 3.27231441843193
100 4.999999999999998 5.196152422706632
100 6.995295621702626 1.696225379235138
100 1.693821434767736 6.998864233952287
100 6.847650871687176 8.119089959777378
100 3.158900949321988 8.254796004571354
100 1.882451620900603 3.163905351026036
100 8.383692320189354 6.942276967358652
100 8.177657612150018 3.141343485281811
100 3.316223633021806 6.146205209259527
100 6.800969479686984 6.111246918096529
100 5.234115135122346 6.823163033936778
100 8.535898384862247 1.464101615137754
100 8.535898384862247 8.535898384862247
100 1.464101615137754 1.464101615137754
100 1.464101615137754 8.535898384862247
100 3.103030287661162 4.582018644170681
100 6.89750224214721 4.581232296219055
95.17345130941315 10 1.792592249910846
90.93680581256685 10 1.695565626443135
87 10 1.652314630243635
83 10 1.732050807568877
79 10 1.732050807568877
75 10 1.732050807568877
71 10 1.732050807568878
67 10 1.732050807568878
63 10 1.732050807568877
59 10 1.732050807568878
55.01900912846514 10 8.350421021942012
51 10 8.267949192431123
45 10 1.732050807568877
41 10 1.732050807568877
37 10 1.732050807568877
33 10 1.732050807568878
29 10 1.732050807568877
25 10 1.732050807568876
21 10 1.732050807568876
17 10 1.732050807568878
13 10 1.732050807568877
8.999999999999993 10 1.732050807568875
4.999999999999993 10 1.732050807568887
53 10 1.732050807568876
49 10 1.732050807568877
93.03077004416764 10 8.186811831149152
89.22546515522288 10 8.109541173980302
85.00214105030955 10 8.401237422677161
81 10 8.267949192431123
77 10 8.267949192431123
73 10 8.267949192431123
69 10 8.267949192431123
65 10 8.267949192431123
61 10 8.267949192431123
47 10 8.267949192431123
43 10 8.267949192431123
39 10 8.267949192431123
35 10 8.267949192431123
31 10 8.267949192431123
27 10 8.267949192431123
22.97338722014881 10 8.316006158493199
19 10 8.267949192431123
15.02661277985118 10 8.316006158493195
11 10 8.267949192431123
7 10 8.267949192431123
1.627551561799223 10 5.096679054948605
98.27738658026877 10 4.983653964774443
96.81634876188519 10 8.188605505118408
3.138850922675822 10 8.080979453767036
98.30702912343534 10 3.007481903574776
96.37177463526993 10 3.686747258593742
96.53589838486221 10 5.999999999999966
94.80384757729337 10 4.999999999999946
94.87644358965548 10 7.005945229018635
93.07705831752536 10 6.032126176694604
93.07179676972447 10 3.999999999999965
91.36918921958565 10 4.988781511185225
91.21836298184803 10 6.994114912201503
89.60769515458674 10 5.999999999999932
87.67412161471219 10 6.593204771521544
87.9981452157311 10 4.68240053218467
86.45446426571667 10 5.321076337000868
7 10 1.732050807568877
5.999999999999993 10 3.464101615137756
3.962987373065957 10 3.300610693425774
4.842559070566985 10 5.162176092212473
6.973759845094492 10 5.125105560055394
3.004447602940878 10 1.697453004660084
7.995626640849075 10 3.452260471362544
9.999271106808166 10 3.462128091175216
10.99987851780136 10 1.731721886908454
11.99985827076826 10 3.463717874367261
13.99997637846138 10 3.464037658342674
13.00000000000001 10 5.196152422706631
15.01900631637721 10 5.113672979291568
10.99999999999996 10 5.196152422706632
93.05796777858222 10 2.011632088012933
88.98946763542781 10 1.643928429848946
89.78887684475703 10 3.615350762187767
85 10 1.70777741866753
83.93120136604712 10 3.409351114474479
81.98853356100784 10 3.454976531693875
82.91782385388962 10 5.080401441287316
81 10 5.196152422706628
77 10 1.732050807568877
76 10 3.464101615137753
74 10 3.464101615137753
75 10 5.196152422706632
73 10 5.196152422706625
77 10 5.196152422706627
73 10 1.732050807568877
69 10 1.732050807568879
68 10 3.464101615137757
66 10 3.464101615137756
67 10 5.196152422706632
65 10 5.196152422706634
69 10 5.196152422706634
64 10 3.464101615137756
63 10 5.196152422706634
62 10 3.464101615137754
61 10 5.196152422706629
65 10 1.732050807568878
61 10 1.732050807568876
51 10 1.732050807568877
50 10 3.464101615137754
48 10 3.464101615137755
49 10 5.196152422706632
51 10 5.19615242270663
47 10 5.196152422706634
43 10 1.732050807568877
42 10 3.464101615137754
40 10 3.464101615137753
41 10 5.19615242270663
39 10 5.196152422706631
43 10 5.196152422706632
39 10 1.732050807568877
35 10 1.732050807568878
34 10 3.464101615137755
32 10 3.464101615137755
33 10 5.196152422706632
35 10 5.196152422706632
31 10 5.196152422706634
31 10 1.732050807568879
27 10 1.732050807568876
26 10 3.464101615137753
24 10 3.464101615137752
25 10 5.19615242270663
22.98099087153487 10 5.113680593195745
27 10 5.19615242270663
19 10 1.732050807568877
20 10 3.464101615137754
14.9999960630769 10 1.732040148103031
46 10 3.464101615137756
38 10 3.464101615137754
36 10 3.464101615137756
30 10 3.464101615137758
28 10 3.464101615137753
44 10 3.464101615137755
80.99808892683464 10 1.73052996032823
57 10 1.732050807568877
58 10 3.464101615137754
56 10 3.464101615137753
57.02661277985119 10 5.180787527095662
55.03104824315972 10 5.145534640709394
55 10 1.732050807568876
59.00443546330853 10 5.160842361198572
58.05840026689567 10 6.788989122284582
47 10 1.732050807568878
23 10 1.732050807568875
83.00018206210115 10 8.312642481177662
79 10 8.267949192431123
75 10 8.267949192431123
71 10 8.267949192431125
67 10 8.267949192431125
63 10 8.267949192431125
53.00161642248853 10 8.30832135866617
49 10 8.267949192431123
45 10 8.267949192431123
41 10 8.267949192431125
37 10 8.267949192431125
33 10 8.267949192431125
29 10 8.267949192431125
24.99838357751147 10 8.294696144051345
20.96895175684028 10 8.291323582385772
19.99172545630871 10 6.55791722936727
18.01287433124284 10 6.578940052621883
17.03319396503353 10 8.298497193679044
13.00161642248853 10 8.294696144051342
9 10 8.267949192431127
5.109886772311562 10 8.323870371787288
72 10 3.464101615137755
70 10 3.464101615137757
71.00000000000001 10 5.196152422706636
21.99683181192248 10 3.417607064646378
16.00316312631925 10 3.41759335961886
54.00517470719329 10 3.455665318138214
79.99777041464041 10 3.462327293356998
79 10 5.196152422706626
77.99962840244007 10 3.46380589484096
60.00073924388475 10 3.45821660488641
52.00086245119888 10 3.46269556563783
53.00315352054012 10 5.157651999755102
45 10 5.196152422706634
37 10 5.196152422706635
29 10 5.196152422706636
18.00013723128902 10 3.445048956884991
8.997334829315612 10 5.155577050614595
86.13871700625393 10 3.540333671935928
98.35053673316374 10 6.93723511279847
1.590410458578233 10 6.952066487841732
97.01818696973008 10 1.663326973871446
1.880226558685244 10 3.162868094913037
3.137056580444451 10 6.122562693657601
86.98576235368365 10 8.346289221118507
21.98584255080544 10 6.668439220046688
59.00973337781595 10 8.375515122903721
56.02251173639529 10 6.777037964244838
16.01528123208413 10 6.673137356820636
12.00000000000001 10 6.732050807568861
8.000000000000007 10 6.732050807568885
78 10 6.732050807568871
70 10 6.732050807568876
82 10 6.732050807568874
76 10 6.732050807568877
42 10 6.732050807568878
40 10 6.732050807568877
52.00079499050478 10 6.732362764782795
54.01302234025893 10 6.745221625016718
50.00013249841746 10 6.732102800437864
80 10 6.732050807568875
34 10 6.732050807568878
26 10 6.732050807568877
23.9897673700001 10 6.720170891010413
68 10 6.732050807568878
83.92003357740673 10 6.742985179159037
66 10 6.732050807568879
44 10 6.732050807568877
38 10 6.732050807568878
36 10 6.732050807568879
32 10 6.732050807568879
64 10 6.732050807568879
74 10 6.732050807568874
48.00002208306958 10 6.732059473047042
46.0000036805116 10 6.732052251815238
6.074445899861097 10 6.74556580016864
19.0007895031401 10 5.00755362542507
28 10 6.732050807568878
62 10 6.731993632447086
14.01041945846685 10 6.720952644822039
30 10 6.732050807568879
72 10 6.732050807568877
10 10 6.732050807568895
21 10 4.999656949269263
57.01827575159534 10 8.381993871895858
60 10 6.731707756838128
17.00435814119494 10 5.019895438644041
91 10 8.647428780199807
94.94471247914166 10 8.676272513057238
94.60288568296998 10 3.348076211353277
87.98304134043397 10 3.026865605280189
85.77062184301857 10 6.727103315864714
91.64492728504325 10 3.262265997565805
84.77882875992989 10 5.085718544360613
98.53589838486226 10 1.464101615137738
1.46410161513775 10 8.535898384862247
98.53589838486225 10 8.53589838486225
1.464101615137707 10 1.46410161513771
4.504874682554025 10 6.868695324166675
3.090076228912366 10 4.568979325831498
0 5 1.732050807568878
0 5.080519843450139 8.664914703891412
0 8.37244843820079 5.096679054948581
0 1.637066120482571 5.113349142587333
0 6.991525261438247 1.693544090111664
0 6.035600170507086 3.294192907182884
0 3.969009489785198 3.272423633425212
0 5.000000000000002 5.196152422706632
0 3.004708870673066 1.696230117494947
0 1.693821434767736 6.998864233952287
0 6.847650871687176 8.119089959777378
0 8.11899635673651 3.161392851942849
0 3.158900949321988 8.254796004571356
0 8.383692320189354 6.942276967358652
0 1.823378625434692 3.143136382102573
0 3.316223633021806 6.146205209259527
0 6.800969479686986 6.11124691809653
0 5.234115135122347 6.823163033936778
0 1.464101615137755 8.535898384862247
0 8.535898384862247 8.535898384862245
0 1.464101615137754 1.464101615137754
0 8.535898384862247 1.464101615137754
0 3.103030287661161 4.582018644170681
0 6.89750224214721 4.581232296219056
81.95056617060463 5.000000000000165 5
59.99999999999993 4.99892336032567 4.998923360325583
18.00249802299766 4.99768583847587 5.001463137599966
68 4.999999999999856 5
74 4.999999999999859 4.999999999999986
30 4.999999999999947 5
24 5.000000000000025 4.999999999999987
39.99999999999994 5.000000000000003 4.999999999999926
51.99999999999994 5 5.000000000000105
46 5.002075635766176 4.998081072871647
12.00007503927887 5.001836237772232 5.001113510232499
93.64914703891409 4.999999999999999 5
34.99999999999996 5.003992375226026 4.996309045521139
87.01896143682956 4.97175585863165 5.02422774209075
5.871573148532864 5.014395856213405 5.000000000000001
63.999760002323 5.891116270623874 5.891116270624249
55.99999358961497 4.093764452277867 5.857526370359792
77.97528308530228 5.905944983649401 5.905944983649873
70.99959774738535 2.769009097038574 3.752212389380531
8.932583818147869 3.554372653646519 6.437071419236163
15.00238996776043 6.467108528391286 3.476192177483371
71 6.485431451104988 6.485431451105129
27.00000000000002 6.485431451105042 6.485431451105066
42.99996186892629 6.485442779324222 6.485442779324292
49.00003813692052 6.485455582703494 6.485438346442471
43.00004232931981 3.512334729599753 3.521116015798317
15.00017213086803 3.512538738825282 6.478676705471115
21.00218362166898 3.511670636967036 6.479587329063485
21.00031473841037 6.479042703779148 3.512229526537753
26.99999999999999 3.519026558552935 3.519026558335807
48.99999999999994 3.607607618959156 3.491816256964675
79.06267130533983 3.477816163557675 3.477820721407802
8.997174112620215 6.47802696966408 3.512985220232193
65 3.450954450642552 3.450954450642536
56.99999999999996 6.553101875229523 3.442318761369835
90.72698827865267 6.508171712860312 3.491828287139688
90.34239120714005 3.53924115496326 5.607160656245298
32.50010480561152 3.362791331151292 3.367060767423009
37.49989854148492 3.366055087315529 3.366056869012937
37.50009554825944 6.634002982293497 6.634002982293518
32.4999044517405 6.634002982293495 6.634002982293519
3.260135229918693 6.737287410342944 3.756406499419249
84.48622937675077 6.628154957758705 6.620047494637301
37.31266127411359 3.282112519444421 6.717958671087478
37.32009228140067 6.719710311813722 3.285144415384111
32.67990771859925 6.719710311813708 3.285144415384113
3.697672083838014 3.236424511065222 3.211082199744069
91.27992670306156 6.486090721290386 6.737487913406925
70.99999999999994 6.289643984953577 3.153485650921309
32.69230282673954 3.285644137842102 6.722021793534508
21.00000000000001 3.164751850507078 3.164753280139459
42.99999999999999 3.165188079451513 6.83532694230813
43 6.837194854356978 3.174312355998338
27 6.837200121606947 3.174307387002857
27 3.174307386962828 6.837200120555007
20.99782224836277 6.823773992938583 6.824336698019111
14.99999999999998 6.823291767680876 6.826125207784179
15.00349892460389 3.157253852341365 3.157511664920466
3.370683487077568 3.350585107589273 6.593850266600493
9.000000000000004 6.844376511436163 6.803710791046585
9.002106769695827 3.186103087075306 3.146024224531174
48.99999999999998 3.176096008719997 6.838715696421756
96.65661290991348 6.630484504695456 5.332437992188856
96.51225591701059 3.649655582938538 3.489752231567178
79.75771552601515 3.274589967645892 6.730898270164486
79.75765536393585 6.73068476836516 3.274539478476323
48.99999999999998 6.880528070725838 3.133432853844253
85.09007068297841 3.132598112245716 3.132634885547052
76.19287225232002 6.729223819603668 3.276169603570422
76.19287225231969 3.276169603570299 6.729223819603944
62.19722768392221 6.72787200653742 3.277444871131528
62.19722768131585 3.27744487927323 6.727872010078427
65.80255343490829 6.727805192526398 3.277507901844148
65.8025534349085 3.277507901844035 6.727805192526629
54.2153331621164 6.717986737370116 6.718738671982544
54.17347683715403 3.266166964791673 3.266090621678825
57.82559311395046 3.265861397901369 3.265809908951219
57.78427789551872 6.721699330131997 6.716556430835158
84.56587850566903 6.433359264746573 3.281245695819719
84.4867112213321 3.291295475733337 6.416939499826436
70.99999999999997 3.290187217188268 6.936817239172278
75.89513937115557 3.18093665447177 3.180936654471573
61.84338675275528 3.164495696422675 3.164495696422513
53.84442855182494 6.836929889383484 3.174102600400878
96.11592450979643 3.715512038571829 6.752241104202876
58.99994749731601 2.927172781848733 7.099162087107461
52.99999999999999 2.927144962953042 7.099159444171646
80.99930276303493 7.086563570646515 7.086563570646363
60.99999999999994 7.078965955914113 7.078929524552219
67 7.07960403154707 7.07960403154693
75 7.079604031547085 7.079604031546872
3.998872679470727 6.825193018026336 6.884059459922978
87.82082442611123 7.012328492575703 2.987784327242378
88.5534720094489 3.030451575981085 3.030451575981085
88.2653303959973 7.011199540258742 6.946301393921787
94.75240734162891 6.994462540268881 3.005537459731119
24.16466418313709 2.907021922523761 2.907021995326649
68.16166613767929 2.907021939632049 2.907021939631707
18.06224862611409 2.906735942205578 2.906734672552299
46.0620266897919 2.909719206484037 7.092135143582008
11.93974368688261 2.909640310361611 2.907797848512461
92.12435514662042 3.03603986238757 3.036039862387571
23.83166031271696 2.927173144065678 7.099168052368883
18.170266135332 7.0957578320654 2.927484576454907
11.82605862396356 7.099353901397598 2.926931290333287
18.17399120018354 2.925954825437177 7.100443468833846
23.82967541478235 7.099168106608146 2.927173162854705
45.92765674340303 7.100460683932013 2.925953776851999
17.92610793637208 7.094110857689865 7.074178168580294
45.82381261485997 7.079651881496579 7.079651836683656
11.74981474364435 2.926348918531932 7.098285422517812
24.17565153819108 7.080977565076985 7.079128225575124
46.18467397160641 2.926795560776029 2.901003763423593
87.81775766391569 2.965436175867871 7.065151598321776
11.91874029305434 7.080514391113107 7.080514391113098
92.93406587687466 2.847891953952894 6.993274135035206
40.13993368345673 2.825518787421664 7.174567429964478
29.71438782592225 2.805497330299371 2.805497330696278
40.14452822613997 7.175408089733626 2.85525021746624
29.85547238727906 7.175408618071943 2.855249719044691
29.86125698862339 2.860915626022953 7.169402625438757
40.28396478921592 2.837307443780089 2.805572155782256
6.191764208710366 2.847475453613639 7.152727867008304
29.71726911215287 7.164658153879918 7.164658153879846
40.28271006279358 7.164673182739611 7.164673182739504
94.19030297565469 7.089615725067013 7.070245509526603
6.144246784312424 7.077690013754943 2.855277076969156
51.50230991541689 2.643702309155504 2.643709939360119
81.91105581214384 2.906878266647598 2.906431073039963
68.46005723560675 7.356227768777694 2.684669331061265
73.53712549572926 7.358700989032631 2.682336155238891
51.54515314735367 7.302026554148343 7.301970196745701
59.5525853871273 7.364102739106783 2.676001964350624
73.10252184929981 4.10064290162149 2.540365838100814
6.338101025382614 2.682974258080328 2.626022594722818
68.37950186834938 2.630734028007571 7.413400435615596
73.61797429578544 2.628270250874441 7.416012096276091
34.99999999999996 7.408935620253339 7.40893562025334
35.0003642339225 2.573047916537877 2.599420536256156
6.484038463733329 7.432032983822182 6.028072841428332
97.48063213169726 7.157792291836304 2.769523966810165
51.36644854516638 7.50647913323856 4.252065141305717
82.21902688331325 7.491675036098849 2.553852920424833
82.02717002331705 2.424988353339438 5.644665936697006
34.99999999999996 7.535987441276077 4.246462456235589
35.00394671293964 4.268032960752288 7.530107882672017
92.79355704888724 7.497838402695059 4.81650045786656
73.7284797905365 2.430087036255517 4.480775509609341
86.33822807553022 7.448974400405891 5.039979774032303
81.95689765525677 4.69907610370994 7.607214271049088
51.07082934859851 4.67289713818286 7.430845850777304
94.31504337518186 2.52044883826529 4.40668435624102
50.93776815223504 5.199093980606916 2.616409345588132
94.23736764366411 4.48083083838123 2.50660873575976
50.95527824079423 2.612900229162885 5.198913031698489
59.85108204858609 4.675019053337421 2.412559959218718
59.86515091702738 2.410389020781095 4.691327570607445
73.03305074561172 5.157718508957905 7.404270352888172
68.96590247742148 5.159701014952754 7.404401933610751
73.07219787708861 7.40919117939641 5.231859825871586
68.92681198828944 7.409315640129821 5.233735056112554
34.9134559721806 2.491938955116324 5.640585287198134
6.0409549845484 5.393365410893317 7.547053997019539
82.63010331471538 7.461540010638671 5.075102284351664
35.12267085732504 5.647432551285515 2.519206213498856
86.188904213432 4.903575678415216 7.445012554851708
55.92261520728849 2.354079207663021 7.712183168797843
64.2420502015933 7.66794717733308 7.66794717733308
78.22750151692854 7.677419603899585 7.677419603899051
13.19819554179002 4.949716967491382 7.497980692760783
13.24958400921376 7.496623357436054 4.974837433999006
22.68900813067188 2.480438014146463 4.901201110920734
22.68893031979345 4.900656240643615 2.480040191429498
13.17468741908537 2.508329932875744 5.064951611817348
97.61590992541511 7.602289172278155 7.513215983555668
25.30464435432458 5.109606350743807 2.494203940246994
25.30553454803688 2.493966708100609 5.108980322922848
16.79691693746745 2.500840263881443 5.040697075400289
86.85447029157399 2.474510652544334 4.796637100906138
44.80049407418336 2.503427625285152 4.956167831921819
47.22079671239256 7.504978809776579 5.038508540173498
25.31844505930279 4.897331473262328 7.532401435862251
13.18979589363341 5.041887745200175 2.494980595197061
16.80976246049981 5.037035467885127 2.493260862593536
22.69007875547817 5.114924707347663 7.517670364344943
44.64425236085478 4.921853466740478 7.538976059927695
55.99956743513165 4.615478855157601 2.219308852968624
25.31771350407009 7.533102862641513 4.895510571001016
44.76441660234656 4.936712897281766 2.473266892350153
19.3446141956059 5.08980442340038 7.528938932100683
19.36011685467511 7.530844656911228 5.078251212616047
22.68848859273423 7.515183996626404 5.114521392356435
16.75932237457405 4.936062075582981 7.530023253787031
16.73759079111171 7.522211622412101 4.92383289243737
47.4017361574017 2.462342058441216 5.032121947953489
47.22967728831191 5.069497350890027 7.521388523151337
28.66308669109879 5.030920031419631 2.457272561906003
28.66271150637773 2.45666748499657 5.03009784337735
41.36351959441013 5.04761230428118 2.453672521734173
59.51466728822055 7.569789967793062 5.150395110672869
41.35663260750181 4.958284375807589 7.552879750736828
41.3304789897405 2.453911392899915 5.025925368192808
10.59200342501136 2.449723599138999 4.94812816280322
10.56054174765103 5.057235065001008 7.558801699668688
47.3056738601017 5.093295706784317 2.458144080183237
19.34980776350314 2.443278361992164 4.972938360965831
19.35025207707326 4.971778177274278 2.442506809013683
10.64961405284285 4.973194397201084 2.444008131398372
77.97549983058232 2.268430243648901 5.341687692439639
77.97537236431582 5.341572280285996 2.268452847335396
86.85627050090135 4.771715675483059 2.561275085516074
63.9998833095995 2.256763080935097 5.373984354276869
63.99988331453723 5.37398435287848 2.256763077366358
28.6370371481927 7.562257611850987 4.974073124098867
41.36292691397593 7.562258289873024 4.974086122401708
28.63680110619824 4.974665711925411 7.562609317907995
10.61745562205188 7.562443631577079 5.033868412305176
44.62721934527391 7.567792334224768 4.973982736078873
97.72427828413528 2.539562448417993 5.315381134132746
55.99791059044495 7.741416120086701 5.356548901735904
7.262760006730357 2.47599004541259 4.932143280529921
7.358849948631365 4.945700728174598 2.432650880292219
60.50255795224186 4.763711185656607 7.653933366991413
38.92066147471651 4.896096322179565 7.582895248683712
38.92901665639005 5.102774967111229 2.432394345312237
59.7855781511126 2.245570597645833 2.245570597646092
67.45342588195386 2.390232664897189 5.176497239056769
89.50004235768174 4.879205682396732 7.607754277168874
67.4420709607885 5.16957481497847 2.389319116731127
31.09063093228801 2.426214258179105 5.110142543639326
31.06551201294911 7.587344455948566 4.920935110570549
38.93445460339587 7.587349679744886 4.920912515030537
38.90294600594558 2.408759459990983 5.102688842043231
31.08974441949272 5.099601001037212 2.424272585121711
31.06306059597814 4.927159681336242 7.588911038243029
56.00173533441541 5.511713402650772 7.81838575532988
81.41847249817363 5.215935130209123 2.381995747961887
72.73524602351205 7.673686351937554 7.673686351937554
69.26475397648795 7.673686351937556 7.673686351937556
2.39193021077311 5.41249663885097 5.651012103836803
55.99935631491653 2.153018568288636 2.153087268290843
63.99993112743905 2.148235514998244 7.85176448500153
63.99993113018851 7.851764486601113 2.148235513398887
97.76124807757273 2.235819994329422 7.705147242547118
77.97530679708169 4.456288722461782 7.816621336124955
77.97535845402268 7.81668067947747 4.456272288448688
4.58224866414866 5.306466917377242 2.317172389502113
89.30592308218795 5.675809153684416 5.24133262143854
71.61189566953317 4.777751705286089 4.914050703281586
69.97775345147853 4.322956488398771 2.238664517035136
2.093835854766319 7.919553136774141 6.034078584591053
92.98153088952667 5.127505779891033 7.760038816044696
63.88486775666513 7.864073318183186 4.539645523003797
63.88486776028302 4.539645524597721 7.864073319124254
55.8736400971663 2.121900419250286 4.530007044661135
89.21517788527187 5.18790713140712 2.108286001751105
2.238630125337448 4.981050186083982 2.525892006797988
2.252161103410687 2.278082767612408 4.812810766440249
56 7.88754371575207 7.877877563249776
78 2.094060313718091 7.82554236981299
78 7.825542369814315 2.094051197883449
92.59536358475535 6.827257544311915 2.129853187451503
90.0977898067467 2.522840082123379 7.811315116429851
97.83489764336639 2.1548121340159 2.192899833472623
4.894754661287277 2.360770537482473 5.065461334635684
94.1200916344764 2.085988661713097 2.085988661713097
62.2992938400564 4.872380301819505 4.675367227130256
32.31860455144528 4.902310981869893 5.096732496054733
37.68205205544237 4.903092108552034 5.096955929645389
54.29464125355142 5.318441356969553 4.869758061568311
52 7.825542369813818 2.044597435156557
76.28994249779238 4.895379138269616 4.684070423105705
77.69812375317296 2.159919943004174 2.159919943004476
85.83384383416707 2.11164293170407 7.866086712170919
16.16772885815153 2.113255134889508 7.886744865110474
47.8244139617446 7.884994701296598 7.884994701296598
13.77640360886924 2.129637276612155 7.863180291714736
83.64232446777693 4.641946969418766 2.157242079130349
74.16678442383783 2.109117425266597 2.109117425266863
50.89839439075315 2.239131229204255 7.752801220847391
82.01785179636811 2.057687205119297 7.937945727932956
86.18621299769514 7.809485302800056 7.816884111020005
13.82292626792846 7.889044672374449 2.110955327625551
16.17719741958445 7.890064043920447 2.109935956079553
8.106597898573773 4.686190370237094 4.626109004386453
63.63067519371464 2.156294434179848 2.15629443418008
44.1753745261501 2.105876033513618 2.121207778260679
34.29513230068554 2.120543351940162 7.860892069434172
55.62351336637984 7.844105528780527 2.155894471219474
15.75957420551629 5.310554036088446 5.293606638020259
2.09847625191482 7.841910663824963 2.105177826064913
96.10330695950169 5.896831987301873 7.420672359677056
2.769518610166655 5.154057770092968 7.927910290672131
34.2572844542232 7.880473780193514 2.119526219806486
43.76644670210858 4.68398521626778 5.319136584510754
84.1585669056136 4.614341263102358 4.591318643560307
21.76747010321244 4.681059996295584 4.681127666272564
27.76670515723209 5.317367559757249 4.687090449815238
48.12078563490333 2.05331978769724 2.077053402836886
66.06235357604007 7.928777057849627 5.190450209666946
66.06235357961533 5.190450208604481 7.928777057164259
49.78850046476654 5.391296695226996 4.657185467874051
20.08040377493814 7.950111501554729 2.049888498445271
26.08389955363128 2.051176627799859 2.051176625062182
21.92084179428513 2.049149629069943 7.950850370930018
80.12161713313212 7.913480389963065 5.170405974712899
43.92002167150695 7.951289942915847 7.951289942915846
66.20738978816377 2.093648607085132 2.093648607085355
26.07986374131639 7.951290296154728 7.951290296154728
69.68528152259326 2.141364841694036 5.490045126351498
9.812213888598803 2.068722932278943 7.908697245977288
58.16037482420306 4.85329642995741 7.930395480362149
53.84474338408928 4.849369291243623 7.9334328227292
80 2.016712742315081 2.016724547676311
75.83821861761452 5.161094764379043 7.909844844117914
75.83826839353172 7.909854347648785 5.161109500129475
2.067862209529459 2.163633195546319 2.065400107211158
75.10911581261075 5.060114723626954 2.237876808045645
9.911923478863455 7.935535181272138 2.023809040128987
53.15384070212286 2.227122197104905 4.973188010380591
89.24027450417438 7.943071846699349 4.616803787965116
65.77086344141676 5.074265263950878 4.788790771862659
57.77090266576447 5.211479106507278 5.06213607977134
53.12558445706145 4.944386411514906 2.220190894907241
82.99649873164343 7.811208691324145 7.812531594184306
61.7294656402022 7.889013724693691 5.128370620138902
79.74071619903772 4.807724437982849 5.123170818781738
97.97033385198455 5.316947552757386 4.016396305813897
85.88929606063496 7.908666038831466 2.101570327953953
90.3419912267011 2.049945747981593 2.049945747981594
80.07447519295553 1.951767037517181 4.719164731872731
92.00869387331493 2.142162071480734 5.083135756781552
70 1.957093002956078 1.957093002956231
97.95086606982778 4.604750775847894 7.778519270130493
2.044961231669384 2.04496123166938 7.83702801732927
57.85391298716375 1.998829886545674 5.471784809532837
70.99926763797754 7.867920016265462 4.677791390016727
8.004680261193789 8.118329716640615 4.59314307065989
79.93134955309493 5.421216990915498 8.029140270315775
8.219269491439492 5.070824072208313 7.911286492983349
4.26015248989798 8.033949871884527 2.316596446365266
83.96285954974515 2.059182586056012 4.678830337577101
53.37062777927371 7.849041353720448 5.051361584378586
75.84342520818117 1.996309162168656 5.004983094313437
96.26249058619477 5.387071368892207 2.061695369537779
89.67250733439968 7.909199202773745 2.090800797226255
91.6176821514227 4.712174360931908 4.309153336715057
71.99280066825253 1.86900666080255 5.643246620361049
4.19665564534948 1.999039394723455 8.069296059658168
4.962156731421087 7.903306787062651 4.514046944247245
59.17021872796474 7.904108616280038 7.877446237603273
88.99749804411167 1.930147239702535 4.899021422353988
9.941270027060112 5.388866891314056 5.518529044374308
42.03296014086413 1.933992636088291 1.919439300415529
61.92869596195467 4.912355863849435 1.917099962542678
60.82116010616515 2.107934797500592 7.892065202499209
38.00000000000004 1.891053589391834 1.891053589391834
38 8.109000898052035 8.109000898052035
32 8.109000898052042 8.109000898052042
61.9389360268037 1.904677697610384 4.897257905379608
94.88832490794248 7.853609473461752 5.179376991770209
84.08067517188164 4.944309268677984 7.909220729023136
91.36518314377165 4.916371974164515 2.165766860095223
31.98559280411916 1.892844088997225 1.89561741421651
48.02252021226732 4.611556707805876 5.585068001642062
25.57579650866861 7.961333960264901 2.038666039735099
25.57697180497361 2.038155602676614 7.961844397323338
22.42484281077994 7.957228203988101 7.956554429339334
86.7789053773182 1.941396085880409 2.76836243715212
22.41924839545752 2.034638098945959 2.034638005931622
49.39499224198484 7.917771086304183 4.954964076233588
19.63644441589927 7.984611674440996 7.984611674440997
57.9999999999999 5.561860794453504 1.844450732517229
70.38310739346058 7.982067656258726 2.017932343741274
13.63036242402763 7.984452967656281 7.980393436618682
44.35896958089645 2.008504933877681 7.991495066122223
13.98828785722736 4.402604904146543 4.54864267950979
72.07823289041222 2.380999953735352 1.82662052009044
41.99584719686526 5.577646057025266 4.558840088767663
13.63817673510428 2.006994554912771 2.006994554912777
22.19877732917768 8.046726327373991 1.95327367262601
25.99503092814881 4.533606733372569 5.553911009828941
16.27279365031827 8.036614663227724 8.017676593094645
16.36474495221706 2.006187897241379 2.006187897241394
19.80338039992587 1.951665851278994 8.04833651232283
98.05953088125023 4.264604057116788 2.174534417673037
33.17685286854944 4.91874249941835 2.094978077628356
38.00000000000004 1.864249607987291 8.135750392012671
19.99718432328731 5.546259863482218 5.461308451137445
47.71968128555937 1.963176625483457 8.017775943443086
38 8.13642456319732 1.86357543680268
32 8.136424563197327 1.863575436802674
10.28419117980232 1.964726490257767 1.981235461974495
44.27765143769292 8.024979627663663 1.975020372336336
19.71741827264513 1.975185695978795 1.975183069872906
62.69611235239382 6.278064351080707 8.055470211904456
31.99999999997419 1.863902634269349 8.134766683223177
94.89457897967772 2.209497679018102 7.892109033224479
47.60491557142518 7.994865087499821 2.005134912500179
90.05363412069904 7.913725473941854 7.968854433887113
42 8.145564824855404 1.854435175144595
28 8.145567745546895 1.854432254453104
27.99999999914003 1.854432255049014 8.145567745943971
42 1.852356874186125 8.147643125813833
10.27088481998003 8.023992488986293 8.023992488986293
7.442126585724161 7.877129513284025 7.94850414449221
33.73054590243044 8.128133256769463 5.813996696282
36.26945409756952 8.128133256769468 5.813996696281971
7.858584534652023 8.196595858245759 2.383347701865706
36.83689096512759 2.091744031778647 4.898196433767335
33.72370204445608 5.818452627770061 8.131053504897183
36.27905485914021 5.820247605630447 8.132229865159978
57.70124250314817 8.038370809265555 1.961629190734446
95.50587700332332 5.379999008613961 4.107467708340433
2.255562426077256 7.184061592611939 7.988994032036901
8.077062929703228 1.840803789009366 1.859388842383314
28.14076967456039 8.117950958187478 8.117950958187478
41.85915913707152 8.117962862251378 8.117962862251378
49.96740985643621 8.169648184105709 1.830351815894291
61.98324717597861 8.180861558064072 1.819138441935928
66.01668838660875 1.819171383766165 8.180828616233773
66.01668838940132 8.180828615539594 1.819171384460404
75.98124446045293 1.818649192825004 8.181350807174944
75.98124340185981 8.181350544912355 1.818649455087645
53.96955564876829 8.173671518659969 8.171865475477402
36.52974951651504 4.312951127550356 1.807301616635121
53.99097634687445 1.811402595602319 1.810828952967758
80.02069867914764 8.177868536578238 1.818626331278725
28.13196513234666 1.868061016111259 1.86806101611128
49.85337755160827 8.131488171173451 8.131488171173451
92.37912074460196 7.937944572839172 7.931545371254029
7.766342289356292 1.90409627257575 8.088560632003553
70.14136344844057 1.86185155316983 8.13814844683008
79.9973554623476 1.795423519821124 8.204576480178829
33.08635275353582 2.034424095919252 4.820375551236535
3.920057451679551 4.90165548976668 4.384669196448497
5.421805986548854 8.084756387688529 7.657517993850472
70.9349757515908 5.06391442944142 7.957727151827707
83.64245243831596 2.013374523449261 2.029666391130704
4.615580216066796 4.01328746504417 8.09193684943839
69.77665527585587 4.176644317685298 5.567740964341426
57.73237357318349 8.203218073705225 4.389604387454224
4.585625607148106 1.935667179739878 1.936424374348686
91.32521207508796 4.053099509202951 7.303178129543323
65.69573374178179 1.785676149692078 4.371033314115946
54.73062814777776 1.803249061767783 6.170783116327538
98.16560598192963 7.727192749547149 4.575076400253629
84.48083670571779 8.07609142629367 4.483963893177247
65.68794423553089 4.365567550863792 1.78339812323589
79.68210457759369 4.376291940104635 1.775974895066541
72.46408883983128 5.878122156489311 1.824186928524997
49.19153641557831 5.153574210140195 7.990613697017951
95.68636041298011 8.189449867949186 7.991660021976653
49.41644068109903 1.765556915962737 4.204610495286591
94.73755773049263 4.207041751956488 8.143911302755518
95.7852851451507 1.918279683344679 5.753227013592641
69.13235834038431 5.646468180939106 3.480591497231027
83.92907948560271 8.219978959150755 1.791920222389727

CELLS 7659 37087
3 8 479 0
3 0 479 113
3 1 480 56
3 57 480 1
3 2 478 60
3 61 478 2
3 3 481 109
3 110 481 3
3 9 425 8
3 425 479 8
3 10 281 9
3 281 425 9
3 11 298 10
3 10 298 281
3 12 237 11
3 237 298 11
3 13 400 12
3 12 400 237
3 14 238 13
3 238 400 13
3 15 401 14
3 14 401 238
3 16 239 15
3 239 401 15
3 17 402 16
3 16 402 239
3 18 240 17
3 240 402 17
3 19 403 18
3 18 403 240
3 20 241 19
3 241 403 19
3 21 404 20
3 20 404 241
3 22 242 21
3 242 404 21
3 23 405 22
3 22 405 242
3 24 243 23
3 243 405 23
3 25 406 24
3 24 406 243
3 26 244 25
3 244 406 25
3 27 407 26
3 26 407 244
3 28 245 27
3 245 407 27
3 29 408 28
3 28 408 245
3 30 246 29
3 246 408 29
3 31 409 30
3 30 409 246
3 32 247 31
3 247 409 31
3 33 410 32
3 32 410 247
3 34 248 33
3 248 410 33
3 35 411 34
3 34 411 248
3 36 249 35
3 249 411 35
3 37 412 36
3 36 412 249
3 38 250 37
3 250 412 37
3 39 413 38
3 38 413 250
3 40 251 39
3 251 413 39
3 41 414 40
3 40 414 251
3 42 252 41
3 252 414 41
3 43 415 42
3 42 415 252
3 44 253 43
3 253 415 43
3 45 416 44
3 44 416 253
3 46 254 45
3 254 416 45
3 47 417 46
3 46 417 254
3 48 255 47
3 255 417 47
3 49 418 48
3 48 418 255
3 50 256 49
3 256 418 49
3 51 430 50
3 50 430 256
3 52 257 51
3 257 430 51
3 53 471 52
3 52 471 257
3 54 258 53
3 258 471 53
3 55 472 54
3 54 472 258
3 56 284 55
3 284 472 55
3 56 480 284
3 58 426 57
3 426 480 57
3 59 283 58
3 283 426 58
3 60 285 59
3 59 285 283
3 60 478 285
3 62 427 61
3 427 478 61
3 63 259 62
3 259 427 62
3 64 378 63
3 63 378 259
3 65 260 64
3 260 378 64
3 66 379 65
3 65 379 260
3 67 261 66
3 261 379 66
3 68 381 67
3 67 381 261
3 69 262 68
3 262 381 68
3 70 382 69
3 69 382 262
3 71 263 70
3 263 382 70
3 72 383 71
3 71 383 263
3 73 264 72
3 264 383 72
3 74 384 73
3 73 384 264
3 75 265 74
3 265 384 74
3 76 385 75
3 75 385 265
3 77 266 76
3 266 385 76
3 78 386 77
3 77 386 266
3 79 267 78
3 267 386 78
3 80 387 79
3 79 387 267
3 81 268 80
3 268 387 80
3 82 388 81
3 81 388 268
3 83 269 82
3 269 388 82
3 84 389 83
3 83 389 269
3 85 270 84
3 270 389 84
3 86 390 85
3 85 390 270
3 87 271 86
3 271 390 86
3 88 391 87
3 87 391 271
3 89 272 88
3 272 391 88
3 90 392 89
3 89 392 272
3 91 273 90
3 273 392 90
3 92 393 91
3 91 393 273
3 93 274 92
3 274 393 92
3 94 394 93
3 93 394 274
3 95 275 94
3 275 394 94
3 96 395 95
3 95 395 275
3 97 276 96
3 276 395 96
3 98 396 97
3 97 396 276
3 99 277 98
3 277 396 98
3 100 397 99
3 99 397 277
3 101 278 100
3 278 397 100
3 102 398 101
3 101 398 278
3 103 279 102
3 279 398 102
3 104 399 103
3 103 399 279
3 105 280 104
3 280 399 104
3 106 431 105
3 105 431 280
3 107 432 106
3 106 432 431
3 108 236 107
3 236 432 107
3 109 428 108
3 108 428 236
3 109 481 428
3 111 422 110
3 422 481 110
3 112 282 111
3 282 422 111
3 113 419 112
3 112 419 282
3 113 479 419
3 236 428 421
3 421 429 236
3 429 432 236
3 237 299 298
3 237 300 299
3 237 400 300
3 238 307 305
3 305 400 238
3 238 401 307
3 239 311 309
3 309 401 239
3 239 402 311
3 240 315 313
3 313 402 240
3 240 403 315
3 241 319 317
3 317 403 241
3 241 404 319
3 242 323 321
3 321 404 242
3 242 405 323
3 243 327 325
3 325 405 243
3 243 406 327
3 244 331 329
3 329 406 244
3 244 407 331
3 245 335 333
3 333 407 245
3 245 408 335
3 246 339 337
3 337 408 246
3 246 409 339
3 247 343 341
3 341 409 247
3 247 410 343
3 248 347 345
3 345 410 248
3 248 411 347
3 249 351 349
3 349 411 249
3 249 412 351
3 250 355 353
3 353 412 250
3 250 413 355
3 251 359 357
3 357 413 251
3 251 414 359
3 252 363 361
3 361 414 252
3 252 415 363
3 253 367 365
3 365 415 253
3 253 416 367
3 254 371 369
3 369 416 254
3 254 417 371
3 255 375 373
3 373 417 255
3 255 418 375
3 377 418 256
3 256 475 377
3 430 475 256
3 293 294 257
3 257 471 293
3 294 295 257
3 295 430 257
3 289 290 258
3 258 472 289
3 290 293 258
3 293 471 258
3 286 427 259
3 259 473 286
3 378 473 259
3 260 476 378
3 379 380 260
3 380 476 260
3 261 474 379
3 381 424 261
3 424 474 261
3 262 433 381
3 382 469 262
3 262 469 433
3 263 468 382
3 383 467 263
3 467 468 263
3 264 466 383
3 384 465 264
3 465 466 264
3 265 464 384
3 385 463 265
3 463 464 265
3 266 462 385
3 386 461 266
3 461 462 266
3 267 460 386
3 387 459 267
3 459 460 267
3 268 458 387
3 388 457 268
3 457 458 268
3 269 456 388
3 389 455 269
3 455 456 269
3 270 454 389
3 390 453 270
3 453 454 270
3 271 452 390
3 391 451 271
3 451 452 271
3 272 450 391
3 392 449 272
3 449 450 272
3 273 448 392
3 393 447 273
3 447 448 273
3 274 446 393
3 394 445 274
3 445 446 274
3 275 444 394
3 395 443 275
3 443 444 275
3 276 442 395
3 396 441 276
3 441 442 276
3 277 440 396
3 397 439 277
3 439 440 277
3 278 438 397
3 398 437 278
3 437 438 278
3 279 436 398
3 399 435 279
3 435 436 279
3 280 434 399
3 431 470 280
3 280 470 434
3 298 423 281
3 423 483 281
3 281 483 425
3 419 420 282
3 420 421 282
3 421 422 282
3 285 286 283
3 286 287 283
3 287 426 283
3 287 289 284
3 284 426 287
3 289 472 284
3 284 480 426
3 285 427 286
3 285 478 427
3 286 288 287
3 286 473 288
3 288 289 287
3 288 290 289
3 288 291 290
3 288 473 291
3 291 292 290
3 292 293 290
3 291 476 292
3 291 473 378
3 378 476 291
3 292 294 293
3 292 380 294
3 292 476 380
3 294 296 295
3 294 380 296
3 296 297 295
3 297 475 295
3 295 475 430
3 296 424 297
3 380 474 296
3 296 474 424
3 377 475 297
3 297 477 377
3 424 477 297
3 299 423 298
3 300 301 299
3 301 302 299
3 302 423 299
3 300 303 301
3 300 305 303
3 300 400 305
3 301 304 302
3 303 470 301
3 301 470 304
3 304 429 302
3 302 482 423
3 429 482 302
3 305 306 303
3 306 434 303
3 434 470 303
3 304 432 429
3 431 432 304
3 304 470 431
3 305 307 306
3 307 308 306
3 308 435 306
3 306 435 434
3 307 309 308
3 307 401 309
3 309 310 308
3 310 436 308
3 308 436 435
3 309 311 310
3 311 312 310
3 312 437 310
3 310 437 436
3 311 313 312
3 311 402 313
3 313 314 312
3 314 438 312
3 312 438 437
3 313 315 314
3 315 316 314
3 316 439 314
3 314 439 438
3 315 317 316
3 315 403 317
3 317 318 316
3 318 440 316
3 316 440 439
3 317 319 318
3 319 320 318
3 320 441 318
3 318 441 440
3 319 321 320
3 319 404 321
3 321 322 320
3 322 442 320
3 320 442 441
3 321 323 322
3 323 324 322
3 324 443 322
3 322 443 442
3 323 325 324
3 323 405 325
3 325 326 324
3 326 444 324
3 324 444 443
3 325 327 326
3 327 328 326
3 328 445 326
3 326 445 444
3 327 329 328
3 327 406 329
3 329 330 328
3 330 446 328
3 328 446 445
3 329 331 330
3 331 332 330
3 332 447 330
3 330 447 446
3 331 333 332
3 331 407 333
3 333 334 332
3 334 448 332
3 332 448 447
3 333 335 334
3 335 336 334
3 336 449 334
3 334 449 448
3 335 337 336
3 335 408 337
3 337 338 336
3 338 450 336
3 336 450 449
3 337 339 338
3 339 340 338
3 340 451 338
3 338 451 450
3 339 341 340
3 339 409 341
3 341 342 340
3 342 452 340
3 340 452 451
3 341 343 342
3 343 344 342
3 344 453 342
3 342 453 452
3 343 345 344
3 343 410 345
3 345 346 344
3 346 454 344
3 344 454 453
3 345 347 346
3 347 348 346
3 348 455 346
3 346 455 454
3 347 349 348
3 347 411 349
3 349 350 348
3 350 456 348
3 348 456 455
3 349 351 350
3 351 352 350
3 352 457 350
3 350 457 456
3 351 353 352
3 351 412 353
3 353 354 352
3 354 458 352
3 352 458 457
3 353 355 354
3 355 356 354
3 356 459 354
3 354 459 458
3 355 357 356
3 355 413 357
3 357 358 356
3 358 460 356
3 356 460 459
3 357 359 358
3 359 360 358
3 360 461 358
3 358 461 460
3 359 361 360
3 359 414 361
3 361 362 360
3 362 462 360
3 360 462 461
3 361 363 362
3 363 364 362
3 364 463 362
3 362 463 462
3 363 365 364
3 363 415 365
3 365 366 364
3 366 464 364
3 364 464 463
3 365 367 366
3 367 368 366
3 368 465 366
3 366 465 464
3 367 369 368
3 367 416 369
3 369 370 368
3 370 466 368
3 368 466 465
3 369 371 370
3 371 372 370
3 372 467 370
3 370 467 466
3 371 373 372
3 371 417 373
3 373 374 372
3 374 468 372
3 372 468 467
3 373 375 374
3 375 376 374
3 376 469 374
3 374 469 468
3 375 377 376
3 375 418 377
3 377 477 376
3 433 469 376
3 376 477 433
3 379 474 380
3 381 433 424
3 468 469 382
3 466 467 383
3 464 465 384
3 462 463 385
3 460 461 386
3 458 459 387
3 456 457 388
3 454 455 389
3 452 453 390
3 450 451 391
3 448 449 392
3 446 447 393
3 444 445 394
3 442 443 395
3 440 441 396
3 438 439 397
3 436 437 398
3 434 435 399
3 419 425 420
3 419 479 425
3 420 482 421
3 425 483 420
3 420 483 482
3 421 428 422
3 421 482 429
3 428 481 422
3 482 483 423
3 433 477 424
3 114 727 4
3 4 727 219
3 5 728 162
3 163 728 5
3 6 726 166
3 167 726 6
3 7 729 215
3 216 729 7
3 115 673 114
3 673 727 114
3 116 529 115
3 529 673 115
3 117 546 116
3 116 546 529
3 118 485 117
3 485 546 117
3 119 648 118
3 118 648 485
3 120 486 119
3 486 648 119
3 121 649 120
3 120 649 486
3 122 487 121
3 487 649 121
3 123 650 122
3 122 650 487
3 124 488 123
3 488 650 123
3 125 651 124
3 124 651 488
3 126 489 125
3 489 651 125
3 127 652 126
3 126 652 489
3 128 490 127
3 490 652 127
3 129 653 128
3 128 653 490
3 130 491 129
3 491 653 129
3 131 654 130
3 130 654 491
3 132 492 131
3 492 654 131
3 133 655 132
3 132 655 492
3 134 493 133
3 493 655 133
3 135 656 134
3 134 656 493
3 136 494 135
3 494 656 135
3 137 657 136
3 136 657 494
3 138 495 137
3 495 657 137
3 139 658 138
3 138 658 495
3 140 496 139
3 496 658 139
3 141 659 140
3 140 659 496
3 142 497 141
3 497 659 141
3 143 660 142
3 142 660 497
3 144 498 143
3 498 660 143
3 145 661 144
3 144 661 498
3 146 499 145
3 499 661 145
3 147 662 146
3 146 662 499
3 148 500 147
3 500 662 147
3 149 663 148
3 148 663 500
3 150 501 149
3 501 663 149
3 151 664 150
3 150 664 501
3 152 502 151
3 502 664 151
3 153 665 152
3 152 665 502
3 154 503 153
3 503 665 153
3 155 666 154
3 154 666 503
3 156 504 155
3 504 666 155
3 157 678 156
3 156 678 504
3 158 505 157
3 505 678 157
3 159 719 158
3 158 719 505
3 160 506 159
3 506 719 159
3 161 720 160
3 160 720 506
3 162 532 161
3 532 720 161
3 162 728 532
3 164 674 163
3 674 728 163
3 165 531 164
3 531 674 164
3 166 533 165
3 165 533 531
3 166 726 533
3 168 675 167
3 675 726 167
3 169 507 168
3 507 675 168
3 170 626 169
3 169 626 507
3 171 508 170
3 508 626 170
3 172 627 171
3 171 627 508
3 173 509 172
3 509 627 172
3 174 629 173
3 173 629 509
3 175 510 174
3 510 629 174
3 176 630 175
3 175 630 510
3 177 511 176
3 511 630 176
3 178 631 177
3 177 631 511
3 179 512 178
3 512 631 178
3 180 632 179
3 179 632 512
3 181 513 180
3 513 632 180
3 182 633 181
3 181 633 513
3 183 514 182
3 514 633 182
3 184 634 183
3 183 634 514
3 185 515 184
3 515 634 184
3 186 635 185
3 185 635 515
3 187 516 186
3 516 635 186
3 188 636 187
3 187 636 516
3 189 517 188
3 517 636 188
3 190 637 189
3 189 637 517
3 191 518 190
3 518 637 190
3 192 638 191
3 191 638 518
3 193 519 192
3 519 638 192
3 194 639 193
3 193 639 519
3 195 520 194
3 520 639 194
3 196 640 195
3 195 640 520
3 197 521 196
3 521 640 196
3 198 641 197
3 197 641 521
3 199 522 198
3 522 641 198
3 200 642 199
3 199 642 522
3 201 523 200
3 523 642 200
3 202 643 201
3 201 643 523
3 203 524 202
3 524 643 202
3 204 644 203
3 203 644 524
3 205 525 204
3 525 644 204
3 206 645 205
3 205 645 525
3 207 526 206
3 526 645 206
3 208 646 207
3 207 646 526
3 209 527 208
3 527 646 208
3 210 647 209
3 209 647 527
3 211 528 210
3 528 647 210
3 212 679 211
3 211 679 528
3 213 680 212
3 212 680 679
3 214 484 213
3 484 680 213
3 215 676 214
3 214 676 484
3 215 729 676
3 217 670 216
3 670 729 216
3 218 530 217
3 530 670 217
3 219 667 218
3 218 667 530
3 219 727 667
3 484 676 669
3 669 677 484
3 677 680 484
3 485 547 546
3 485 548 547
3 485 648 548
3 486 555 553
3 553 648 486
3 486 649 555
3 487 559 557
3 557 649 487
3 487 650 559
3 488 563 561
3 561 650 488
3 488 651 563
3 489 567 565
3 565 651 489
3 489 652 567
3 490 571 569
3 569 652 490
3 490 653 571
3 491 575 573
3 573 653 491
3 491 654 575
3 492 579 577
3 577 654 492
3 492 655 579
3 493 583 581
3 581 655 493
3 493 656 583
3 494 587 585
3 585 656 494
3 494 657 587
3 495 591 589
3 589 657 495
3 495 658 591
3 496 595 593
3 593 658 496
3 496 659 595
3 497 599 597
3 597 659 497
3 497 660 599
3 498 603 601
3 601 660 498
3 498 661 603
3 499 607 605
3 605 661 499
3 499 662 607
3 500 611 609
3 609 662 500
3 500 663 611
3 501 615 613
3 613 663 501
3 501 664 615
3 502 619 617
3 617 664 502
3 502 665 619
3 503 623 621
3 621 665 503
3 503 666 623
3 625 666 504
3 504 723 625
3 678 723 504
3 541 542 505
3 505 719 541
3 542 543 505
3 543 678 505
3 537 538 506
3 506 720 537
3 538 541 506
3 541 719 506
3 534 675 507
3 507 721 534
3 626 721 507
3 508 724 626
3 627 628 508
3 628 724 508
3 509 722 627
3 629 672 509
3 672 722 509
3 510 681 629
3 630 717 510
3 510 717 681
3 511 716 630
3 631 715 511
3 715 716 511
3 512 714 631
3 632 713 512
3 713 714 512
3 513 712 632
3 633 711 513
3 711 712 513
3 514 710 633
3 634 709 514
3 709 710 514
3 515 708 634
3 635 707 515
3 707 708 515
3 516 706 635
3 636 705 516
3 705 706 516
3 517 704 636
3 637 703 517
3 703 704 517
3 518 702 637
3 638 701 518
3 701 702 518
3 519 700 638
3 639 699 519
3 699 700 519
3 520 698 639
3 640 697 520
3 697 698 520
3 521 696 640
3 641 695 521
3 695 696 521
3 522 694 641
3 642 693 522
3 693 694 522
3 523 692 642
3 643 691 523
3 691 692 523
3 524 690 643
3 644 689 524
3 689 690 524
3 525 688 644
3 645 687 525
3 687 688 525
3 526 686 645
3 646 685 526
3 685 686 526
3 527 684 646
3 647 683 527
3 683 684 527
3 528 682 647
3 679 718 528
3 528 718 682
3 546 671 529
3 671 731 529
3 529 731 673
3 667 668 530
3 668 669 530
3 669 670 530
3 533 534 531
3 534 535 531
3 535 674 531
3 535 537 532
3 532 674 535
3 537 720 532
3 532 728 674
3 533 675 534
3 533 726 675
3 534 536 535
3 534 721 536
3 536 537 535
3 536 538 537
3 536 539 538
3 536 721 539
3 539 540 538
3 540 541 538
3 539 724 540
3 539 721 626
3 626 724 539
3 540 542 541
3 540 628 542
3 540 724 628
3 542 544 543
3 542 628 544
3 544 545 543
3 545 723 543
3 543 723 678
3 544 672 545
3 628 722 544
3 544 722 672
3 625 723 545
3 545 725 625
3 672 725 545
3 547 671 546
3 548 549 547
3 549 550 547
3 550 671 547
3 548 551 549
3 548 553 551
3 548 648 553
3 549 552 550
3 551 718 549
3 549 718 552
3 552 677 550
3 550 730 671
3 677 730 550
3 553 554 551
3 554 682 551
3 682 718 551
3 552 680 677
3 679 680 552
3 552 718 679
3 553 555 554
3 555 556 554
3 556 683 554
3 554 683 682
3 555 557 556
3 555 649 557
3 557 558 556
3 558 684 556
3 556 684 683
3 557 559 558
3 559 560 558
3 560 685 558
3 558 685 684
3 559 561 560
3 559 650 561
3 561 562 560
3 562 686 560
3 560 686 685
3 561 563 562
3 563 564 562
3 564 687 562
3 562 687 686
3 563 565 564
3 563 651 565
3 565 566 564
3 566 688 564
3 564 688 687
3 565 567 566
3 567 568 566
3 568 689 566
3 566 689 688
3 567 569 568
3 567 652 569
3 569 570 568
3 570 690 568
3 568 690 689
3 569 571 570
3 571 572 570
3 572 691 570
3 570 691 690
3 571 573 572
3 571 653 573
3 573 574 572
3 574 692 572
3 572 692 691
3 573 575 574
3 575 576 574
3 576 693 574
3 574 693 692
3 575 577 576
3 575 654 577
3 577 578 576
3 578 694 576
3 576 694 693
3 577 579 578
3 579 580 578
3 580 695 578
3 578 695 694
3 579 581 580
3 579 655 581
3 581 582 580
3 582 696 580
3 580 696 695
3 581 583 582
3 583 584 582
3 584 697 582
3 582 697 696
3 583 585 584
3 583 656 585
3 585 586 584
3 586 698 584
3 584 698 697
3 585 587 586
3 587 588 586
3 588 699 586
3 586 699 698
3 587 589 588
3 587 657 589
3 589 590 588
3 590 700 588
3 588 700 699
3 589 591 590
3 591 592 590
3 592 701 590
3 590 701 700
3 591 593 592
3 591 658 593
3 593 594 592
3 594 702 592
3 592 702 701
3 593 595 594
3 595 596 594
3 596 703 594
3 594 703 702
3 595 597 596
3 595 659 597
3 597 598 596
3 598 704 596
3 596 704 703
3 597 599 598
3 599 600 598
3 600 705 598
3 598 705 704
3 599 601 600
3 599 660 601
3 601 602 600
3 602 706 600
3 600 706 705
3 601 603 602
3 603 604 602
3 604 707 602
3 602 707 706
3 603 605 604
3 603 661 605
3 605 606 604
3 606 708 604
3 604 708 707
3 605 607 606
3 607 608 606
3 608 709 606
3 606 709 708
3 607 609 608
3 607 662 609
3 609 610 608
3 610 710 608
3 608 710 709
3 609 611 610
3 611 612 610
3 612 711 610
3 610 711 710
3 611 613 612
3 611 663 613
3 613 614 612
3 614 712 612
3 612 712 711
3 613 615 614
3 615 616 614
3 616 713 614
3 614 713 712
3 615 617 616
3 615 664 617
3 617 618 616
3 618 714 616
3 616 714 713
3 617 619 618
3 619 620 618
3 620 715 618
3 618 715 714
3 619 621 620
3 619 665 621
3 621 622 620
3 622 716 620
3 620 716 715
3 621 623 622
3 623 624 622
3 624 717 622
3 622 717 716
3 623 625 624
3 623 666 625
3 625 725 624
3 681 717 624
3 624 725 681
3 627 722 628
3 629 681 672
3 716 717 630
3 714 715 631
3 712 713 632
3 710 711 633
3 708 709 634
3 706 707 635
3 704 705 636
3 702 703 637
3 700 701 638
3 698 699 639
3 696 697 640
3 694 695 641
3 692 693 642
3 690 691 643
3 688 689 644
3 686 687 645
3 684 685 646
3 682 683 647
3 667 673 668
3 667 727 673
3 668 730 669
3 673 731 668
3 668 731 730
3 669 676 670
3 669 730 677
3 676 729 670
3 730 731 671
3 681 725 672
4 1496 1605 1362 1611
4 1034 631 1368 1446
4 1322 1571 1139 1668
4 1061 1424 1325 1598
4 745 1503 249 1518
4 784 1341 1541 1543
4 1440 1562 1417 1617
4 1362 1605 1340 1611
4 1038 1159 635 1366
4 635 1159 515 1366
4 1337 1417 1562 1617
4 337 336 335 1303
4 561 562 563 1305
4 577 1565 1321 1665
4 631 512 1034 1368
4 512 1156 1034 1368
4 556 557 555 1304
4 900 831 828 1307
4 321 320 319 1307
4 515 1366 1159 1673
4 997 1452 1340 1611
4 446 1571 1322 1668
4 514 1158 1367 1445
4 1321 1565 800 1665
4 1282 1414 1526 1625
4 335 1303 336 1476
4 1033 1365 630 1446
4 336 1303 337 1466
4 561 562 1305 1467
4 563 1305 562 1462
4 556 1304 555 1447
4 556 557 1304 1470
4 634 1037 514 1445
4 514 1037 1158 1445
4 342 1308 343 1430
4 828 1307 831 1475
4 320 1307 321 1474
4 319 1307 320 1453
4 831 1307 900 1454
4 756 1405 410 1576
4 1292 1369 1336 1717
4 1179 1079 1077 1298
4 630 511 1155 1446
4 1155 1033 630 1446
4 1322 1422 1139 1571
4 289 1541 1341 1543
4 1282 1425 1414 1625
4 1371 1533 1525 1624
4 756 410 834 1576
4 342 1308 1430 1482
4 1179 1079 1298 1471
4 1077 1298 1079 1448
4 1336 1369 1292 1713
4 249 1503 1354 1518
4 745 1354 1503 1518
4 1282 1526 1425 1625
4 893 501 1414 1710
4 817 1335 1451 1455
4 795 931 797 1297
4 341 343 342 1308
4 1292 1440 1369 1717
4 1292 1562 1404 1615
4 1206 1299 1235 1516
4 1299 1515 1235 1516
4 712 1515 1299 1516
4 712 1299 711 1516
4 1371 1525 1314 1624
4 988 1605 1496 1611
4 1260 1534 1517 1535
4 745 843 249 1503
4 843 412 249 1503
4 556 1304 1447 1470
4 308 1460 1335 1461
4 1019 1139 1571 1668
4 1061 1325 1062 1598
4 795 1297 797 1498
4 1372 1443 722 1559
4 1290 1323 1545 1684
4 1322 1290 1546 1685
4 1414 1435 1282 1526
4 577 1423 1321 1565
4 1290 1422 1323 1684
4 1322 1422 1290 1685
4 834 410 247 1576
4 336 1303 1466 1476
4 562 1462 1305 1467
4 1357 1551 625 1558
4 797 1297 931 1480
4 784 1429 1341 1543
4 1291 1371 1314 1629
4 1407 1577 1098 1699
4 1307 320 1453 1474
4 831 1307 1454 1475
4 1178 1237 1135 1306
4 1366 1445 1159 1673
4 1292 1417 1440 1562
4 1097 1098 1407 1577
4 1326 1408 1282 1728
4 341 1308 342 1482
4 1260 1517 1276 1535
4 1500 1544 1366 1673
4 1298 1079 1448 1471
4 1314 1371 1291 1525
4 1282 1408 1326 1437
4 1286 1352 1409 1428
4 250 1360 746 1563
4 1050 1256 1196 1528
4 446 1442 1322 1571
4 1157 1206 1235 1516
4 1157 1235 1515 1516
4 513 1515 712 1516
4 513 712 711 1516
4 1246 1061 1313 1424
4 577 492 1565 1665
4 1286 1352 1428 1590
4 1349 1544 1500 1673
4 1246 1313 1061 1598
4 1293 1489 1544 1599
4 1237 1306 1178 1469
4 351 1354 249 1503
4 1311 1544 1489 1599
4 745 1354 867 1503
4 1180 1497 1361 1566
4 613 1414 501 1710
4 1320 1427 1365 1441
4 1246 1424 1313 1539
4 1361 1464 348 1566
4 1135 1306 1237 1468
4 1414 1358 1526 1625
4 1320 1278 1427 1441
4 613 501 663 1710
4 1350 1577 1407 1699
4 740 800 1565 1665
4 1334 1447 1448 1654
4 1361 1497 1180 1620
4 369 1487 1359 1550
4 1246 1539 1313 1623
4 342 1430 1344 1482
4 1290 1545 1318 1684
4 800 1321 1439 1565
4 1314 1379 1371 1624
4 1317 1546 1290 1685
4 1371 1379 1314 1607
4 1091 1593 1408 1701
4 1090 1593 1091 1701
4 1358 1435 1414 1526
4 1097 1407 1098 1699
4 712 711 1299 1715
4 1159 1366 1232 1445
4 702 1590 1409 1702
4 811 964 809 1303
4 893 1414 952 1710
4 1292 1417 1562 1615
4 690 568 689 1300
4 698 584 697 1301
4 1209 1119 1221 1301
4 1310 1404 1562 1615
4 1409 1428 1352 1590
4 817 1451 1304 1455
4 446 393 1571 1668
4 1326 1282 1526 1728
4 438 314 439 1306
4 1291 1314 1391 1629
4 956 824 934 1305
4 1282 1437 1326 1526
4 1292 1404 1417 1615
4 1314 1607 1379 1629
4 797 1297 1480 1498
4 1231 1216 1133 1300
4 931 1297 795 1588
4 714 1368 631 1446
4 1034 1368 1208 1446
4 1371 1607 1314 1629
4 1297 1562 1440 1617
4 1328 1484 1483 1666
4 1232 1445 1366 1603
4 937 817 959 1304
4 697 698 1301 1584
4 1209 1301 1221 1584
4 689 690 1300 1586
4 1379 1371 1624 1640
4 393 1019 1571 1668
4 1433 1600 1410 1650
4 455 1361 348 1566
4 933 1551 1357 1558
4 1517 1535 1534 1713
4 1329 1479 1478 1656
4 578 1321 577 1689
4 438 1306 439 1580
4 578 579 577 1321
4 1279 1410 1433 1600
4 956 1305 934 1582
4 607 1578 1413 1698
4 1124 1323 1122 1684
4 1139 1322 1188 1685
4 1122 1124 1123 1323
4 1138 1188 1139 1322
4 702 703 1590 1702
4 1216 1300 1231 1586
4 768 666 1551 1558
4 1365 1427 1278 1441
4 458 1410 1632 1697
4 613 1358 1414 1710
4 809 811 1303 1457
4 575 1327 574 1688
4 1288 1448 1447 1654
4 573 574 575 1327
4 343 1405 1308 1576
4 308 1298 1460 1461
4 351 249 412 1503
4 745 867 843 1503
4 1344 1458 1482 1642
4 1350 1281 1407 1438
4 1282 1346 1408 1437
4 1280 1483 1484 1666
4 1329 1457 809 1479
4 607 609 1413 1578
4 1060 1373 1424 1539
4 1281 1351 1413 1436
4 568 689 1300 1459
4 1347 1282 1414 1435
4 937 817 1304 1455
4 809 1303 964 1479
4 556 1447 1334 1470
4 439 1306 314 1450
4 824 1305 956 1449
4 1315 1290 1416 1664
4 1295 1549 1487 1604
4 1336 1570 1269 1612
4 746 1360 250 1503
4 1281 1351 1436 1578
4 1306 1237 1468 1469
4 1133 1300 1216 1465
4 817 959 1304 1451
4 1350 1281 1438 1577
4 1316 1290 1416 1687
4 1285 1478 1479 1656
4 698 584 1301 1463
4 933 768 1551 1558
4 584 697 1301 1478
4 1133 1231 1300 1491
4 1209 1119 1301 1492
4 568 1300 690 1493
4 1312 1410 1600 1650
4 1413 1578 1351 1698
4 1119 1221 1301 1495
4 314 1306 438 1484
4 824 934 1305 1483
4 1282 1346 1437 1593
4 369 371 1487 1550
4 579 1321 578 1501
4 435 308 436 1298
4 1124 1123 1323 1508
4 1188 1322 1138 1509
4 1487 1549 1309 1604
4 784 1341 782 1541
4 578 1501 1321 1689
4 1323 1124 1508 1684
4 1188 1322 1509 1685
4 492 740 1565 1665
4 1347 1282 1435 1592
4 574 1327 573 1512
4 1196 1528 1265 1568
4 1180 1146 1497 1566
4 343 1308 1405 1430
4 574 1327 1512 1688
4 369 1359 1487 1595
4 1178 1306 1135 1580
4 561 1305 563 1582
4 817 1335 815 1451
4 714 1368 1446 1592
4 1208 1446 1368 1593
4 458 1632 459 1697
4 1290 1442 1416 1664
4 900 1307 828 1581
4 321 1307 319 1581
4 1290 1439 1416 1687
4 702 1428 1409 1590
4 1050 1196 1253 1528
4 770 719 1393 1540
4 1414 1592 617 1700
4 1179 1298 1077 1561
4 515 1159 1445 1673
4 1298 1560 1077 1561
4 893 952 765 1710
4 259 1005 1373 1418
4 1278 1420 1356 1514
4 307 1335 308 1460
4 1184 1603 1410 1697
4 308 1335 309 1461
4 1407 1438 1097 1577
4 1235 1299 1206 1614
4 819 1335 817 1455
4 1303 809 1457 1479
4 1323 1318 1545 1684
4 348 1464 1361 1601
4 1317 1322 1546 1685
4 937 1304 959 1552
4 952 1414 1625 1710
4 1405 1576 835 1731
4 389 1028 1548 1566
4 1061 1313 1424 1598
4 615 617 1414 1592
4 308 1298 435 1460
4 1314 1379 1609 1629
4 308 436 1298 1461
4 1364 1547 1294 1597
4 1355 1279 1366 1500
4 1338 1480 1485 1630
4 1607 1609 1379 1629
4 635 1366 515 1673
4 337 1303 335 1631
4 672 722 1443 1559
4 1104 1603 1184 1697
4 1287 1482 1458 1642
4 1334 1448 1079 1471
4 555 1304 557 1552
4 1408 1593 1346 1701
4 1533 1624 1371 1640
4 809 1329 806 1457
4 1290 1545 1423 1688
4 1371 1291 1525 1533
4 722 1372 544 1443
4 1290 1423 1546 1689
4 1290 1316 1416 1703
4 1349 1293 1544 1673
4 1288 1485 1480 1630
4 1295 1486 1549 1604
4 609 1436 1413 1578
4 1294 1464 1354 1532
4 1311 1504 1375 1599
4 824 1449 1328 1483
4 711 1516 1299 1715
4 314 1328 1450 1484
4 1295 1487 1343 1604
4 1225 1445 1232 1603
4 599 1363 497 1444
4 959 1552 1304 1554
4 625 1357 1558 1639
4 857 1550 416 1556
4 1282 1347 1414 1425
4 1362 1393 1289 1429
4 1358 1625 1414 1710
4 1225 1530 1445 1603
4 337 1564 1303 1631
4 666 625 1551 1558
4 594 1428 702 1590
4 1297 931 1480 1588
4 1294 1353 1464 1532
4 1350 1490 1293 1530
4 1293 1489 1351 1531
4 1309 1549 1486 1604
4 1331 1465 1453 1659
4 1304 1552 555 1554
4 1286 1428 1409 1579
4 1322 1546 1442 1703
4 712 1299 1515 1715
4 343 1308 341 1576
4 1411 1526 1282 1728
4 1287 1495 1466 1572
4 1297 1440 1400 1617
4 1060 1424 1246 1539
4 1295 1343 1487 1523
4 893 765 501 1710
4 765 663 501 1710
4 1330 1466 1495 1572
4 584 1463 1329 1478
4 1133 1465 1331 1491
4 568 1332 1459 1493
4 1348 1293 1490 1530
4 1293 1349 1489 1531
4 1347 1486 1295 1522
4 1294 1354 1464 1600
4 1295 1487 1346 1523
4 1286 1409 1419 1579
4 1336 1517 1369 1713
4 1352 1294 1497 1513
4 463 1407 362 1734
4 289 1341 1431 1543
4 1302 1409 1428 1579
4 823 1328 824 1449
4 314 1328 315 1450
4 393 1121 274 1571
4 393 1019 1121 1571
4 1336 1517 1269 1570
4 822 824 1328 1483
4 314 1450 1306 1484
4 314 313 1328 1484
4 824 1305 1449 1483
4 463 362 1527 1734
4 689 1300 1459 1586
4 1119 1492 1330 1495
4 497 1363 927 1444
4 1005 427 1195 1418
4 584 1329 583 1478
4 1133 1300 1465 1491
4 1293 1351 1489 1599
4 568 1459 1300 1493
4 585 1329 584 1463
4 1295 1346 1487 1549
4 1409 1590 1352 1702
4 568 1332 567 1459
4 1133 1129 1331 1465
4 1196 1256 1265 1528
4 1305 956 1449 1582
4 1314 1291 1391 1525
4 822 824 823 1328
4 313 315 314 1328
4 1290 1416 1442 1703
4 1293 1366 1544 1673
4 583 584 585 1329
4 1281 1375 1504 1599
4 1290 1546 1317 1689
4 1300 1216 1465 1586
4 1301 698 1463 1584
4 1295 1486 1347 1549
4 351 249 1354 1518
4 867 1354 745 1518
4 916 1357 1456 1619
4 1119 1115 1330 1492
4 1133 1331 1141 1491
4 569 1332 568 1493
4 1318 1545 1290 1688
4 289 287 1341 1541
4 1142 1119 1330 1495
4 1039 519 1162 1387
4 519 639 1162 1387
4 584 1301 1463 1478
4 1221 1301 1495 1584
4 1294 1464 1353 1547
4 307 309 308 1335
4 1142 1119 1115 1330
4 1141 1133 1129 1331
4 569 567 568 1332
4 455 348 1361 1601
4 819 815 817 1335
4 1306 438 1484 1580
4 1335 1455 1461 1567
4 809 873 1329 1479
4 1291 1372 1443 1505
4 1294 1352 1497 1547
4 1348 1632 1410 1697
4 1062 1325 1061 1424
4 384 1408 1095 1651
4 278 1024 398 1381
4 1024 278 1134 1381
4 1311 1375 1506 1599
4 1294 1364 1597 1723
4 811 1303 1457 1564
4 463 1527 1326 1734
4 399 1025 1075 1382
4 1371 1379 1607 1640
4 927 497 660 1363
4 782 1341 784 1429
4 496 659 926 1364
4 1304 937 1455 1552
4 1356 1420 1278 1441
4 1293 1489 1349 1544
4 857 254 416 1550
4 857 750 254 1550
4 1346 1408 1437 1593
4 1302 1419 1409 1579
4 926 1364 659 1444
4 1347 1592 1414 1700
4 1293 1490 1350 1599
4 1293 1348 1490 1544
4 1361 1548 1028 1566
4 1278 1514 1356 1555
4 884 1383 487 1662
4 1119 1301 1492 1495
4 1343 1278 1420 1441
4 1284 1453 1465 1659
4 1423 1545 1327 1688
4 1265 1256 1277 1528
4 959 1304 1451 1554
4 336 1466 1330 1476
4 1283 1475 1493 1575
4 648 486 883 1388
4 1197 1252 1369 1627
4 414 850 748 1375
4 414 748 252 1375
4 1291 1391 1456 1629
4 799 492 740 1565
4 857 1359 858 1550
4 416 369 1359 1550
4 873 806 809 1329
4 1279 1349 1363 1434
4 857 1359 1550 1556
4 416 1550 1359 1556
4 884 487 650 1662
4 650 760 884 1662
4 1321 1546 1423 1689
4 1292 1412 1324 1524
4 1321 1423 577 1689
4 1091 1437 1408 1593
4 768 666 504 1551
4 949 1621 1414 1700
4 1365 1427 1320 1602
4 1534 1535 1324 1713
4 1323 1422 1122 1684
4 1139 1422 1322 1685
4 1337 1562 1417 1615
4 595 659 1364 1444
4 1350 1438 1407 1577
4 1347 1435 1414 1592
4 1418 1638 1340 1724
4 1280 1461 1455 1567
4 1038 1232 1159 1366
4 768 504 896 1551
4 327 1641 1416 1664
4 631 714 512 1368
4 1156 1208 1034 1368
4 1371 1488 1291 1533
4 1332 1493 1475 1575
4 1446 1522 715 1592
4 1205 1523 1446 1593
4 575 1423 1327 1688
4 1289 1569 1403 1732
4 1062 1325 1424 1708
4 1362 1605 1341 1691
4 1340 1605 1362 1691
4 996 988 1496 1611
4 883 758 648 1388
4 1278 1604 1406 1608
4 615 1414 617 1700
4 1413 1436 1351 1578
4 1325 1424 1313 1598
4 696 1402 1501 1635
4 389 1548 1361 1566
4 1308 1482 1390 1642
4 1289 1340 1403 1569
4 851 852 1375 1587
4 1219 1245 1320 1725
4 1287 1390 1482 1642
4 961 1510 1399 1634
4 1075 280 399 1382
4 1416 1641 1315 1664
4 1290 1317 1415 1689
4 770 719 506 1393
4 1294 1547 1497 1600
4 1318 1290 1415 1688
4 1414 1435 615 1592
4 1333 1468 1237 1469
4 607 1413 609 1698
4 333 1399 1502 1634
4 696 1501 695 1635
4 654 492 799 1565
4 333 1502 331 1634
4 1278 1573 1320 1639
4 1293 1544 1490 1599
4 1317 1290 1415 1685
4 1290 1318 1415 1684
4 797 1480 1338 1498
4 1019 1139 1121 1571
4 1445 1603 1293 1673
4 1308 1390 1472 1642
4 1281 1506 1375 1599
4 858 1359 857 1556
4 369 416 1359 1556
4 1181 1420 1583 1705
4 1279 1477 1410 1600
4 1291 1443 1391 1505
4 829 1395 1507 1641
4 1295 1446 1368 1592
4 1368 1446 1295 1593
4 829 1507 877 1641
4 961 957 1510 1634
4 284 1541 289 1543
4 1298 1179 1471 1561
4 409 246 925 1390
4 1287 1472 1390 1642
4 544 1391 1443 1505
4 1279 1366 1500 1544
4 1063 1061 1062 1598
4 1060 1081 1373 1539
4 1077 1298 1448 1560
4 446 330 1322 1703
4 1289 1403 1529 1732
4 1362 1496 1341 1605
4 323 1511 1395 1641
4 953 1621 949 1700
4 1408 1614 1175 1651
4 1355 1366 1279 1477
4 927 660 762 1363
4 439 1306 1450 1658
4 563 1305 1462 1582
4 916 1456 1357 1551
4 285 989 1418 1663
4 287 1431 1341 1622
4 496 926 744 1364
4 319 1307 1453 1581
4 1285 1479 1476 1656
4 1307 900 1454 1581
4 323 325 1511 1641
4 1225 1103 1530 1603
4 1181 1420 1086 1583
4 1497 1547 1312 1600
4 259 427 1005 1418
4 1285 1399 1476 1479
4 342 453 1344 1430
4 1289 1569 1362 1691
4 1490 1544 1311 1599
4 369 1487 370 1595
4 1370 1525 1291 1533
4 1210 1509 1402 1635
4 1401 1508 1234 1636
4 1298 435 1460 1560
4 1331 1453 320 1474
4 831 1454 1332 1475
4 436 1298 1461 1561
4 883 1388 486 1554
4 1135 1306 1468 1580
4 1279 1363 1349 1500
4 1375 1587 852 1610
4 470 1310 1485 1596
4 980 1336 1535 1612
4 599 1363 1444 1589
4 714 1446 715 1592
4 1208 1205 1446 1593
4 1291 1356 1426 1488
4 458 1410 1433 1632
4 1198 1372 509 1559
4 1370 1426 1356 1488
4 691 1512 1401 1636
4 1305 934 1582 1662
4 1210 1222 1509 1635
4 1224 1234 1508 1636
4 1306 439 1580 1658
4 599 660 497 1363
4 1496 1541 1341 1663
4 659 496 595 1364
4 1294 1547 1364 1590
4 1303 964 1479 1631
4 1245 1426 1320 1725
4 330 447 446 1322
4 1291 1426 1370 1488
4 446 1322 1442 1703
4 1304 555 1447 1554
4 513 1157 1515 1516
4 1291 1456 1371 1629
4 1410 1603 1348 1697
4 692 1512 691 1636
4 1309 1406 1514 1604
4 850 1375 414 1585
4 1279 1348 1410 1477
4 1006 1539 1246 1623
4 1300 1231 1586 1694
4 690 1300 1586 1694
4 1301 697 1584 1695
4 1209 1301 1584 1695
4 784 1541 778 1543
4 1289 1340 1569 1691
4 561 1305 1582 1662
4 998 997 1340 1611
4 1289 1393 1362 1732
4 1348 1279 1410 1433
4 1289 1362 1569 1732
4 1474 1475 1283 1575
4 1293 1544 1366 1603
4 1278 1357 1573 1639
4 786 1429 1393 1733
4 746 1360 845 1563
4 355 1360 250 1563
4 1178 1306 1580 1658
4 1476 1479 1303 1656
4 519 1387 1039 1553
4 1283 1474 1395 1475
4 557 1304 1470 1552
4 683 1334 556 1447
4 389 1361 455 1566
4 1278 1514 1406 1604
4 1291 1320 1426 1573
4 1368 1549 1295 1592
4 1237 1199 1333 1469
4 1290 1442 1322 1546
4 541 1393 719 1540
4 1306 1178 1469 1658
4 1303 337 1466 1564
4 1443 1551 723 1639
4 795 1297 1498 1709
4 1297 795 1588 1709
4 1028 1180 1361 1566
4 604 603 1500 1531
4 934 1305 1483 1662
4 1278 1343 1420 1514
4 562 1333 1462 1467
4 1292 1524 1324 1713
4 398 1381 1024 1561
4 544 1443 1372 1505
4 973 1540 1393 1609
4 697 1301 1478 1695
4 1079 1334 1233 1448
4 450 1330 336 1466
4 1385 1466 1287 1495
4 1282 1549 1368 1592
4 1310 1485 1382 1630
4 1278 1320 1427 1639
4 621 1342 1427 1711
4 1370 1291 1488 1533
4 828 1581 1307 1706
4 321 1307 1581 1706
4 399 1025 1382 1560
4 1539 1623 476 1640
4 1278 1427 1357 1639
4 424 1356 1488 1606
4 446 393 274 1571
4 1363 1600 1434 1613
4 1355 1279 1500 1589
4 1231 1300 1491 1694
4 1301 1209 1492 1695
4 1288 1382 1485 1630
4 1300 690 1493 1694
4 1366 1603 1445 1673
4 470 1310 301 1485
4 1409 1419 1211 1620
4 1169 1237 1333 1468
4 755 409 925 1390
4 330 447 1322 1502
4 1202 1334 1079 1471
4 1352 1286 1409 1620
4 1416 1634 1316 1687
4 965 1444 1363 1613
4 604 1531 1500 1673
4 654 577 492 1565
4 1307 1453 1374 1659
4 770 1393 973 1540
4 1292 1400 1498 1562
4 1343 1278 1441 1583
4 1292 1499 1412 1524
4 1095 1408 1175 1651
4 1353 1286 1405 1597
4 1327 1423 1290 1545
4 556 1334 684 1470
4 1260 1261 1276 1517
4 1279 1434 1363 1600
4 416 254 369 1550
4 857 858 750 1550
4 1283 1493 1401 1575
4 1303 1476 1399 1479
4 487 1383 884 1552
4 1309 1406 1604 1608
4 1310 1382 1494 1630
4 1166 1043 523 1401
4 1166 523 643 1401
4 1041 640 521 1402
4 1163 640 1041 1402
4 1148 1180 1497 1620
4 1305 561 1467 1662
4 939 797 1338 1498
4 1007 1370 261 1623
4 1297 1498 1400 1562
4 1294 1444 1363 1589
4 1148 1180 1146 1497
4 250 746 849 1563
4 250 849 413 1563
4 1310 301 1485 1499
4 1284 1374 1453 1659
4 621 1427 1558 1711
4 1286 1353 1405 1601
4 1357 1443 1391 1456
4 1211 1409 1112 1419
4 1199 1169 1237 1333
4 1343 1583 1420 1705
4 335 1303 1476 1631
4 1357 1291 1443 1456
4 1290 1423 1321 1546
4 392 1018 273 1396
4 1018 1120 273 1396
4 275 1127 395 1397
4 1021 395 1127 1397
4 786 1393 970 1733
4 799 740 800 1565
4 1358 1413 611 1436
4 1295 1549 1368 1593
4 1312 1410 1477 1600
4 1307 1374 1454 1659
4 1245 1320 1426 1559
4 1099 1097 1438 1577
4 1149 1028 269 1566
4 1028 389 269 1566
4 1364 1547 1286 1590
4 613 1414 1358 1435
4 609 608 1436 1578
4 330 1502 1322 1703
4 1349 1500 603 1531
4 1299 1235 1515 1614
4 1206 1299 1516 1614
4 1305 1483 1383 1666
4 1307 1475 1474 1575
4 1300 1401 1493 1575
4 341 1308 1482 1576
4 954 1634 1416 1687
4 1292 1324 1412 1542
4 1283 1401 1491 1575
4 741 245 879 1399
4 245 407 879 1399
4 456 348 1464 1566
4 1307 321 1474 1706
4 490 653 886 1398
4 1278 1406 1421 1608
4 828 1307 1475 1706
4 611 1413 1358 1710
4 1289 1539 1431 1624
4 1308 1432 1430 1579
4 886 738 490 1398
4 1320 1291 1443 1573
4 1341 1429 782 1733
4 1055 1373 1418 1638
4 1338 1485 301 1499
4 1280 1383 1483 1666
4 1324 1535 1534 1594
4 1372 1505 1291 1525
4 949 1425 1414 1621
4 1055 1638 1418 1724
4 1280 1483 1376 1484
4 980 913 1336 1612
4 1296 852 1587 1610
4 1288 1494 1382 1630
4 1112 1419 1409 1648
4 1300 1491 1401 1575
4 1362 1429 1289 1691
4 1341 1429 1362 1691
4 1296 1587 1375 1610
4 1340 1289 1403 1638
4 246 925 1390 1564
4 1408 1411 1282 1728
4 1430 1432 1286 1579
4 1346 1282 1408 1595
4 1299 1438 1614 1734
4 655 493 887 1394
4 887 493 775 1394
4 378 1373 1081 1539
4 1244 1370 1065 1426
4 1278 1555 1356 1573
4 836 1405 1597 1704
4 671 547 1400 1617
4 1307 1395 1474 1475
4 1283 1475 1398 1493
4 1416 327 1664 1703
4 509 1198 627 1372
4 1281 1413 1351 1504
4 1308 1405 1430 1432
4 1340 1569 1362 1611
4 1284 1380 1462 1574
4 1320 1559 681 1639
4 1378 1480 1288 1485
4 921 979 1324 1542
4 1292 1336 1400 1717
4 1284 1469 1384 1574
4 717 1427 1602 1639
4 1356 1555 1420 1735
4 1426 1443 1372 1559
4 797 923 1338 1480
4 1225 1232 1103 1603
4 671 1400 1440 1617
4 1211 1419 1112 1620
4 304 1310 470 1596
4 1305 1462 1380 1574
4 1213 1112 1409 1648
4 1305 1383 1467 1666
4 1320 1441 1365 1602
4 1282 1411 1408 1595
4 672 722 544 1443
4 1306 1384 1469 1574
4 300 301 1338 1485
4 876 405 242 1395
4 1358 1436 611 1715
4 772 876 242 1395
4 1445 1530 1293 1603
4 255 1406 751 1716
4 1281 1350 1407 1734
4 1340 1289 1638 1691
4 369 371 370 1487
4 618 715 1522 1592
4 1284 1454 1374 1659
4 1205 1094 1523 1593
4 1368 1549 1282 1593
4 1291 1505 1391 1525
4 986 1541 1496 1663
4 859 1486 1550 1621
4 1192 1370 1244 1426
4 1391 1443 1291 1456
4 1285 1478 1394 1479
4 301 299 1338 1499
4 1284 1462 1469 1574
4 980 1535 1336 1542
4 1156 1368 512 1515
4 1158 514 1367 1516
4 1282 1347 1425 1621
4 320 442 1331 1474
4 831 1332 960 1475
4 320 1331 441 1453
4 831 935 1332 1454
4 1286 1547 1364 1597
4 1287 1387 1495 1572
4 1290 1545 1315 1712
4 1353 1294 1547 1597
4 1279 1349 1434 1544
4 761 1380 651 1644
4 1361 1464 1312 1547
4 1299 1526 1718 1734
4 1286 1430 1405 1432
4 1279 1366 1544 1603
4 1219 1320 1245 1559
4 1333 1469 1462 1574
4 345 1601 1405 1704
4 1197 1369 1528 1627
4 1375 1504 851 1587
4 1448 1567 1334 1654
4 859 1550 1486 1608
4 1420 1441 1086 1583
4 300 301 299 1338
4 1357 1421 933 1558
4 737 1374 241 1647
4 929 1339 841 1472
4 1344 1482 1579 1642
4 757 1400 529 1709
4 475 1488 1345 1646
4 936 1434 1633 1637
4 1293 1349 1531 1673
4 1301 1495 1387 1572
4 1299 1718 1438 1734
4 562 1333 687 1462
4 1323 1283 1508 1511
4 1283 1395 1315 1507
4 1323 1290 1545 1664
4 529 757 793 1400
4 1283 1315 1395 1511
4 362 1407 1506 1734
4 336 1330 449 1476
4 924 1416 1641 1712
4 1289 1424 1539 1624
4 1309 1486 1550 1608
4 597 1444 1513 1589
4 1393 1429 1362 1733
4 289 1341 287 1431
4 544 1391 543 1443
4 1320 1441 1219 1725
4 1322 1285 1502 1509
4 986 1003 1496 1541
4 1167 1389 644 1645
4 1367 1436 710 1578
4 1446 1523 1205 1583
4 1412 1499 423 1524
4 1281 1578 1367 1599
4 1305 1380 1449 1574
4 1164 522 1042 1415
4 1164 641 522 1415
4 522 642 1165 1415
4 1165 1042 522 1415
4 1339 841 1472 1731
4 778 472 969 1543
4 899 770 506 1393
4 1306 1450 1384 1574
4 686 1333 562 1467
4 389 455 1361 1548
4 1337 1310 1562 1615
4 927 1363 965 1444
4 509 627 722 1372
4 1284 1449 1380 1574
4 1339 1428 1432 1579
4 1081 259 1005 1373
4 342 1344 452 1482
4 948 841 1339 1731
4 1285 1316 1399 1510
4 1055 1373 1005 1418
4 1064 1372 1426 1598
4 1284 1384 1450 1574
4 1069 1319 1253 1568
4 465 1408 1595 1701
4 1211 1409 1620 1702
4 1443 1559 1320 1639
4 962 979 1542 1720
4 1442 1664 327 1703
4 1219 1441 1320 1602
4 543 1391 544 1505
4 948 1339 1432 1731
4 1315 1641 1416 1712
4 789 1609 1607 1629
4 1359 1486 1309 1549
4 1355 1500 1366 1628
4 355 353 1503 1632
4 1286 1419 1409 1620
4 1434 1544 1349 1637
4 355 1503 1360 1632
4 1364 1444 1294 1590
4 797 923 939 1338
4 1360 1489 1311 1544
4 1329 1572 1479 1656
4 1316 1285 1399 1502
4 1291 1426 1356 1573
4 1260 1534 1535 1594
4 1376 1455 1280 1461
4 621 1427 1342 1616
4 1409 1428 701 1729
4 1372 1426 1291 1443
4 1330 1466 1385 1495
4 1060 1246 1081 1539
4 509 1372 722 1559
4 1289 1325 1624 1721
4 327 328 1442 1703
4 717 624 1427 1639
4 1286 1419 1361 1430
4 1219 1320 1559 1602
4 1292 1400 1336 1542
4 1280 1467 1383 1666
4 967 1364 744 1723
4 845 1503 844 1637
4 1290 1439 1545 1712
4 327 1442 328 1664
4 845 1360 1503 1637
4 1290 1415 1423 1689
4 1202 1233 1079 1334
4 1335 1460 1298 1461
4 1392 1447 1288 1448
4 243 739 1416 1641
4 1351 1578 1281 1599
4 1317 1285 1402 1501
4 1344 1430 1308 1482
4 1290 1423 1415 1688
4 475 1345 256 1646
4 1315 1545 1290 1664
4 1301 1387 1463 1572
4 1182 1205 1523 1583
4 1285 1317 1402 1509
4 1318 1283 1401 1508
4 592 701 1409 1428
4 1356 1426 1320 1573
4 1283 1318 1401 1512
4 933 768 896 1551
4 1290 1422 1415 1685
4 1290 1415 1422 1684
4 980 1336 913 1542
4 940 956 1380 1449
4 1336 1369 1570 1717
4 440 1384 439 1450
4 259 1081 378 1373
4 1164 641 1415 1635
4 642 1165 1415 1636
4 456 455 348 1566
4 1345 1619 972 1646
4 1420 1514 469 1555
4 836 1597 839 1704
4 684 685 1470 1660
4 1081 1243 1060 1373
4 1386 1470 685 1660
4 1364 1444 926 1723
4 548 1481 1588 1617
4 1355 1589 1500 1628
4 1409 1419 1302 1648
4 833 243 739 1416
4 773 244 406 1416
4 1313 1623 1539 1640
4 1334 1567 1447 1654
4 1278 1365 1583 1604
4 1287 1463 1387 1572
4 1340 1452 1569 1611
4 1281 1577 1350 1599
4 859 1550 858 1621
4 1252 1369 1627 1714
4 1295 1583 1365 1604
4 1285 1509 1322 1546
4 1323 1508 1283 1545
4 613 1435 1358 1715
4 448 1502 1396 1668
4 1397 1511 443 1669
4 595 1444 1364 1590
4 859 1591 1550 1608
4 1373 1431 1289 1539
4 1283 1511 1323 1545
4 1483 1574 1328 1666
4 1322 1502 1285 1546
4 1236 1337 1191 1494
4 1151 1497 1355 1536
4 1083 1313 1246 1598
4 754 1379 258 1607
4 448 447 1502 1668
4 462 1506 1407 1699
4 1398 1512 573 1674
4 1416 1664 1442 1703
4 444 443 1511 1669
4 1279 1348 1477 1603
4 1123 1508 1397 1669
4 1396 1509 1138 1668
4 1407 1438 1281 1734
4 573 1398 571 1512
4 1123 1140 1397 1508
4 1345 1488 297 1555
4 1116 1138 1396 1509
4 719 541 506 1393
4 1282 1347 1549 1592
4 336 450 449 1330
4 935 960 831 1332
4 320 442 441 1331
4 1283 1512 1507 1545
4 803 1439 1416 1712
4 451 450 1466 1671
4 1246 1313 1083 1623
4 1344 1579 1458 1642
4 451 1466 1385 1671
4 1416 1439 803 1687
4 688 1389 689 1459
4 581 1501 1394 1665
4 950 1421 1342 1711
4 1326 1614 1408 1651
4 1320 1443 1426 1559
4 579 1501 581 1665
4 1285 1510 1501 1546
4 1366 1293 1603 1673
4 461 1506 462 1699
4 841 929 948 1339
4 562 686 687 1333
4 950 1342 1421 1608
4 1281 1436 1367 1578
4 1281 1506 1350 1734
4 800 1439 1321 1687
4 672 1559 1443 1639
4 1394 1510 874 1665
4 259 1373 286 1418
4 1092 1437 1091 1593
4 940 1449 1380 1454
4 1278 1421 1604 1608
4 778 1541 284 1543
4 440 1384 1450 1453
4 597 599 1444 1589
4 616 615 1435 1592
4 1180 1548 1361 1620
4 1342 1558 1427 1711
4 867 1354 1434 1503
4 713 1435 1368 1592
4 1321 1290 1546 1687
4 1138 1116 1396 1668
4 1140 1123 1397 1669
4 1289 1424 1373 1539
4 608 710 1436 1578
4 938 944 1504 1698
4 445 1323 444 1664
4 304 301 1310 1499
4 573 571 1398 1674
4 1340 1418 1373 1638
4 801 874 1510 1665
4 683 684 556 1334
4 1278 1421 1357 1427
4 1413 1504 944 1698
4 1244 1370 1007 1623
4 1180 1185 1548 1620
4 1342 1486 950 1537
4 1385 1458 1287 1482
4 468 1487 1343 1538
4 1293 1367 1578 1599
4 833 406 243 1416
4 587 589 1377 1473
4 1218 1438 1367 1577
4 261 1370 474 1623
4 1285 1402 1478 1656
4 1260 1261 1517 1534
4 597 1513 1444 1590
4 1316 1546 1290 1687
4 577 1321 579 1665
4 1331 1453 1575 1659
4 1389 1459 688 1462
4 947 1507 1398 1674
4 1289 1529 1325 1721
4 1122 1323 1123 1669
4 1139 1138 1322 1668
4 1377 1473 589 1667
4 347 1601 345 1704
4 446 1322 447 1668
4 444 1323 445 1669
4 682 1392 1447 1481
4 1414 1621 1347 1700
4 402 1661 821 1672
4 1282 1549 1347 1621
4 1202 1170 1386 1471
4 1294 1353 1532 1597
4 1314 1391 1505 1525
4 699 698 1387 1463
4 746 845 849 1563
4 355 250 413 1563
4 1217 1216 1389 1465
4 773 244 1416 1634
4 1253 1528 1319 1627
4 1294 1589 1363 1600
4 424 474 1370 1488
4 666 625 504 1551
4 1278 1583 1343 1604
4 1335 1455 1376 1461
4 1163 640 1402 1695
4 1166 1401 643 1694
4 1341 1496 782 1541
4 724 540 1325 1529
4 773 406 833 1416
4 587 1377 589 1667
4 1202 1471 1386 1660
4 573 1327 575 1674
4 351 1433 1354 1503
4 1363 1444 1294 1613
4 1437 1515 1235 1614
4 946 1489 1349 1519
4 938 1351 1489 1519
4 461 1490 1350 1520
4 646 1171 1649 1660
4 1206 1516 1438 1614
4 1367 1438 1281 1577
4 1369 1627 1292 1713
4 1524 1534 1319 1568
4 1295 1522 1446 1592
4 793 529 1400 1626
4 1446 1523 1295 1593
4 475 297 1345 1488
4 1300 1389 1465 1659
4 1278 1421 1406 1573
4 466 1487 1346 1595
4 286 1418 1373 1622
4 1217 1465 1389 1469
4 1346 1487 466 1538
4 1212 1352 1497 1536
4 277 1643 1153 1658
4 888 1653 657 1667
4 1294 1600 1363 1613
4 845 1360 746 1503
4 355 250 1360 1503
4 1291 1456 1357 1573
4 623 1558 1427 1639
4 439 1450 1384 1658
4 932 1565 1327 1674
4 1350 1506 1407 1734
4 813 1657 400 1670
4 1203 1448 1392 1494
4 465 1595 466 1701
4 1328 1574 1484 1666
4 1202 1386 1170 1660
4 1327 1507 1512 1545
4 1284 1465 1389 1659
4 1329 1478 1572 1656
4 319 317 1374 1453
4 1281 1367 1577 1599
4 1184 1477 1410 1603
4 910 900 1374 1454
4 1266 1269 1570 1612
4 1236 1204 1191 1337
4 1306 1381 1484 1666
4 1321 1439 1290 1687
4 1122 1422 1323 1571
4 1122 1571 1323 1669
4 1406 1573 1421 1619
4 1288 1460 1448 1654
4 1311 1490 1360 1544
4 540 1505 1325 1721
4 1309 1487 1359 1549
4 1280 1484 1381 1666
4 1296 1527 1375 1718
4 1380 1449 956 1582
4 1321 1501 1510 1546
4 1301 1478 1402 1656
4 301 470 304 1310
4 1028 1149 1180 1566
4 955 1327 932 1712
4 1227 1553 1648 1707
4 342 453 452 1344
4 1397 1508 1283 1511
4 1427 1558 1357 1639
4 699 1463 1387 1473
4 1352 1286 1547 1590
4 1314 1540 898 1609
4 1334 1447 1392 1448
4 1310 1404 1499 1562
4 1434 1600 1354 1613
4 1331 1575 1465 1659
4 1323 1571 445 1669
4 801 1321 800 1665
4 1278 1427 1365 1604
4 376 469 1514 1555
4 800 1321 801 1687
4 1398 1507 1283 1512
4 938 1351 1519 1698
4 461 1520 1350 1699
4 438 1381 437 1484
4 1028 1361 1180 1548
4 239 735 821 1661
4 402 239 821 1661
4 1394 1501 1285 1510
4 547 548 1588 1617
4 1269 1517 1336 1535
4 1312 1497 1361 1547
4 940 825 1449 1454
4 934 945 1383 1483
4 1048 1652 528 1682
4 440 1450 316 1453
4 351 1354 1464 1518
4 748 252 1375 1610
4 347 1464 1353 1518
4 997 1605 1340 1724
4 672 681 1559 1639
4 1354 1518 867 1532
4 1433 1503 353 1632
4 1295 1446 1365 1583
4 1325 1598 1372 1677
4 1325 1403 1289 1424
4 989 283 981 1663
4 1130 1178 1384 1469
4 1455 1470 1280 1567
4 1279 1589 1355 1600
4 682 1447 551 1481
4 1327 1423 575 1565
4 433 1420 1555 1735
4 1355 1497 1151 1719
4 1286 1430 1361 1601
4 688 1459 566 1462
4 563 565 1380 1462
4 1294 1444 1364 1723
4 683 1447 682 1652
4 973 898 1540 1609
4 1386 1467 685 1470
4 1343 1487 468 1727
4 947 955 1507 1674
4 1017 1671 391 1676
4 1290 1439 1327 1545
4 1228 1458 1387 1495
4 769 678 897 1391
4 1293 1577 1367 1599
4 1334 1447 1304 1470
4 1396 1502 1285 1509
4 433 1420 469 1555
4 932 1327 955 1674
4 526 646 1171 1649
4 625 723 1551 1639
4 1365 1604 1427 1616
4 1313 1525 1533 1624
4 1369 1517 1336 1570
4 1276 1517 1269 1535
4 1289 1624 1393 1721
4 1327 1565 575 1674
4 1172 647 1048 1652
4 888 494 657 1653
4 1212 1352 1536 1702
4 347 1518 1353 1704
4 1365 1295 1604 1616
4 689 1459 1389 1586
4 1323 1442 1290 1664
4 813 238 400 1657
4 1280 1471 1461 1567
4 1287 1466 1457 1572
4 1327 1545 1439 1712
4 1319 1517 1259 1534
4 1286 1432 1405 1597
4 1341 782 1496 1733
4 1400 1617 547 1709
4 1191 1494 1337 1615
4 1292 1499 1404 1562
4 1339 1432 1308 1579
4 1348 1279 1433 1544
4 682 1447 1392 1652
4 1375 1718 1527 1734
4 365 1527 1411 1728
4 1211 1620 1212 1702
4 265 384 1095 1651
4 1095 1011 265 1651
4 1228 1387 1221 1495
4 1279 1363 1589 1600
4 844 1503 1434 1637
4 1227 1648 1213 1707
4 1308 1339 1579 1642
4 1368 1437 1226 1593
4 1176 1438 1407 1614
4 1218 1099 1438 1577
4 1524 1568 1319 1618
4 1074 1596 1494 1615
4 708 1531 1445 1578
4 1445 1530 1225 1577
4 945 1455 1383 1483
4 1204 1191 1337 1615
4 1408 1437 1175 1614
4 1053 1197 1252 1369
4 1389 1465 1216 1586
4 1043 523 1401 1636
4 1350 1490 461 1726
4 469 468 1514 1705
4 521 1041 1402 1635
4 628 724 540 1325
4 1203 1080 1448 1494
4 966 1390 1457 1472
4 1448 1460 1298 1654
4 469 1514 1420 1705
4 433 1555 1356 1735
4 1346 1282 1549 1593
4 924 803 1416 1712
4 604 603 602 1500
4 938 1489 1351 1722
4 1135 1190 1381 1468
4 559 561 1383 1467
4 1431 1624 1539 1640
4 1325 1289 1403 1529
4 285 283 989 1663
4 319 1453 1374 1581
4 1374 1454 900 1581
4 357 1563 1490 1632
4 867 1434 1354 1613
4 723 1443 543 1551
4 594 702 703 1590
4 1387 1463 698 1584
4 518 1160 637 1409
4 437 1381 1461 1484
4 1282 1425 1549 1621
4 434 1460 1382 1485
4 327 243 1416 1641
4 591 495 1339 1557
4 1347 1414 1425 1621
4 934 1483 1383 1662
4 1016 1160 518 1409
4 547 1617 1588 1709
4 1376 1483 1328 1484
4 901 1296 1425 1655
4 916 1357 933 1551
4 475 295 1488 1646
4 1048 647 528 1652
4 343 1405 345 1430
4 1357 1443 1291 1573
4 1359 1549 1425 1621
4 456 1566 1464 1650
4 1323 445 1571 1664
4 1097 1407 1176 1438
4 1280 1455 1383 1470
4 1217 1131 1465 1469
4 1286 1405 1430 1601
4 963 1388 1451 1480
4 1288 1382 1448 1460
4 954 1416 803 1687
4 979 1324 1542 1720
4 1314 1609 898 1629
4 1175 1408 1091 1437
4 341 339 1390 1482
4 1280 1381 1461 1471
4 1346 1538 466 1701
4 701 1428 592 1729
4 753 1371 257 1646
4 916 1391 971 1456
4 699 586 1463 1473
4 950 1486 1342 1608
4 807 1472 1377 1667
4 451 1385 1466 1482
4 1392 1448 1203 1652
4 814 1451 815 1657
4 1349 1519 603 1633
4 814 1378 1451 1657
4 930 1390 966 1472
4 1282 1425 1359 1549
4 545 1443 723 1639
4 1287 1458 1387 1473
4 1354 1433 351 1650
4 1286 1428 1364 1590
4 901 1425 1556 1655
4 683 1334 1447 1652
4 1277 1259 1319 1517
4 915 819 1455 1661
4 1233 1203 1448 1652
4 296 1370 474 1488
4 1398 1475 1332 1493
4 1426 1525 1370 1598
4 526 1171 1046 1649
4 1287 1390 1457 1466
4 261 1370 1007 1606
4 563 1462 1380 1582
4 813 734 238 1657
4 1362 1429 1341 1733
4 255 751 1406 1591
4 792 972 1619 1646
4 915 1455 1376 1661
4 473 1431 1373 1539
4 1384 1469 1178 1658
4 909 1489 1563 1637
4 433 469 376 1555
4 1428 1579 1339 1729
4 936 846 1434 1637
4 742 494 888 1653
4 1381 1484 438 1580
4 1458 1473 1287 1642
4 389 455 269 1566
4 244 329 1416 1634
4 682 1392 1481 1682
4 713 616 1435 1592
4 1083 1313 1598 1623
4 1550 1591 1309 1608
4 307 1460 305 1657
4 945 1383 1455 1552
4 1349 1489 946 1637
4 1320 1443 1357 1573
4 685 1467 560 1470
4 443 1397 442 1474
4 1292 1412 1499 1562
4 1356 1488 1291 1573
4 1291 1370 1426 1525
4 305 1460 1378 1657
4 391 271 1152 1676
4 1152 1017 391 1676
4 1294 1597 1532 1723
4 1368 1435 1282 1592
4 930 1390 1472 1576
4 407 879 1399 1634
4 1187 1458 1228 1495
4 1076 1448 1382 1560
4 1292 1498 1412 1562
4 1416 1634 329 1703
4 1203 1494 1392 1682
4 304 1499 1310 1686
4 932 1327 1565 1712
4 1387 1458 1228 1553
4 311 1461 309 1661
4 947 960 1398 1475
4 1236 1494 1203 1682
4 737 241 403 1647
4 403 875 737 1647
4 1378 1485 305 1670
4 1151 1477 1355 1719
4 806 807 1457 1653
4 591 1339 495 1667
4 1288 1480 1388 1630
4 1219 1559 1032 1602
4 1402 1478 696 1501
4 311 1376 1461 1661
4 1110 1458 1137 1676
4 907 761 651 1644
4 651 489 907 1644
4 851 853 852 1587
4 437 1461 1381 1561
4 300 305 1485 1670
4 448 449 1396 1476
4 1377 1457 807 1653
4 450 1330 1466 1671
4 722 544 1372 1505
4 277 396 1153 1643
4 1022 1153 396 1643
4 379 1007 261 1623
4 1367 1445 1293 1578
4 1293 1445 1367 1577
4 1355 1513 705 1536
4 961 1479 1399 1510
4 706 1366 1500 1628
4 814 1480 1378 1670
4 1137 1458 1385 1676
4 1213 1648 1409 1707
4 1382 1460 434 1560
4 1306 1468 1381 1666
4 440 439 316 1450
4 1284 1453 1384 1465
4 862 1425 949 1621
4 940 825 956 1449
4 1096 1012 385 1407
4 266 385 1012 1407
4 963 931 1388 1480
4 1301 1402 1492 1656
4 1579 1642 1339 1729
4 1192 1244 1065 1426
4 458 1433 354 1632
4 1292 1627 1404 1713
4 362 1506 1527 1734
4 1485 1562 1338 1630
4 540 1325 1529 1721
4 463 364 1326 1527
4 639 1162 1387 1584
4 384 1010 1095 1408
4 384 264 1010 1408
4 1321 1317 1546 1689
4 684 1470 1334 1660
4 595 597 1444 1590
4 304 1310 1596 1686
4 546 757 529 1709
4 468 1538 1343 1705
4 1120 273 1396 1668
4 275 1127 1397 1669
4 1137 1385 1495 1671
4 635 515 707 1673
4 940 911 825 1454
4 915 1376 1483 1672
4 466 370 1487 1595
4 1374 1449 910 1454
4 1318 1327 1545 1688
4 424 433 477 1356
4 936 1434 1363 1633
4 1304 1470 1455 1567
4 317 1450 1374 1453
4 1074 1382 1076 1494
4 566 688 689 1459
4 258 1379 754 1543
4 1137 1495 1142 1671
4 671 1440 550 1617
4 440 316 318 1453
4 1135 1468 1381 1580
4 1317 695 1501 1635
4 311 1484 1376 1672
4 945 1455 937 1552
4 600 1589 705 1628
4 1212 1497 1352 1620
4 859 870 1591 1608
4 242 772 1395 1706
4 558 685 560 1470
4 1394 1478 1329 1479
4 483 1524 1324 1720
4 915 1483 822 1672
4 256 1646 1345 1716
4 1335 1657 309 1661
4 1170 1468 1386 1471
4 1221 1495 1387 1584
4 1383 1467 561 1662
4 1282 1437 1368 1593
4 313 1484 311 1672
4 1297 1588 1481 1617
4 309 1335 307 1657
4 770 899 973 1393
4 1227 1228 1458 1553
4 1286 1432 1428 1579
4 1219 1247 1245 1725
4 1203 1080 1078 1448
4 945 826 1455 1483
4 365 364 1527 1728
4 950 1558 1421 1711
4 986 1496 1003 1605
4 632 1035 512 1515
4 1035 1156 512 1515
4 633 1158 1036 1516
4 1158 633 514 1516
4 717 1427 1365 1602
4 1297 1388 1480 1630
4 807 929 1472 1667
4 1338 1480 1378 1485
4 341 1482 1390 1576
4 1134 1381 278 1580
4 1419 1579 1302 1648
4 439 1384 440 1658
4 256 1345 475 1716
4 553 1447 1388 1481
4 1314 898 1540 1629
4 289 284 287 1541
4 437 436 1461 1561
4 483 423 482 1524
4 653 886 1398 1674
4 1062 1424 1059 1708
4 565 1459 1380 1462
4 815 1657 1335 1661
4 966 1457 810 1472
4 594 592 702 1428
4 1077 1448 1076 1560
4 815 1335 819 1661
4 651 1380 761 1582
4 1167 644 525 1645
4 564 688 566 1462
4 553 1388 548 1481
4 933 1421 1357 1619
4 1107 268 387 1410
4 1107 1014 268 1410
4 1284 1462 1389 1469
4 1457 1466 1303 1572
4 609 611 1413 1436
4 1190 1381 1468 1471
4 435 434 1460 1560
4 950 1342 1537 1711
4 1384 1465 1130 1469
4 1214 1365 1446 1583
4 496 1364 744 1557
4 1317 1501 695 1689
4 1335 815 1451 1657
4 706 600 705 1628
4 1300 1459 1389 1659
4 613 615 1414 1435
4 961 964 1399 1479
4 681 1559 1320 1602
4 1319 1568 1069 1618
4 697 696 1402 1478
4 461 1506 1350 1726
4 807 1457 1377 1472
4 876 405 1395 1641
4 1298 1448 1334 1471
4 1202 1334 1471 1660
4 1351 1504 938 1722
4 934 1383 945 1662
4 1294 1513 1444 1589
4 756 248 410 1405
4 1201 1497 1151 1536
4 297 377 475 1345
4 1222 1317 1509 1635
4 1224 1508 1318 1636
4 248 756 842 1405
4 1277 1517 1319 1528
4 1289 1609 1393 1624
4 1320 1291 1426 1443
4 962 1542 1412 1720
4 437 1461 312 1484
4 434 303 1460 1485
4 1234 1401 1491 1508
4 1210 1492 1402 1509
4 1365 1441 1278 1583
4 1197 1528 1253 1627
4 644 1389 1167 1586
4 604 1500 602 1673
4 1398 1475 960 1680
4 1461 1471 1298 1567
4 902 858 1556 1621
4 1344 1458 1385 1482
4 451 1466 338 1482
4 1296 1526 1411 1527
4 1382 1448 1076 1494
4 692 1318 1512 1636
4 1011 1095 1175 1651
4 1353 1464 347 1601
4 1285 1492 1402 1656
4 1318 1508 1224 1684
4 1222 1509 1317 1685
4 661 603 1519 1633
4 699 1473 1387 1553
4 691 1493 1401 1512
4 628 1325 540 1505
4 1288 1447 1388 1451
4 966 1457 1390 1564
4 1356 1514 1420 1555
4 814 1451 1378 1480
4 1279 1544 1348 1603
4 1319 1404 1627 1713
4 1217 1131 1216 1465
4 692 1512 1318 1688
4 442 1474 1397 1679
4 1214 1446 1205 1583
4 1197 1070 1252 1627
4 606 1531 708 1578
4 1100 1225 1530 1577
4 1354 1600 1433 1650
4 1056 1340 1452 1730
4 1233 1448 1334 1652
4 1056 1638 1340 1730
4 923 1480 814 1670
4 339 1390 1466 1564
4 1027 432 1404 1618
4 786 1393 1429 1609
4 327 325 1641 1664
4 603 1519 1349 1531
4 1177 1235 1206 1614
4 1207 1441 1365 1583
4 1316 331 1502 1634
4 682 554 551 1447
4 1234 1401 1231 1491
4 1209 1402 1210 1492
4 926 744 1364 1723
4 430 1371 295 1646
4 737 241 1374 1581
4 691 690 1401 1493
4 495 1339 1557 1667
4 1067 1027 432 1404
4 1365 1446 1295 1616
4 1393 1624 1609 1721
4 1388 1480 931 1588
4 963 1451 818 1480
4 470 434 1382 1485
4 927 762 965 1363
4 1292 1412 1498 1542
4 1361 1548 455 1601
4 379 1082 1007 1623
4 1316 1502 331 1703
4 699 586 698 1463
4 1464 1547 1361 1601
4 921 1324 979 1720
4 1447 1451 1288 1654
4 1292 1400 1440 1717
4 1371 1607 1533 1640
4 451 338 340 1482
4 482 423 1499 1524
4 1310 1337 1562 1630
4 948 1557 1339 1667
4 1279 1354 1434 1600
4 559 1470 1383 1552
4 1388 1447 553 1554
4 806 1457 1329 1653
4 887 655 1394 1665
4 1344 1430 453 1696
4 589 1339 591 1667
4 1363 1434 1349 1633
4 433 1356 424 1606
4 1170 1230 1468 1471
4 1169 1333 1199 1649
4 873 874 1394 1479
4 1396 1476 449 1678
4 468 1514 1343 1727
4 1244 1007 1082 1623
4 559 1467 1383 1470
4 331 1634 1316 1703
4 1190 1381 1471 1561
4 307 1335 1460 1657
4 822 1328 823 1672
4 313 315 1328 1672
4 1074 1382 1494 1596
4 1092 1226 1437 1593
4 379 261 474 1623
4 970 1393 1675 1733
4 1080 1076 1448 1494
4 1339 589 1473 1667
4 1430 1548 453 1696
4 468 467 1487 1538
4 942 950 1486 1537
4 971 769 897 1391
4 1354 1532 867 1613
4 1360 1503 1433 1632
4 1363 1500 1279 1589
4 1494 1596 1310 1615
4 1464 1566 1312 1650
4 1323 1508 1397 1511
4 938 1504 1351 1698
4 1271 1269 1517 1570
4 1320 1441 1356 1573
4 581 583 1394 1478
4 699 700 1473 1553
4 1335 309 1461 1661
4 461 1350 1506 1699
4 1409 701 1707 1729
4 819 1335 1455 1661
4 948 1432 1339 1557
4 1289 1529 1393 1732
4 1361 1430 1419 1548
4 1355 1536 705 1628
4 1170 1240 1230 1471
4 1045 1167 525 1645
4 553 551 1447 1481
4 951 1432 1364 1597
4 1377 1463 587 1473
4 1354 351 1464 1650
4 1303 1466 1330 1572
4 258 471 968 1607
4 853 851 1504 1587
4 569 571 1398 1493
4 1327 1507 1398 1512
4 618 714 715 1592
4 1208 1094 1205 1593
4 1385 1458 1137 1495
4 1176 1614 1407 1651
4 1227 1553 1458 1648
4 902 1556 1425 1621
4 424 1488 1370 1606
4 1055 1005 1195 1418
4 1204 1615 1337 1683
4 463 462 362 1407
4 709 1445 1367 1578
4 1220 1367 1445 1577
4 1314 1609 1624 1721
4 1328 1647 823 1672
4 315 1647 1328 1672
4 1151 1355 1477 1628
4 646 1649 1386 1660
4 1064 1426 1065 1598
4 687 1333 686 1649
4 1348 1544 1433 1632
4 946 1519 1349 1633
4 877 1641 1507 1712
4 280 1382 1075 1596
4 339 1466 337 1564
4 1333 1645 1199 1649
4 873 1479 1394 1681
4 621 1522 1342 1711
4 811 1457 966 1564
4 1372 1525 1426 1598
4 994 1452 1193 1724
4 1153 1643 1384 1658
4 1115 1116 1396 1492
4 1140 1141 1397 1491
4 1086 1420 1181 1705
4 938 1489 941 1519
4 460 1490 461 1520
4 1456 1619 1345 1646
4 1330 1303 1572 1656
4 1259 1277 1319 1568
4 459 1490 460 1520
4 941 1489 946 1519
4 1291 1345 1456 1573
4 657 1653 1377 1667
4 369 1556 1359 1595
4 277 1384 1643 1658
4 1359 858 1550 1621
4 738 490 1398 1680
4 1303 1457 1329 1479
4 1339 1473 589 1729
4 1362 1569 1340 1691
4 1357 1427 1421 1558
4 362 1407 462 1506
4 678 505 897 1391
4 453 1430 454 1548
4 1376 1455 915 1483
4 380 476 1623 1640
4 1411 1527 365 1655
4 1364 1432 951 1557
4 963 1451 1388 1554
4 543 1443 1391 1551
4 1322 1502 1396 1509
4 687 1645 1333 1649
4 993 918 1496 1541
4 1190 1468 1230 1471
4 946 936 1633 1637
4 795 1498 1400 1709
4 685 1467 1386 1649
4 559 557 1470 1552
4 962 1498 1412 1542
4 1048 1392 1652 1682
4 921 1324 1535 1542
4 721 1403 1569 1732
4 1319 1627 1369 1713
4 696 1478 582 1501
4 778 784 782 1541
4 1335 1461 1298 1567
4 472 778 284 1543
4 623 625 1558 1639
4 1320 1602 1427 1639
4 721 1529 1403 1732
4 1368 1435 713 1515
4 1434 1503 1360 1637
4 743 1557 948 1667
4 1394 1478 583 1681
4 400 1657 1378 1670
4 1378 1460 305 1485
4 1321 1501 1394 1510
4 291 1431 473 1539
4 710 1436 1367 1516
4 339 1466 1390 1482
4 555 553 1447 1554
4 569 1493 1398 1680
4 715 1522 1446 1616
4 1313 1533 1623 1640
4 587 1463 586 1473
4 1313 1525 1325 1598
4 1164 1415 1223 1635
4 1165 1215 1415 1636
4 641 694 1415 1635
4 642 1415 693 1636
4 1190 1471 1179 1561
4 1187 1137 1458 1495
4 1312 1464 1361 1566
4 1315 1507 1641 1712
4 454 455 1548 1601
4 548 1481 1388 1588
4 1280 1381 1468 1666
4 821 1661 1376 1672
4 402 1376 1661 1672
4 1086 1441 1420 1725
4 703 1536 1513 1702
4 946 846 936 1637
4 392 1018 1396 1678
4 395 1397 1021 1679
4 858 1359 1556 1621
4 311 1461 1376 1484
4 625 1551 1357 1639
4 1187 1113 1228 1458
4 1375 361 1585 1726
4 559 560 1467 1470
4 794 1400 795 1498
4 1400 1542 794 1626
4 807 810 1457 1472
4 587 1463 1377 1653
4 1115 1492 1396 1678
4 1397 1491 1141 1679
4 1338 1562 1480 1630
4 1197 1369 1053 1528
4 1386 1649 1171 1660
4 1514 1604 1343 1727
4 409 1390 755 1576
4 1299 1515 1437 1614
4 686 1467 685 1649
4 851 1375 1585 1722
4 592 1409 702 1428
4 401 309 1657 1661
4 1110 1344 1458 1676
4 377 1345 297 1555
4 953 942 1486 1537
4 1438 1516 1299 1614
4 467 466 1487 1538
4 1588 1617 1297 1709
4 901 1425 902 1556
4 470 1485 1382 1596
4 863 255 751 1716
4 1386 1468 1170 1649
4 1357 1456 1345 1573
4 1292 1324 1542 1713
4 451 450 338 1466
4 323 321 1395 1474
4 401 309 307 1657
4 1319 1524 1404 1713
4 828 829 1395 1475
4 333 1399 335 1476
4 924 1416 739 1641
4 1414 1425 949 1625
4 684 685 558 1470
4 836 1432 1405 1731
4 1357 1456 1391 1551
4 961 904 1479 1510
4 897 1391 505 1540
4 682 1481 718 1682
4 1415 1635 694 1689
4 693 1636 1415 1688
4 972 1345 1646 1716
4 818 1451 814 1480
4 1325 1525 1372 1598
4 888 1377 1653 1667
4 1223 1635 1415 1685
4 1415 1636 1215 1684
4 1369 1417 1292 1627
4 788 1607 789 1609
4 1217 1132 1131 1469
4 914 1657 815 1661
4 926 967 744 1723
4 683 554 682 1447
4 1302 1473 1458 1642
4 1284 1389 1459 1659
4 1364 1428 593 1590
4 683 684 1334 1660
4 826 915 1455 1483
4 813 1378 1657 1670
4 1320 1278 1441 1573
4 621 1427 623 1558
4 914 815 819 1661
4 702 592 701 1409
4 585 1463 587 1653
4 1375 1587 1296 1718
4 945 826 820 1455
4 369 367 1556 1595
4 1302 1579 1428 1729
4 1110 1458 1344 1648
4 1340 1452 997 1724
4 1399 1479 964 1631
4 1395 1475 829 1507
4 1308 1576 1405 1731
4 1359 1550 1486 1621
4 1169 1170 1468 1649
4 257 1371 430 1646
4 971 1391 791 1456
4 351 1464 349 1518
4 1064 1426 1372 1559
4 1374 1284 1450 1574
4 1374 1449 1284 1574
4 1360 1490 1311 1563
4 1311 1489 1360 1563
4 1343 1441 1420 1583
4 724 1325 628 1677
4 1299 1436 1438 1718
4 1385 1482 451 1676
4 1212 1497 1201 1536
4 1298 1335 1567 1654
4 349 1464 347 1518
4 1234 1491 1189 1508
4 1313 1539 1424 1624
4 1117 1492 1210 1509
4 1302 1642 1579 1729
4 256 752 1646 1716
4 940 1454 1380 1644
4 589 591 1339 1729
4 1375 1506 361 1726
4 1151 1536 1355 1628
4 1369 1692 669 1714
4 440 1384 1453 1643
4 333 1399 1476 1502
4 1348 1433 1410 1632
4 1281 1718 1375 1734
4 959 1451 963 1554
4 528 1652 1392 1682
4 1444 1513 1294 1590
4 323 1474 1395 1511
4 1245 1066 1064 1426
4 1130 1384 1178 1658
4 1356 1441 1278 1573
4 898 1391 971 1540
4 1353 1597 1405 1704
4 1278 1406 1555 1573
4 1279 1500 1349 1544
4 500 892 764 1413
4 764 662 500 1413
4 570 1493 691 1512
4 1298 1448 1382 1460
4 851 1504 1375 1722
4 1309 1604 1514 1727
4 1332 960 1475 1680
4 1233 1334 1202 1660
4 442 1331 1474 1679
4 699 588 586 1473
4 648 1388 758 1588
4 468 1343 1514 1705
4 1282 1411 1359 1425
4 943 1421 950 1558
4 766 893 664 1414
4 501 664 893 1414
4 443 1397 1474 1511
4 1213 1112 1211 1409
4 559 1383 561 1662
4 588 587 586 1473
4 697 1478 1402 1695
4 1349 1633 1434 1637
4 1147 1151 1497 1719
4 1309 1343 1604 1727
4 303 305 1460 1485
4 697 582 696 1478
4 448 1476 1396 1502
4 1088 1086 1441 1583
4 452 451 1482 1676
4 916 1391 1456 1551
4 1204 1417 1615 1683
4 1252 1053 1369 1714
4 1078 1080 1076 1448
4 355 1563 357 1632
4 683 1334 1652 1660
4 311 312 1461 1484
4 265 464 384 1651
4 1393 1362 1675 1733
4 1297 1481 1388 1630
4 458 354 459 1632
4 1373 1431 473 1622
4 583 1329 585 1681
4 806 1329 873 1681
4 705 1513 1355 1589
4 1369 1440 669 1717
4 940 1380 956 1582
4 1006 1081 1246 1539
4 775 1394 493 1681
4 424 296 474 1488
4 1304 1451 1447 1654
4 1187 1137 1113 1458
4 1142 1330 1115 1678
4 1129 1141 1331 1679
4 569 567 1332 1680
4 1338 939 1498 1693
4 1325 724 1529 1708
4 671 550 547 1617
4 1101 1097 1176 1438
4 437 1381 438 1580
4 688 1389 1462 1645
4 1098 1102 1520 1530
4 605 607 1519 1531
4 391 1671 1385 1676
4 936 1363 1434 1613
4 696 580 695 1501
4 1385 1671 1017 1676
4 1323 1511 444 1664
4 971 1391 898 1629
4 1093 1175 1091 1437
4 1570 1612 1336 1717
4 1330 1466 1303 1476
4 1204 1337 1236 1682
4 306 434 303 1460
4 716 1446 1365 1616
4 708 1445 709 1578
4 1220 1445 1225 1577
4 437 310 312 1461
4 1353 1547 1464 1601
4 935 1454 940 1644
4 947 1475 1398 1507
4 1341 1541 287 1663
4 910 1449 1374 1647
4 851 1375 852 1610
4 1369 669 1570 1717
4 440 1453 441 1643
4 602 706 707 1366
4 1304 1383 1455 1470
4 1374 1450 317 1647
4 635 707 1366 1673
4 792 1619 1456 1646
4 954 957 1634 1687
4 1292 1404 1524 1713
4 259 286 427 1418
4 1231 1491 1401 1694
4 866 867 1518 1532
4 1299 1437 1435 1526
4 1282 1435 1437 1526
4 1402 1492 1209 1695
4 343 345 344 1430
4 1342 1421 1278 1427
4 1053 676 1692 1714
4 1361 1497 1312 1566
4 1401 1493 690 1694
4 966 808 810 1457
4 1226 1368 1156 1515
4 1158 1367 1218 1516
4 713 512 1368 1515
4 710 1367 514 1516
4 1360 1544 1434 1637
4 966 1390 930 1576
4 906 972 1345 1619
4 722 1372 628 1505
4 1377 1457 1329 1572
4 1303 1457 1390 1466
4 1302 1648 1553 1707
4 449 1330 450 1678
4 441 1331 442 1679
4 960 1332 935 1680
4 910 1374 900 1581
4 319 1374 317 1581
4 961 957 804 1510
4 1069 1253 1196 1568
4 971 1391 897 1540
4 1233 1203 1078 1448
4 820 826 915 1455
4 447 1322 1502 1668
4 1291 1426 1372 1525
4 1337 1481 718 1617
4 946 763 1519 1633
4 706 1366 602 1500
4 1330 449 1476 1678
4 591 1557 1339 1729
4 1304 1388 1447 1451
4 1302 1387 1458 1473
4 921 1594 1324 1720
4 1217 1469 1389 1645
4 1325 1424 1289 1624
4 1313 1424 1325 1624
4 707 602 1366 1673
4 1214 1205 1182 1583
4 1377 1329 1463 1572
4 1345 1573 1406 1619
4 1337 1615 1417 1683
4 372 468 1487 1727
4 1331 441 1453 1643
4 1298 1461 1381 1471
4 935 1332 1454 1644
4 630 1365 1033 1602
4 1419 1548 1185 1620
4 1345 1291 1488 1573
4 754 258 968 1607
4 636 705 1536 1628
4 1370 1065 1426 1598
4 1253 1319 1069 1627
4 1380 1459 565 1644
4 1233 1652 1334 1660
4 688 1462 687 1645
4 1405 1432 836 1597
4 980 1535 920 1612
4 312 438 437 1484
4 1375 1504 1311 1722
4 444 1511 1323 1669
4 934 826 945 1483
4 477 1356 433 1555
4 1320 1356 1441 1725
4 909 1563 845 1637
4 335 1476 1399 1631
4 1053 1692 1369 1714
4 1408 1595 1411 1728
4 519 699 639 1387
4 1039 1162 1228 1387
4 873 1329 1479 1681
4 1345 1456 1357 1619
4 689 1389 688 1586
4 591 1428 1557 1729
4 1395 1474 321 1706
4 1189 1234 1231 1491
4 1117 1209 1210 1492
4 437 278 398 1381
4 1130 1465 1384 1643
4 1204 1337 1682 1683
4 828 1475 1395 1706
4 691 570 690 1493
4 699 1387 698 1584
4 1228 1221 1387 1584
4 948 1339 929 1667
4 939 1338 923 1693
4 1228 1221 1187 1495
4 1207 1088 1441 1583
4 1324 1524 1412 1720
4 1006 260 1539 1623
4 1333 687 1462 1645
4 1135 1381 1190 1580
4 1279 1354 1433 1434
4 1391 1540 898 1629
4 1371 1488 295 1646
4 1226 1437 1368 1515
4 1279 1433 1354 1600
4 823 1449 910 1647
4 637 1409 1160 1702
4 1308 1579 1482 1642
4 345 1430 1405 1601
4 315 317 1450 1647
4 1367 1438 1218 1516
4 565 563 1380 1582
4 961 904 964 1479
4 918 782 1496 1541
4 1445 1531 708 1673
4 1342 1522 621 1616
4 378 473 1373 1539
4 1310 1562 1485 1630
4 1327 573 1512 1674
4 1322 1442 1422 1571
4 686 1333 1467 1649
4 1309 1486 1359 1550
4 1359 1487 1309 1550
4 483 420 1324 1524
4 1311 1506 1375 1726
4 300 1338 299 1693
4 1455 1567 1335 1654
4 1190 1230 1240 1471
4 1520 1530 1104 1697
4 602 1500 1366 1673
4 1056 1452 1340 1724
4 1359 1411 1282 1595
4 1431 1539 291 1640
4 1351 1599 1504 1722
4 1347 1295 1549 1592
4 1258 1534 422 1568
4 306 303 305 1460
4 717 1365 1427 1616
4 867 1434 844 1503
4 955 1507 1327 1712
4 1217 1199 1469 1645
4 310 311 312 1461
4 1276 1261 1269 1517
4 463 1326 364 1728
4 1259 1517 1261 1534
4 1405 1601 1353 1704
4 954 773 1416 1634
4 1362 1521 535 1675
4 1123 1323 1508 1669
4 1322 1138 1509 1668
4 1062 1061 1059 1424
4 486 648 553 1388
4 1076 1382 1074 1596
4 644 1389 688 1645
4 1295 1523 1446 1583
4 1321 1423 1290 1439
4 559 558 560 1470
4 1345 1488 1356 1573
4 839 1353 1532 1704
4 661 1519 763 1633
4 567 565 1459 1644
4 940 1380 761 1644
4 1217 1389 1216 1586
4 1053 1528 1369 1692
4 277 1384 440 1643
4 419 1254 1262 1534
4 454 1548 1430 1601
4 534 1569 1452 1611
4 341 1390 339 1576
4 1210 1222 1118 1509
4 1224 1234 1126 1508
4 1281 1438 1436 1718
4 695 1635 1317 1689
4 1323 1422 1290 1442
4 569 1332 1493 1680
4 1115 1330 1492 1678
4 1331 1141 1491 1679
4 1286 1353 1547 1597
4 1281 1504 1375 1718
4 1344 452 1482 1676
4 972 1646 752 1716
4 963 816 818 1451
4 1329 583 1478 1681
4 1288 1388 1481 1630
4 1318 1636 692 1688
4 1298 1567 1448 1654
4 625 545 723 1639
4 1279 1477 1366 1603
4 1192 1370 1426 1606
4 1199 1333 1469 1645
4 1129 1465 1130 1643
4 1278 1406 1514 1555
4 1304 1447 1567 1654
4 1490 1563 1360 1632
4 1504 1587 1375 1718
4 1236 1337 1494 1682
4 913 794 1542 1626
4 1279 1434 1360 1544
4 1289 1379 1429 1609
4 1134 1190 1024 1381
4 1317 1635 1222 1685
4 1224 1636 1318 1684
4 1419 1548 1430 1696
4 1340 1638 1056 1724
4 736 823 1647 1672
4 240 1647 315 1672
4 1419 1430 1344 1696
4 1339 1557 1428 1729
4 1328 822 1483 1672
4 409 339 246 1390
4 553 551 554 1447
4 883 963 758 1388
4 313 1328 1484 1672
4 1337 1617 1562 1630
4 603 1500 1349 1633
4 257 1371 753 1607
4 353 1433 351 1503
4 579 1321 1501 1665
4 1360 1563 1489 1637
4 1345 1555 1406 1573
4 1025 1076 1075 1382
4 692 572 691 1512
4 1207 1441 1219 1602
4 1199 1645 1168 1649
4 955 1327 1507 1674
4 687 645 1645 1649
4 839 1532 1518 1704
4 1287 1377 1463 1572
4 1332 1575 1475 1659
4 1287 1457 1377 1572
4 1304 1567 1455 1654
4 1217 1389 1167 1645
4 533 534 1452 1611
4 921 1535 1324 1594
4 850 851 748 1375
4 361 414 252 1375
4 839 1532 1353 1597
4 929 1339 1472 1667
4 1303 1479 1572 1656
4 448 334 1476 1502
4 1307 1453 1331 1474
4 753 430 922 1646
4 358 461 1490 1726
4 923 1338 1480 1670
4 1513 1536 1352 1702
4 443 1474 322 1511
4 1379 1609 1289 1624
4 399 280 434 1382
4 644 688 525 1645
4 1475 1575 1307 1659
4 1397 1283 1491 1575
4 1294 1354 1600 1613
4 907 940 761 1644
4 1370 1488 1356 1606
4 1282 1435 1368 1437
4 1142 1671 1330 1678
4 938 912 1489 1722
4 1522 1537 1342 1711
4 807 810 808 1457
4 1356 1488 1345 1555
4 1308 1432 1339 1731
4 1397 1474 1283 1575
4 1169 1468 1333 1649
4 277 440 396 1643
4 901 1425 1296 1625
4 1367 1436 1281 1438
4 984 994 1193 1724
4 1406 1421 864 1619
4 801 1510 1321 1665
4 823 1328 1449 1647
4 1083 1246 1061 1598
4 1269 1535 1336 1612
4 315 1450 1328 1647
4 1462 1574 1305 1666
4 1330 1142 1495 1671
4 801 1321 1510 1687
4 344 342 343 1430
4 452 1344 453 1696
4 1279 1433 1360 1434
4 1343 1583 1295 1604
4 1238 636 1536 1628
4 1333 1574 1462 1666
4 533 1452 991 1611
4 1238 1536 1151 1628
4 1312 1464 1354 1600
4 1285 1316 1510 1546
4 830 1475 947 1507
4 671 1400 547 1709
4 245 1399 741 1631
4 1338 300 1485 1670
4 1336 1612 913 1626
4 939 1412 962 1498
4 589 591 495 1667
4 594 593 1428 1590
4 1357 1421 1278 1573
4 806 1653 1329 1681
4 1317 1285 1501 1546
4 548 1388 553 1588
4 1343 1538 1523 1705
4 1329 1653 585 1681
4 1012 266 1407 1699
4 818 816 814 1451
4 333 1476 334 1502
4 1328 1449 1305 1483
4 628 1325 1505 1677
4 1315 1283 1507 1545
4 264 1010 1408 1701
4 687 686 645 1649
4 1306 1450 1328 1484
4 1384 1453 1331 1465
4 1289 1429 1393 1609
4 299 1338 1499 1693
4 609 610 611 1436
4 1292 1417 1404 1627
4 419 1534 1262 1594
4 1305 1462 1333 1467
4 1207 1365 1441 1602
4 1346 1595 1408 1701
4 585 1329 1463 1653
4 1296 1425 1411 1526
4 1399 1510 1316 1634
4 1352 1620 1409 1702
4 1283 1318 1512 1545
4 1317 1501 1402 1635
4 361 1506 1375 1527
4 947 1398 960 1680
4 613 614 615 1435
4 1338 1670 923 1693
4 1059 1424 1403 1708
4 1332 567 1459 1644
4 704 1513 703 1536
4 1283 1315 1511 1545
4 1290 1423 1327 1439
4 755 925 966 1390
4 448 1396 449 1678
4 442 1397 443 1679
4 1129 1331 1465 1643
4 829 1475 830 1507
4 1336 913 1542 1626
4 753 257 430 1646
4 1316 1502 1399 1634
4 1285 1317 1509 1546
4 1305 1574 1483 1666
4 1318 1283 1508 1545
4 1423 1439 1321 1565
4 704 705 1513 1536
4 470 1382 434 1596
4 421 1534 1524 1568
4 1315 1507 1395 1641
4 1338 1480 1297 1498
4 581 1394 583 1681
4 1146 1497 1566 1719
4 1343 1487 1309 1604
4 1292 1404 1499 1524
4 1430 1548 1361 1601
4 1316 1285 1502 1546
4 347 1464 348 1601
4 567 1644 1332 1680
4 1129 1331 1643 1679
4 635 1038 1366 1628
4 1364 1428 1286 1432
4 945 820 937 1455
4 1113 1227 1228 1458
4 873 1394 874 1681
4 323 322 1474 1511
4 963 1388 931 1588
4 569 1398 571 1680
4 322 443 442 1474
4 936 1434 848 1613
4 361 1527 1375 1610
4 1292 1542 1336 1713
4 248 1405 842 1704
4 614 616 615 1435
4 909 1563 1489 1722
4 610 609 608 1436
4 1489 1544 1360 1637
4 1379 1607 788 1609
4 736 822 823 1672
4 313 240 315 1672
4 1101 1099 1097 1438
4 1331 1465 1300 1491
4 1092 1093 1091 1437
4 1207 1087 1219 1441
4 1293 1348 1544 1603
4 437 436 310 1461
4 357 1490 1563 1726
4 1289 1393 1529 1721
4 1330 1671 450 1678
4 837 1432 836 1731
4 1317 1321 1501 1689
4 1345 1357 1573 1619
4 1389 1462 1333 1469
4 1212 1148 1497 1620
4 1290 1422 1322 1442
4 1318 1323 1508 1684
4 1322 1317 1509 1685
4 947 830 960 1475
4 1307 1575 1453 1659
4 1327 1318 1512 1688
4 1395 1511 1315 1641
4 1169 1199 1168 1649
4 387 1107 1410 1697
4 1294 1352 1547 1590
4 950 861 1486 1608
4 993 1496 1003 1541
4 1116 1115 1396 1678
4 1140 1397 1141 1679
4 463 1651 1326 1728
4 660 762 1363 1633
4 1281 1436 1413 1718
4 1297 1480 1562 1630
4 1412 1498 939 1693
4 1320 1426 1356 1725
4 1391 1443 1357 1551
4 1526 1527 1296 1718
4 541 1393 1540 1721
4 1527 1718 1526 1734
4 874 1394 1479 1510
4 295 430 257 1371
4 581 1478 1394 1501
4 1293 1578 1351 1599
4 1410 1477 1348 1603
4 1067 1068 1027 1404
4 448 334 449 1476
4 1311 1489 1351 1599
4 597 1513 598 1589
4 864 1421 1406 1608
4 1398 1493 571 1512
4 835 836 1405 1731
4 1236 1080 1203 1494
4 482 423 302 1499
4 1140 1491 1397 1508
4 1396 1492 1116 1509
4 456 1566 1650 1690
4 1329 1463 1301 1478
4 1320 1357 1443 1639
4 1413 1504 1281 1718
4 1351 1311 1599 1722
4 306 435 434 1460
4 1352 1547 1286 1620
4 860 1486 859 1621
4 424 1370 474 1606
4 678 1391 769 1551
4 1553 1707 700 1729
4 961 804 904 1510
4 295 1488 1371 1533
4 474 1370 1533 1623
4 1204 1682 1173 1683
4 963 818 931 1480
4 1062 1677 1325 1708
4 1081 1006 260 1539
4 1504 1599 1311 1722
4 1493 1575 1332 1659
4 863 418 255 1716
4 1402 1509 1317 1635
4 1318 1508 1401 1636
4 596 1513 597 1590
4 1348 1293 1530 1603
4 1333 1462 1305 1666
4 377 475 1345 1716
4 713 1435 712 1515
4 903 949 1425 1625
4 1086 1420 1085 1725
4 1407 1506 1350 1699
4 290 1431 291 1640
4 711 1436 710 1516
4 300 1670 1338 1693
4 363 1527 361 1610
4 1337 718 1481 1682
4 1252 1627 1070 1714
4 1319 1528 1369 1627
4 552 1682 1337 1683
4 1300 1465 1575 1659
4 304 1404 1499 1686
4 1304 1447 1334 1567
4 495 1557 743 1667
4 1391 1505 542 1540
4 1379 1429 785 1543
4 629 1559 681 1602
4 712 1515 1435 1715
4 433 1356 1606 1735
4 1280 1470 1386 1567
4 1401 1512 1318 1636
4 1330 1572 1495 1656
4 1244 1370 1192 1606
4 470 303 434 1485
4 1306 1484 1574 1666
4 906 1345 972 1716
4 1310 1485 1338 1499
4 1302 1458 1579 1642
4 421 1568 1524 1618
4 580 696 582 1501
4 1298 1471 1334 1567
4 1379 1431 290 1640
4 1464 1518 1354 1532
4 916 971 791 1456
4 1278 1421 1342 1604
4 496 593 1364 1557
4 1361 1419 1286 1620
4 1280 1386 1471 1567
4 1469 1574 1333 1666
4 1258 282 422 1534
4 1332 1644 935 1680
4 629 1032 1559 1602
4 441 1643 1331 1679
4 1352 1294 1513 1590
4 1217 1167 1045 1645
4 1393 1609 1540 1721
4 1411 1425 1282 1526
4 1278 1342 1427 1604
4 971 1391 916 1551
4 614 712 713 1435
4 290 1431 1379 1543
4 1202 1240 1170 1471
4 1254 282 1258 1534
4 299 1499 1412 1693
4 1056 1193 1452 1724
4 710 711 610 1436
4 288 473 1431 1622
4 1366 1477 1239 1603
4 1400 1498 794 1542
4 909 1585 1563 1722
4 701 700 1707 1729
4 705 1589 1355 1628
4 1445 1531 1293 1578
4 1293 1530 1445 1577
4 722 1372 627 1677
4 1308 1339 1472 1731
4 1370 1313 1525 1533
4 930 966 810 1472
4 260 378 1081 1539
4 1386 1470 1334 1567
4 1102 1104 1520 1530
4 603 605 1519 1531
4 1563 1585 357 1726
4 606 708 709 1578
4 1220 1225 1100 1577
4 259 378 473 1373
4 1243 1081 1005 1373
4 299 423 1412 1499
4 1245 1426 1064 1559
4 1354 1312 1600 1650
4 869 1444 965 1613
4 658 496 744 1557
4 1295 1346 1549 1593
4 877 924 1641 1712
4 1218 1367 1220 1577
4 709 1367 710 1578
4 1540 1609 1314 1721
4 1334 1448 1298 1567
4 1386 1334 1471 1567
4 967 951 1364 1597
4 482 1499 302 1524
4 795 1400 794 1709
4 997 1004 1605 1724
4 811 808 966 1457
4 1351 1504 1413 1698
4 355 1360 1563 1632
4 1438 1718 1281 1734
4 1055 1056 1638 1724
4 803 954 924 1416
4 1301 1572 1478 1656
4 699 700 588 1473
4 296 1370 1488 1533
4 686 560 685 1467
4 371 1487 1550 1727
4 1214 1207 1365 1583
4 1306 1574 1469 1666
4 1067 1404 432 1686
4 1344 1676 1110 1696
4 538 1675 1393 1732
4 1300 1575 1493 1659
4 453 344 454 1430
4 1353 1286 1547 1601
4 668 1612 1570 1717
4 791 1456 1391 1629
4 1406 1591 864 1608
4 1409 1648 1302 1707
4 648 553 1388 1588
4 1325 1525 1313 1624
4 1314 1525 1325 1624
4 1295 1343 1523 1583
4 1302 1458 1553 1648
4 382 1008 1143 1420
4 458 1433 1410 1650
4 1343 1514 1278 1604
4 593 1428 1364 1557
4 1427 1604 1342 1616
4 611 1358 613 1710
4 935 911 940 1454
4 1244 1065 1370 1598
4 440 318 441 1453
4 959 816 963 1451
4 1283 1475 1395 1507
4 380 1623 1533 1640
4 1353 1518 1464 1532
4 1312 1354 1464 1650
4 658 744 889 1557
4 812 1412 298 1720
4 419 282 1254 1534
4 980 920 913 1612
4 1331 1474 1397 1575
4 1486 1549 1359 1621
4 869 1444 1613 1723
4 1500 1531 1349 1673
4 1248 478 999 1418
4 1283 1395 1474 1511
4 1331 1397 1491 1575
4 1068 1404 1615 1627
4 1360 845 1563 1637
4 713 1368 714 1592
4 1208 1368 1226 1593
4 1342 1604 1421 1608
4 1266 1570 667 1612
4 717 1427 622 1616
4 406 327 243 1416
4 839 866 1518 1532
4 427 478 1248 1418
4 611 613 1358 1715
4 290 1379 258 1543
4 754 1379 785 1543
4 244 329 406 1416
4 1285 1399 1479 1510
4 329 327 1416 1703
4 1219 1441 1087 1725
4 361 362 1506 1527
4 1359 1549 1487 1595
4 971 791 1391 1629
4 1003 1496 988 1605
4 1319 1534 1259 1568
4 486 1388 553 1554
4 796 1498 962 1542
4 1295 1347 1522 1592
4 582 1478 581 1501
4 1346 1295 1523 1593
4 1369 1292 1417 1440
4 372 468 467 1487
4 1329 1457 1303 1572
4 1350 1520 1490 1530
4 1489 1519 1351 1531
4 942 950 861 1486
4 1360 1433 1279 1544
4 1118 1117 1210 1509
4 1234 1189 1126 1508
4 1347 1537 1522 1700
4 1523 1538 1346 1701
4 1357 1320 1573 1639
4 258 1379 293 1607
4 754 788 1379 1607
4 429 1499 1404 1524
4 1281 1504 1351 1599
4 845 746 844 1503
4 355 353 250 1503
4 870 864 1591 1608
4 1325 1314 1624 1721
4 1495 1572 1301 1656
4 382 262 1008 1420
4 874 1479 904 1510
4 1348 1530 1520 1697
4 375 1591 1406 1727
4 1140 1189 1491 1508
4 1116 1492 1117 1509
4 1099 1098 1097 1577
4 607 608 609 1578
4 1297 1562 1617 1630
4 571 1493 570 1512
4 1135 1230 1190 1468
4 1403 1708 626 1730
4 1063 1372 1598 1677
4 1308 1472 1339 1642
4 1356 1426 1370 1606
4 1232 1366 1239 1603
4 523 691 643 1401
4 1166 1234 1043 1401
4 640 696 521 1402
4 1163 1041 1210 1402
4 951 1432 948 1557
4 688 564 687 1462
4 730 669 1440 1717
4 357 1563 251 1585
4 909 747 1563 1585
4 950 1421 871 1608
4 1201 1147 1151 1497
4 570 691 572 1512
4 1354 1294 1532 1613
4 724 1325 1677 1708
4 474 1370 296 1533
4 1186 1211 1112 1620
4 340 452 451 1482
4 392 273 448 1396
4 443 275 395 1397
4 744 1364 951 1557
4 1064 1066 1065 1426
4 1226 1235 1437 1515
4 1151 1477 1239 1628
4 578 695 1501 1689
4 1285 1476 1399 1502
4 1124 1224 1508 1684
4 1222 1188 1509 1685
4 1285 1478 1402 1501
4 1308 1430 1344 1579
4 1218 1438 1206 1516
4 1298 1460 1335 1654
4 1341 287 1622 1663
4 1074 1596 1615 1686
4 1425 1556 1359 1621
4 683 1652 527 1660
4 1336 1535 1517 1713
4 1345 1291 1456 1488
4 1263 920 1535 1612
4 1334 1470 1304 1567
4 484 1692 676 1714
4 1351 1489 1311 1722
4 1351 1293 1531 1578
4 1293 1350 1530 1577
4 1225 1159 1232 1445
4 741 879 961 1399
4 886 947 738 1398
4 713 616 614 1435
4 1490 1520 1348 1530
4 1349 1519 1489 1531
4 333 407 1399 1634
4 1350 1577 1293 1599
4 620 1522 715 1616
4 574 1512 692 1688
4 921 1535 980 1542
4 610 608 710 1436
4 490 571 653 1398
4 1285 1402 1492 1509
4 1283 1491 1401 1508
4 1164 1042 1223 1415
4 641 694 522 1415
4 1165 1215 1042 1415
4 642 522 693 1415
4 836 1432 837 1597
4 1353 839 1597 1704
4 1346 466 1595 1701
4 409 339 1390 1576
4 452 1676 1344 1696
4 1319 1618 1069 1627
4 677 1440 1369 1714
4 1283 1401 1493 1512
4 953 862 949 1621
4 1130 1132 1178 1469
4 339 246 1390 1564
4 963 1388 883 1554
4 1312 1477 1410 1719
4 951 837 948 1432
4 1304 1447 1388 1554
4 1244 1007 1370 1606
4 1294 1513 1589 1600
4 552 718 1337 1682
4 1388 1451 1304 1554
4 909 905 1585 1722
4 344 1430 345 1601
4 1243 1373 1055 1638
4 1324 1534 420 1594
4 1289 1429 1379 1431
4 711 1436 1516 1715
4 474 1370 261 1606
4 291 288 473 1431
4 1248 1195 427 1418
4 1361 1286 1547 1620
4 345 1405 248 1704
4 1421 1558 1342 1711
4 732 812 281 1720
4 359 357 1585 1726
4 1346 1549 1282 1595
4 832 829 830 1507
4 932 1565 1439 1712
4 1064 1372 1198 1559
4 1076 1382 1025 1560
4 559 1383 487 1552
4 1018 1116 1120 1396
4 1127 1140 1021 1397
4 697 1402 696 1695
4 1210 1402 1209 1695
4 259 473 286 1373
4 1005 1055 1243 1373
4 691 1401 690 1694
4 1231 1401 1234 1694
4 1190 1024 1381 1561
4 359 1585 361 1726
4 323 1395 405 1641
4 682 551 718 1481
4 1318 1508 1323 1545
4 785 1429 1379 1609
4 860 859 858 1621
4 1322 1509 1317 1546
4 906 792 972 1619
4 718 552 1337 1617
4 997 1452 994 1724
4 1326 1526 1437 1614
4 876 1395 829 1641
4 1518 1532 1353 1704
4 1362 1675 535 1732
4 991 982 533 1611
4 1412 1498 1338 1562
4 1269 1263 1535 1612
4 905 851 1585 1722
4 683 527 684 1660
4 1406 1619 864 1716
4 946 1633 1349 1637
4 850 851 1375 1585
4 361 414 1375 1585
4 842 1405 836 1704
4 1150 1477 1151 1719
4 506 1393 538 1675
4 519 699 1387 1553
4 1039 1387 1228 1553
4 936 965 1363 1613
4 398 437 1381 1561
4 342 344 453 1430
4 1361 1547 1497 1620
4 1324 1524 420 1534
4 835 837 836 1731
4 323 324 322 1511
4 454 1430 344 1601
4 434 399 1382 1560
4 375 373 1591 1727
4 1076 1075 1382 1596
4 1219 1245 1032 1559
4 245 333 407 1399
4 1297 1617 1400 1709
4 1338 1485 1310 1562
4 966 1390 925 1564
4 715 714 631 1446
4 1205 1034 1208 1446
4 1307 1474 1331 1575
4 463 464 1651 1728
4 321 323 1395 1706
4 828 1395 829 1706
4 884 1383 945 1552
4 1412 1338 1499 1562
4 539 1403 1529 1708
4 1355 1589 1513 1600
4 812 298 281 1720
4 1331 1453 1307 1575
4 1360 1544 1490 1632
4 655 581 493 1394
4 1305 1449 1328 1574
4 347 1353 1601 1704
4 723 545 543 1443
4 319 318 317 1453
4 1328 1450 1306 1574
4 910 911 900 1454
4 887 775 874 1394
4 1297 1480 1338 1562
4 359 357 251 1585
4 909 905 747 1585
4 1303 1479 1329 1572
4 1226 1235 1093 1437
4 601 1500 1363 1589
4 901 1556 749 1655
4 1301 1463 1329 1572
4 953 1486 860 1621
4 541 538 1393 1721
4 333 334 332 1502
4 1068 1027 1404 1618
4 599 601 1363 1589
4 1206 1218 1101 1438
4 478 285 989 1418
4 1330 1476 1303 1656
4 593 595 1364 1590
4 777 993 918 1496
4 757 794 793 1400
4 722 628 544 1505
4 1300 1465 1331 1575
4 1357 1551 1443 1639
4 1326 1437 1408 1614
4 961 1399 964 1631
4 933 1421 943 1558
4 335 1399 333 1631
4 910 737 1374 1581
4 317 1374 241 1581
4 837 1432 951 1597
4 1093 1437 1235 1614
4 953 942 860 1486
4 467 466 370 1487
4 364 1326 1527 1728
4 563 564 565 1462
4 1324 1594 420 1720
4 1206 1438 1101 1614
4 1329 1478 1301 1572
4 1328 1483 1305 1574
4 1319 1369 1517 1713
4 1336 1542 1535 1713
4 1059 1403 1424 1638
4 323 242 405 1395
4 1356 1555 1345 1573
4 1306 1484 1328 1574
4 1371 1456 1291 1488
4 648 548 553 1588
4 1317 1501 1321 1546
4 700 1473 1553 1729
4 671 1440 1400 1717
4 772 829 876 1395
4 1433 1544 1360 1632
4 1496 1521 996 1611
4 1311 1375 1585 1726
4 1458 1579 1344 1648
4 1327 1512 1318 1545
4 1612 1626 1336 1717
4 1292 1498 1400 1542
4 1204 1236 1173 1682
4 764 662 1413 1698
4 451 1385 391 1671
4 1012 1407 1097 1699
4 628 1505 1372 1677
4 1375 1311 1585 1722
4 1054 1248 999 1418
4 565 1380 651 1582
4 1331 1491 1300 1575
4 601 660 599 1363
4 1091 1408 1010 1701
4 664 766 1414 1700
4 1257 1263 920 1535
4 593 595 496 1364
4 653 1398 571 1674
4 1425 1526 1296 1625
4 1364 1432 1286 1597
4 847 946 1489 1637
4 1305 1467 1333 1666
4 999 478 989 1418
4 459 356 1490 1632
4 798 962 979 1542
4 1444 1532 1294 1613
4 1288 1388 1447 1481
4 473 286 1373 1622
4 294 1533 1607 1640
4 542 1391 543 1505
4 1120 1396 1116 1668
4 1140 1397 1127 1669
4 1325 1525 1314 1721
4 646 1386 685 1660
4 1337 1494 1310 1615
4 924 833 739 1416
4 1190 1381 1134 1580
4 1325 1505 1525 1721
4 1373 1424 1289 1638
4 1338 1498 1297 1562
4 543 1391 542 1540
4 1344 1482 1308 1579
4 483 1324 420 1720
4 621 622 1427 1616
4 661 763 890 1633
4 890 498 661 1633
4 780 990 983 1496
4 581 1394 655 1665
4 1314 1525 1505 1721
4 1419 1648 1109 1696
4 874 887 1394 1665
4 1522 1604 1295 1616
4 1535 1542 1324 1713
4 971 769 1391 1551
4 983 993 777 1496
4 1302 1409 1707 1729
4 1288 1447 1392 1481
4 1284 1380 1459 1462
4 1384 1284 1465 1469
4 1288 1448 1382 1494
4 1394 1478 1285 1501
4 513 1035 632 1515
4 513 1157 1035 1515
4 633 1036 1157 1516
4 633 1157 513 1516
4 938 912 941 1489
4 460 358 461 1490
4 459 356 460 1490
4 941 847 946 1489
4 1203 1392 1048 1682
4 950 943 871 1421
4 1285 1479 1394 1510
4 1446 1522 1295 1616
4 443 322 324 1511
4 1284 1459 1389 1462
4 1320 681 1602 1639
4 1389 1465 1284 1469
4 1374 1284 1449 1454
4 628 1372 722 1677
4 1070 1627 1417 1714
4 1284 1374 1450 1453
4 869 1613 1532 1723
4 1332 1454 1380 1659
4 1043 1401 1234 1636
4 523 691 1401 1636
4 1210 1402 1041 1635
4 696 521 1402 1635
4 1280 1468 1381 1471
4 1312 1566 1497 1719
4 1403 1340 1638 1730
4 967 1597 1364 1723
4 1288 1392 1448 1494
4 1184 1410 1107 1697
4 1368 1437 1435 1515
4 716 1365 717 1616
4 1302 1579 1458 1648
4 1280 1386 1468 1471
4 1380 1449 1284 1454
4 1309 1487 1343 1727
4 1284 1450 1384 1453
4 961 1399 879 1634
4 1259 1265 1277 1568
4 559 560 561 1467
4 465 1595 1408 1728
4 1332 1380 1459 1659
4 1436 1438 1367 1516
4 668 667 1570 1612
4 1287 1377 1457 1472
4 1406 1514 375 1727
4 1397 1491 1283 1508
4 1285 1492 1396 1509
4 1181 1086 1088 1583
4 1342 1604 1522 1616
4 1287 1457 1390 1472
4 1033 1365 1207 1602
4 832 830 947 1507
4 1377 1287 1463 1473
4 448 332 334 1502
4 1517 1528 1270 1692
4 1288 1451 1388 1480
4 717 1365 630 1602
4 1288 1378 1451 1480
4 1217 1199 1132 1469
4 677 669 1369 1440
4 1310 1499 1338 1562
4 1361 1547 1286 1601
4 1283 1474 1397 1511
4 1396 1476 1285 1502
4 1385 1287 1458 1495
4 1362 1341 1496 1733
4 1271 1266 1269 1570
4 1283 1493 1398 1512
4 1151 1150 1239 1477
4 1387 1458 1287 1495
4 1244 1598 1370 1623
4 649 555 1552 1554
4 1239 1477 1366 1628
4 1387 1463 1287 1473
4 400 1378 305 1670
4 1352 1513 1497 1536
4 1497 1513 1355 1536
4 1093 1092 1226 1437
4 1280 1383 1467 1470
4 535 1521 1362 1611
4 536 1529 721 1732
4 668 1626 1612 1717
4 402 311 1376 1672
4 1421 1427 1342 1558
4 821 1376 915 1672
4 1340 1403 1569 1730
4 1101 1218 1099 1438
4 367 1411 1556 1595
4 1280 1467 1386 1470
4 587 657 1377 1667
4 1229 1252 1070 1714
4 1311 1489 1563 1722
4 1355 1477 1279 1600
4 814 1378 813 1670
4 1068 1615 1404 1686
4 1420 1514 1343 1705
4 448 447 332 1502
4 1283 1398 1475 1507
4 528 1392 682 1682
4 1233 1047 1652 1660
4 1361 1548 1419 1620
4 762 936 965 1363
4 1410 1477 1184 1719
4 901 902 749 1556
4 1349 1544 1489 1637
4 1312 1650 1566 1690
4 1171 1170 1386 1660
4 862 903 949 1425
4 1326 1651 1408 1728
4 536 721 1569 1732
4 260 476 1539 1623
4 444 443 324 1511
4 1350 1506 1281 1599
4 1184 1105 1477 1603
4 649 555 557 1552
4 1017 1385 1137 1671
4 1311 1563 1490 1726
4 888 807 1377 1667
4 1310 1494 1337 1630
4 867 848 1434 1613
4 851 748 1375 1610
4 361 1375 252 1610
4 329 328 327 1703
4 901 1610 1296 1655
4 341 340 339 1482
4 1313 1624 1533 1640
4 1239 1232 1038 1366
4 635 707 706 1366
4 1376 1280 1455 1483
4 551 553 548 1481
4 539 1403 721 1529
4 1220 1218 1158 1367
4 1156 1226 1208 1368
4 714 713 512 1368
4 514 710 709 1367
4 921 798 979 1542
4 1280 1376 1461 1484
4 1390 1457 1303 1564
4 1319 1517 1369 1528
4 1309 1514 1406 1727
4 1268 1260 1535 1594
4 1359 1282 1549 1595
4 1383 1455 1280 1483
4 1378 1288 1460 1485
4 744 967 951 1364
4 1280 1461 1381 1484
4 1382 1460 1288 1485
4 1390 1466 1287 1482
4 1214 1207 1033 1365
4 963 758 1388 1588
4 1035 1226 1156 1515
4 1158 1218 1036 1516
4 710 514 633 1516
4 713 632 512 1515
4 1442 1571 445 1664
4 1385 1287 1466 1482
4 1382 1448 1298 1560
4 1238 516 636 1628
4 1433 1434 1354 1503
4 1342 1522 1486 1537
4 717 716 630 1365
4 1487 1523 1343 1538
4 597 598 599 1589
4 660 1363 601 1633
4 1303 1466 1390 1564
4 1486 1522 1347 1537
4 1373 1638 1289 1691
4 1346 1523 1487 1538
4 1027 236 432 1618
4 1064 1372 1063 1677
4 538 1529 1393 1721
4 840 1532 839 1597
4 1229 1070 1417 1714
4 1304 1455 1383 1552
4 236 1404 432 1618
4 1176 1101 1438 1614
4 658 889 495 1557
4 454 346 455 1601
4 1312 1600 1477 1719
4 938 1504 855 1722
4 1347 1549 1486 1621
4 1093 1175 1437 1614
4 1360 1434 1433 1503
4 507 721 1403 1730
4 360 1506 461 1726
4 437 278 1381 1580
4 814 816 815 1451
4 1099 1218 1220 1577
4 608 709 710 1578
4 516 1238 1200 1628
4 1191 1074 1494 1615
4 1352 1212 1620 1702
4 1092 1091 1090 1593
4 617 615 616 1592
4 784 778 969 1543
4 472 284 289 1543
4 1302 1458 1387 1553
4 761 1380 940 1582
4 580 578 695 1501
4 954 773 833 1416
4 587 588 589 1473
4 377 297 477 1555
4 594 593 592 1428
4 1298 1460 1382 1560
4 533 982 531 1611
4 535 1521 532 1675
4 688 1389 644 1586
4 639 1387 699 1584
4 1228 1387 1162 1584
4 448 1396 273 1668
4 443 275 1397 1669
4 1362 1393 1675 1732
4 787 1609 789 1629
4 601 1500 603 1633
4 595 596 597 1590
4 461 360 462 1506
4 915 819 820 1455
4 1383 1470 1304 1552
4 1437 1526 1299 1614
4 938 944 855 1504
4 495 889 743 1557
4 507 626 1242 1730
4 806 807 808 1457
4 609 1413 662 1698
4 958 1625 1587 1710
4 543 505 1391 1540
4 1212 1148 1201 1497
4 307 306 305 1460
4 1387 1473 1302 1553
4 1126 1124 1224 1508
4 1118 1222 1188 1509
4 874 904 804 1510
4 615 664 1414 1700
4 582 581 580 1501
4 781 1675 1521 1733
4 1307 1474 1395 1706
4 539 1529 724 1708
4 1110 1113 1137 1458
4 1395 1475 1307 1706
4 294 1533 1371 1607
4 357 1490 356 1632
4 266 462 1407 1699
4 1381 1461 1298 1561
4 1167 1389 1217 1586
4 637 702 1409 1702
4 1407 1614 1326 1651
4 458 352 1433 1650
4 333 335 334 1476
4 999 995 1054 1418
4 465 264 1408 1701
4 1276 1268 1260 1535
4 574 572 692 1512
4 1227 1458 1111 1648
4 1154 630 1033 1602
4 1487 1549 1346 1595
4 1400 1498 1297 1709
4 1532 1613 1444 1723
4 614 1435 613 1715
4 440 1384 277 1658
4 1429 1431 1341 1543
4 930 1576 1472 1731
4 409 341 339 1576
4 1233 1202 1047 1660
4 1550 1591 371 1727
4 1068 1404 1067 1686
4 1289 1424 1403 1638
4 947 1398 886 1674
4 1285 1476 1396 1656
4 541 538 506 1393
4 1105 1239 1477 1603
4 1306 1469 1384 1658
4 1214 1088 1207 1583
4 591 1428 593 1557
4 1298 1471 1381 1561
4 311 310 309 1461
4 1249 1267 1194 1692
4 852 1296 901 1610
4 787 898 1609 1629
4 596 703 1513 1590
4 1064 1063 1372 1598
4 715 1446 716 1616
4 1118 1116 1117 1509
4 1140 1126 1189 1508
4 948 1432 837 1731
4 293 258 290 1379
4 788 785 754 1379
4 947 955 832 1507
4 872 864 1421 1619
4 351 1433 352 1650
4 1289 1431 1379 1624
4 572 571 570 1512
4 1302 1428 1409 1729
4 598 1513 705 1589
4 458 387 1410 1697
4 671 1400 529 1626
4 1160 1409 1211 1702
4 463 362 364 1527
4 837 951 838 1597
4 1059 1403 1058 1708
4 1402 1478 1301 1695
4 1130 1153 1384 1658
4 288 1431 287 1622
4 952 1625 958 1710
4 1350 1599 1490 1726
4 986 993 1003 1541
4 635 1366 706 1628
4 1316 1634 1416 1703
4 1428 1432 1364 1557
4 1093 1235 1177 1614
4 1378 1335 1460 1654
4 1285 1396 1492 1656
4 323 322 321 1474
4 967 838 951 1597
4 571 1398 490 1680
4 796 939 962 1498
4 1177 1206 1101 1614
4 1310 1499 1404 1686
4 1384 1450 1306 1658
4 1366 1477 1355 1628
4 828 830 829 1475
4 936 1363 762 1633
4 552 679 1682 1683
4 1439 1565 1327 1712
4 899 1393 506 1675
4 966 755 1390 1576
4 847 1489 909 1637
4 454 344 346 1601
4 1239 1366 1038 1628
4 780 990 1496 1521
4 280 434 1382 1596
4 793 1400 794 1626
4 869 868 1532 1613
4 581 493 1394 1681
4 484 669 1692 1714
4 1197 1253 1070 1627
4 678 543 505 1391
4 775 874 1394 1681
4 1021 1397 1140 1679
4 1116 1396 1018 1678
4 554 683 556 1447
4 810 807 929 1472
4 630 1154 510 1602
4 794 1498 796 1542
4 1294 1532 1444 1723
4 1074 1076 1080 1494
4 1169 1170 1230 1468
4 921 917 1594 1720
4 1362 1611 1569 1732
4 1378 1451 1335 1654
4 713 714 616 1592
4 1092 1208 1226 1593
4 1076 1074 1075 1596
4 333 332 331 1502
4 456 1464 350 1650
4 1311 1599 1506 1726
4 1373 1418 1340 1691
4 854 1296 852 1587
4 1266 530 667 1570
4 302 1499 429 1524
4 1314 1540 1391 1629
4 1296 1527 1411 1655
4 681 672 725 1639
4 1355 1600 1497 1719
4 1327 1512 1398 1674
4 1288 1392 1494 1630
4 1403 1424 1325 1708
4 1401 1491 1300 1694
4 1301 1492 1402 1695
4 1431 1379 1624 1640
4 1300 1493 1401 1694
4 987 1605 1418 1663
4 1380 1454 1284 1659
4 293 1379 290 1640
4 919 1521 781 1675
4 867 848 844 1434
4 1028 1180 1185 1548
4 1377 1472 1287 1642
4 1309 1550 1487 1727
4 1305 1467 1383 1662
4 1435 1437 1299 1515
4 374 1514 468 1727
4 829 832 877 1507
4 1299 1438 1436 1516
4 1397 1508 1323 1669
4 323 325 324 1511
4 1322 1509 1396 1668
4 1411 1425 1296 1655
4 515 1159 634 1445
4 1159 1037 634 1445
4 721 1569 1403 1730
4 419 420 1534 1594
4 753 790 1371 1646
4 610 611 1436 1715
4 1277 1261 1259 1517
4 1380 1284 1459 1659
4 1333 1467 1386 1666
4 1145 1410 1184 1719
4 597 599 497 1444
4 430 256 752 1646
4 921 865 1535 1594
4 743 948 929 1667
4 366 1411 367 1595
4 377 256 475 1716
4 375 1555 1406 1716
4 1190 1240 1179 1471
4 350 1464 351 1650
4 864 871 1421 1608
4 1311 1490 1599 1726
4 1421 1573 1357 1619
4 552 1617 1440 1683
4 1288 1481 1392 1630
4 785 1379 788 1609
4 141 659 497 1444
4 1155 631 1034 1446
4 1333 1386 1468 1666
4 1260 1259 1261 1534
4 631 1155 511 1446
4 1077 1078 1076 1448
4 1435 1526 1358 1715
4 601 1363 1500 1633
4 1345 1488 1456 1646
4 1456 1488 1371 1646
4 549 718 1481 1617
4 1345 1619 1406 1716
4 549 1481 548 1617
4 856 1610 901 1655
4 279 1560 435 1561
4 279 435 436 1561
4 868 867 1532 1613
4 614 712 1435 1715
4 353 352 351 1433
4 923 818 814 1480
4 1154 1032 510 1602
4 1566 1690 1146 1719
4 331 1502 332 1703
4 1370 1525 1313 1598
4 1349 1500 1363 1633
4 375 1514 1406 1555
4 1344 1648 1419 1696
4 787 788 789 1609
4 1358 1296 1526 1625
4 1399 1476 1303 1631
4 1386 1467 1280 1666
4 973 1393 786 1609
4 817 815 816 1451
4 1396 1502 1322 1668
4 1111 1213 1227 1648
4 1323 1511 1397 1669
4 1303 1479 1399 1631
4 374 469 468 1514
4 944 1504 1413 1587
4 677 1683 1440 1714
4 463 364 464 1728
4 326 445 444 1664
4 245 333 1399 1631
4 1312 1497 1600 1719
4 1394 1479 1329 1681
4 859 1486 861 1608
4 852 854 901 1296
4 330 332 1502 1703
4 330 331 332 1703
4 702 518 637 1409
4 554 555 553 1447
4 1296 1358 1526 1718
4 1232 1239 1105 1603
4 776 1257 920 1535
4 809 808 811 1457
4 1332 1475 1398 1680
4 430 475 256 1646
4 944 1413 958 1587
4 910 900 737 1581
4 319 317 241 1581
4 759 1552 959 1554
4 1386 1280 1468 1666
4 530 1266 1255 1570
4 873 904 874 1479
4 421 422 1534 1568
4 1394 1501 1321 1665
4 1255 530 1570 1692
4 1397 1474 1331 1679
4 1335 1451 1378 1657
4 465 366 1595 1728
4 1288 1378 1460 1654
4 1323 1545 1511 1664
4 1016 1211 1160 1409
4 996 988 1003 1496
4 906 972 752 1716
4 1326 1527 1526 1734
4 777 918 782 1496
4 1321 1510 1394 1665
4 193 1162 519 639
4 196 1041 640 521
4 87 391 271 1152
4 1041 1163 196 640
4 87 391 1152 1017
4 1035 1157 513 180
4 634 514 1037 183
4 631 512 178 1034
4 1010 1095 73 384
4 265 74 1095 384
4 274 393 92 1121
4 83 1149 1028 269
4 395 275 95 1127
4 392 90 273 1018
4 1158 1037 514 183
4 76 1096 1012 385
4 389 83 1028 269
4 264 1010 73 384
4 385 1012 76 266
4 201 1166 523 643
4 199 1165 522 642
4 633 513 1157 181
4 1162 1039 193 519
4 1036 1158 633 182
4 515 635 185 1159
4 513 632 1035 180
4 1037 1159 634 184
4 1038 185 635 1159
4 515 634 1159 184
4 1035 632 512 179
4 512 1156 1035 179
4 512 1156 178 1034
4 1155 631 177 1034
4 268 1107 80 1014
4 1018 90 273 1120
4 396 98 277 1153
4 1021 395 95 1127
4 1166 1043 201 523
4 98 396 1022 1153
4 1164 198 522 641
4 1157 1036 633 181
4 1158 514 633 182
4 74 1095 1011 265
4 198 1042 1164 522
4 199 1165 1042 522
4 1019 92 393 1121
4 1107 268 80 387
4 27 879 741 245
4 249 36 843 745
4 890 661 144 763
4 849 250 38 746
4 850 41 414 748
4 764 500 147 892
4 765 501 149 893
4 893 664 150 766
4 412 249 36 843
4 27 879 245 407
4 144 498 661 890
4 413 250 38 849
4 252 414 41 748
4 662 500 147 764
4 663 501 149 765
4 664 893 150 501
4 857 45 416 254
4 821 239 16 735
4 875 19 403 737
4 761 651 125 907
4 737 19 403 241
4 907 651 125 489
4 45 857 750 254
4 239 821 16 402
4 1024 278 101 1134
4 398 278 101 1024
4 884 650 122 760
4 487 650 122 884
4 1398 1507 1327 1674
4 565 651 563 1582
4 1075 399 104 1025
4 450 336 338 1466
4 997 1004 988 1605
4 248 410 33 756
4 1074 1615 1073 1686
4 631 1155 177 511
4 744 658 139 496
4 787 898 973 1609
4 33 248 756 842
4 303 300 305 1485
4 937 959 759 1552
4 133 887 655 493
4 887 133 775 493
4 817 816 959 1451
4 456 1650 457 1690
4 1417 1615 1404 1627
4 552 1337 1617 1683
4 1087 1088 1086 1441
4 1193 1051 984 1724
4 1398 1493 1332 1680
4 944 764 1413 1698
4 949 1414 766 1700
4 1396 1492 1330 1678
4 1331 1491 1397 1679
4 1129 1643 1128 1679
4 308 310 436 1461
4 365 1527 363 1655
4 652 1644 567 1680
4 1392 1447 1334 1652
4 1374 1453 1307 1581
4 915 826 822 1483
4 405 22 876 242
4 772 876 22 242
4 1380 1462 1305 1582
4 937 820 817 1455
4 507 1403 626 1730
4 1307 1454 1374 1581
4 306 308 435 1460
4 569 570 571 1493
4 1140 1189 1141 1491
4 1115 1117 1116 1492
4 313 312 311 1484
4 1111 1458 1110 1648
4 558 556 684 1470
4 1078 1079 1233 1448
4 1135 1190 1134 1580
4 1137 1187 1142 1495
4 1415 1635 1317 1685
4 1318 1636 1415 1684
4 1569 1611 535 1732
4 1255 670 530 1692
4 1071 1068 1615 1627
4 970 1393 899 1675
4 295 1371 294 1533
4 581 582 583 1478
4 457 458 1410 1650
4 373 371 1591 1727
4 677 730 669 1440
4 330 332 447 1502
4 1415 1636 1318 1688
4 1329 1478 1394 1681
4 1317 1635 1415 1689
4 307 308 306 1460
4 1372 1505 1325 1677
4 647 1048 210 1172
4 658 744 139 889
4 1377 1287 1473 1642
4 1333 1462 1389 1645
4 1108 1548 1185 1696
4 1389 1469 1333 1645
4 1339 1432 1428 1557
4 445 1442 446 1571
4 1378 1460 1335 1657
4 1258 1259 1534 1568
4 819 817 820 1455
4 1331 1453 1384 1643
4 825 824 956 1449
4 439 314 316 1450
4 1305 1449 1380 1582
4 1300 1465 1389 1586
4 1108 1185 1109 1696
4 244 25 773 406
4 1329 1457 1377 1653
4 1486 1604 1342 1608
4 1389 1459 1300 1586
4 1380 1454 1332 1644
4 310 308 309 1461
4 789 1607 1371 1629
4 1506 1599 1350 1726
4 1330 1476 1396 1678
4 808 809 806 1457
4 677 1369 669 1714
4 1288 1451 1378 1654
4 1056 1051 1193 1724
4 1183 1538 1009 1705
4 996 998 988 1611
4 1374 1449 1328 1647
4 1325 1505 1372 1525
4 1328 1450 1374 1647
4 921 979 917 1720
4 1184 1104 1105 1603
4 299 1412 298 1693
4 585 1653 656 1681
4 805 1653 806 1681
4 1384 1465 1331 1643
4 392 1396 448 1678
4 395 443 1397 1679
4 901 1296 854 1625
4 1181 1183 1009 1705
4 1376 1455 1335 1661
4 804 1510 957 1687
4 1335 1461 1376 1661
4 1227 1113 1111 1458
4 1383 1483 1305 1662
4 1302 1707 1553 1729
4 465 366 368 1595
4 1100 1530 1098 1577
4 606 607 1531 1578
4 585 586 587 1463
4 502 619 1537 1700
4 1332 1459 1380 1644
4 947 738 1398 1680
4 864 1406 751 1591
4 1267 1528 1194 1692
4 1089 1538 1183 1701
4 623 1427 624 1639
4 502 617 619 1700
4 1273 1267 1249 1692
4 1511 1545 1315 1664
4 1089 1183 1090 1701
4 1385 1458 1344 1676
4 266 462 385 1407
4 1338 1498 1412 1693
4 901 903 1425 1625
4 419 112 1262 1254
4 1086 1143 1420 1705
4 1309 1604 1486 1608
4 104 280 399 1075
4 298 299 423 1412
4 339 338 337 1466
4 384 465 264 1408
4 1048 647 210 528
4 1192 1606 1426 1725
4 1299 1526 1435 1715
4 823 825 910 1449
4 258 293 471 1607
4 754 968 788 1607
4 1362 1521 1496 1611
4 1334 1448 1392 1652
4 368 366 367 1595
4 128 886 490 653
4 315 317 316 1450
4 711 610 1436 1715
4 933 872 1421 1619
4 1155 176 630 1033
4 1339 1473 1377 1667
4 1477 1600 1355 1719
4 630 511 176 1155
4 886 738 128 490
4 952 1414 949 1625
4 838 836 837 1597
4 294 1371 257 1607
4 753 1371 789 1607
4 559 557 558 1470
4 1085 1725 1420 1735
4 1422 1684 1415 1685
4 575 1565 491 1674
4 568 566 689 1459
4 204 525 1167 644
4 138 495 658 889
4 345 410 248 1405
4 119 648 486 883
4 1111 1113 1110 1458
4 190 637 518 1160
4 782 1429 783 1733
4 936 848 965 1613
4 1016 190 518 1160
4 1008 1143 69 382
4 833 773 25 406
4 1012 1096 1097 1407
4 626 507 721 1403
4 1334 1470 1386 1660
4 796 962 798 1542
4 756 836 842 1405
4 1091 1095 1010 1408
4 1362 535 1611 1732
4 1016 1409 518 1707
4 1412 1499 1338 1693
4 286 285 1418 1622
4 665 1537 619 1711
4 1186 1112 1419 1620
4 621 665 619 1711
4 1390 1482 1308 1576
4 1114 1671 1142 1678
4 1406 1555 1345 1716
4 1175 1614 1176 1651
4 1340 1569 1452 1730
4 1207 1088 1087 1441
4 554 556 555 1447
4 899 970 786 1393
4 1385 1466 1330 1671
4 1289 1431 1373 1691
4 1392 1337 1494 1630
4 1029 1110 1676 1696
4 1386 1471 1334 1660
4 533 531 534 1611
4 368 466 465 1595
4 552 679 718 1682
4 429 1524 1404 1618
4 1020 1571 1122 1669
4 1339 1377 1473 1642
4 629 510 1032 1602
4 898 971 897 1540
4 566 567 565 1459
4 1096 1176 1097 1407
4 268 458 387 1410
4 1497 1547 1352 1620
4 786 1429 785 1609
4 375 255 1406 1591
4 1412 1542 1324 1720
4 1095 1091 1175 1408
4 574 573 572 1512
4 1400 1626 671 1717
4 204 525 1045 1167
4 495 138 743 889
4 921 980 798 1542
4 1296 1587 1358 1718
4 621 622 623 1427
4 648 119 758 883
4 262 1008 69 382
4 790 789 1371 1629
4 1124 1126 1123 1508
4 1118 1188 1138 1509
4 1301 1463 1387 1584
4 1339 1472 1377 1642
4 1289 1429 1431 1691
4 1341 1431 1429 1691
4 331 329 1634 1703
4 1145 1014 1184 1410
4 1381 1468 1306 1580
4 1131 1133 1216 1465
4 371 1550 417 1591
4 865 1268 1535 1594
4 859 881 1550 1591
4 961 741 1399 1631
4 1358 1587 1296 1625
4 345 343 410 1405
4 327 325 243 1641
4 1417 1627 1369 1714
4 492 799 131 654
4 13 238 400 813
4 347 345 248 1704
4 1587 1625 1358 1710
4 131 740 799 492
4 238 13 734 813
4 245 335 333 1631
4 796 794 795 1498
4 1014 1107 1184 1410
4 1192 1065 1066 1426
4 1058 1403 1059 1638
4 518 702 701 1409
4 1310 1615 1596 1686
4 704 596 703 1513
4 1271 1517 1270 1692
4 878 955 932 1712
4 318 319 320 1453
4 583 585 656 1681
4 581 583 493 1681
4 805 806 873 1681
4 1021 1140 1141 1679
4 1129 1128 1141 1679
4 569 571 490 1680
4 569 652 567 1680
4 1114 1142 1115 1678
4 1116 1018 1115 1678
4 247 834 32 410
4 775 873 874 1681
4 831 900 911 1454
4 1129 1131 1130 1465
4 351 349 249 1518
4 635 1200 1038 1628
4 598 704 705 1513
4 1176 1407 1096 1651
4 1392 1481 1337 1630
4 410 834 32 756
4 580 579 578 1501
4 866 867 745 1518
4 143 762 660 1633
4 349 347 411 1518
4 347 411 1518 1704
4 573 575 491 1674
4 573 653 571 1674
4 499 605 607 1519
4 1106 1098 1102 1520
4 499 1519 607 1698
4 1106 1098 1520 1699
4 1171 646 526 207
4 1013 1102 1104 1520
4 661 603 605 1519
4 1013 1520 1104 1697
4 1046 1171 526 207
4 1140 1127 1123 1669
4 1020 1122 1123 1669
4 1138 1120 1116 1668
4 1139 1019 1138 1668
4 962 1412 939 1693
4 579 581 655 1665
4 492 577 579 1665
4 136 888 494 657
4 742 136 888 494
4 839 866 880 1518
4 839 1518 880 1704
4 500 609 611 1413
4 475 295 297 1488
4 607 609 662 1698
4 1012 1097 1098 1699
4 1054 1195 1248 1418
4 1202 1079 1240 1471
4 701 518 1409 1707
4 1154 630 175 1033
4 842 836 839 1704
4 1016 1213 1211 1409
4 295 296 1488 1533
4 615 617 664 1700
4 1090 1091 1010 1701
4 532 1521 919 1675
4 1016 1213 1409 1707
4 501 613 615 1414
4 874 801 887 1665
4 800 1439 932 1565
4 620 621 1522 1616
4 1014 1410 1145 1690
4 462 463 385 1407
4 1271 1570 1517 1692
4 1257 1269 1263 1535
4 1293 1531 1445 1673
4 1277 1270 1517 1528
4 333 331 407 1634
4 331 329 244 1634
4 538 1393 1529 1732
4 344 345 346 1601
4 776 865 1268 1535
4 1359 1425 1411 1556
4 1262 1534 1260 1594
4 1104 1184 1107 1697
4 268 457 458 1410
4 1527 1610 363 1655
4 563 562 564 1462
4 948 837 841 1731
4 984 997 994 1724
4 635 516 1200 1628
4 601 600 1500 1589
4 1200 186 635 1038
4 1310 1494 1382 1596
4 1379 293 1607 1640
4 545 544 543 1443
4 698 586 584 1463
4 635 516 186 1200
4 1150 1184 1477 1719
4 1388 1481 1297 1588
4 1181 1182 1523 1583
4 855 1504 851 1722
4 757 794 1400 1709
4 1030 1059 1058 1708
4 361 1506 360 1726
4 510 630 175 1154
4 611 500 1413 1710
4 30 925 409 246
4 382 1420 1143 1705
4 289 287 288 1431
4 324 1511 325 1664
4 1308 1472 1390 1576
4 363 361 252 1610
4 852 901 856 1610
4 851 852 748 1610
4 589 1473 588 1729
4 577 575 1423 1565
4 483 482 420 1524
4 503 621 1558 1711
4 1064 1063 1031 1677
4 1297 1480 1388 1588
4 373 371 417 1591
4 963 931 758 1588
4 890 762 143 1633
4 143 660 498 1633
4 777 780 983 1496
4 756 835 836 1405
4 859 870 881 1591
4 325 323 405 1641
4 242 1395 323 1706
4 829 1395 772 1706
4 474 1533 380 1623
4 958 944 892 1413
4 298 1412 812 1693
4 1306 1484 1381 1580
4 1029 1109 1110 1696
4 543 1391 678 1551
4 552 1440 677 1683
4 1255 1264 670 1692
4 739 833 24 243
4 1139 1422 1122 1571
4 406 24 833 243
4 1382 1485 1310 1596
4 295 257 294 1371
4 789 753 790 1371
4 958 1587 1413 1710
4 949 952 893 1414
4 694 1688 1415 1689
4 694 693 1415 1688
4 1086 1181 1143 1705
4 922 430 752 1646
4 876 829 877 1641
4 1238 187 516 1200
4 351 350 349 1464
4 425 420 1594 1720
4 1415 1684 1215 1685
4 1223 1415 1215 1685
4 349 348 347 1464
4 385 1407 463 1651
4 801 1510 804 1687
4 355 357 356 1632
4 1415 1688 1423 1689
4 1419 1430 1286 1579
4 1344 1430 1419 1579
4 955 832 1507 1712
4 904 809 964 1479
4 187 516 636 1238
4 958 1413 892 1710
4 1435 1515 1299 1715
4 1054 1055 1418 1724
4 1223 1222 1635 1685
4 1224 1215 1636 1684
4 457 1410 268 1690
4 1387 1495 1301 1584
4 1314 1505 1391 1540
4 1411 1595 366 1728
4 944 853 1504 1587
4 338 336 337 1466
4 37 746 250 1503
4 1100 1102 1098 1530
4 605 606 607 1531
4 1237 1178 1132 1469
4 1299 1526 1715 1718
4 1211 1186 1212 1620
4 437 438 278 1580
4 801 804 802 1687
4 1517 1534 1319 1713
4 639 699 698 1584
4 1228 1162 1221 1584
4 689 688 644 1586
4 693 692 1636 1688
4 591 592 593 1428
4 761 940 956 1582
4 1077 1079 1078 1448
4 1396 1476 1330 1656
4 694 1635 695 1689
4 300 237 1670 1693
4 1071 1615 1417 1627
4 1336 1542 1400 1626
4 1539 1624 1313 1640
4 340 341 342 1482
4 1246 1060 1061 1424
4 866 868 867 1532
4 475 430 295 1646
4 1344 1482 1385 1676
4 556 558 557 1470
4 843 746 37 1503
4 37 250 412 1503
4 1358 1715 1526 1718
4 484 669 676 1692
4 595 597 659 1444
4 1345 1555 377 1716
4 622 716 717 1616
4 780 1496 781 1521
4 617 618 1522 1592
4 1094 1090 1523 1593
4 1194 1528 1053 1692
4 318 320 441 1453
4 304 432 1404 1686
4 831 911 935 1454
4 1375 1506 1281 1734
4 1333 1468 1386 1649
4 1386 1467 1333 1649
4 790 1629 1371 1646
4 427 285 478 1418
4 496 658 593 1557
4 337 408 1564 1631
4 385 1096 1407 1651
4 786 973 899 1393
4 1377 1463 1329 1653
4 299 302 423 1499
4 774 1565 932 1674
4 561 560 562 1467
4 584 582 697 1478
4 590 589 588 1729
4 801 800 740 1665
4 843 37 412 1503
4 111 282 1258 1254
4 112 419 282 1254
4 906 864 1619 1716
4 872 943 933 1421
4 30 925 755 409
4 536 539 721 1529
4 111 282 422 1258
4 1086 1420 1008 1735
4 1167 1217 1216 1586
4 458 352 354 1433
4 1314 1609 1379 1624
4 902 1425 862 1621
4 1410 1145 1690 1719
4 538 537 1675 1732
4 1396 1330 1492 1656
4 300 299 237 1693
4 446 1442 328 1703
4 588 1473 700 1729
4 824 826 934 1483
4 312 314 438 1484
4 890 143 498 1633
4 572 573 571 1512
4 469 1420 382 1705
4 337 335 408 1631
4 1234 1401 1166 1694
4 691 643 1401 1694
4 1163 1402 1210 1695
4 640 696 1402 1695
4 1123 1126 1140 1508
4 1116 1118 1138 1509
4 276 1643 441 1679
4 731 671 1626 1717
4 783 785 786 1429
4 935 1644 908 1680
4 847 909 845 1637
4 562 687 564 1462
4 384 465 1408 1728
4 457 1650 1410 1690
4 1413 1587 1504 1718
4 1179 1240 1079 1471
4 906 1619 1345 1716
4 901 903 902 1425
4 802 804 957 1687
4 1050 233 1196 1256
4 1237 1132 1199 1469
4 320 322 442 1474
4 1302 1553 1473 1729
4 830 831 960 1475
4 268 1410 1014 1690
4 535 536 1569 1732
4 764 892 944 1413
4 1209 1117 1119 1492
4 1133 1189 1231 1491
4 570 568 690 1493
4 936 846 848 1434
4 579 580 581 1501
4 766 949 893 1414
4 961 964 741 1631
4 1059 1424 1060 1638
4 547 549 548 1617
4 609 500 662 1413
4 825 823 824 1449
4 1328 1483 1376 1672
4 314 315 316 1450
4 1405 1432 1308 1731
4 1411 1556 1425 1655
4 340 342 452 1482
4 1030 1058 1242 1730
4 1376 1484 1328 1672
4 1532 1597 840 1723
4 664 501 615 1414
4 731 671 529 1626
4 927 965 869 1444
4 1338 1485 1378 1670
4 328 1442 445 1664
4 540 1529 538 1721
4 320 321 322 1474
4 326 324 325 1664
4 1420 1441 1356 1725
4 294 1607 293 1640
4 830 828 831 1475
4 623 624 625 1639
4 955 878 832 1712
4 488 561 1582 1662
4 1268 1257 776 1535
4 1413 1436 1358 1718
4 1119 1187 1221 1495
4 854 1296 1587 1625
4 927 141 497 1444
4 560 686 562 1467
4 1068 1618 1404 1627
4 751 863 48 255
4 781 1521 1496 1733
4 801 874 804 1510
4 1377 1472 1339 1667
4 872 864 871 1421
4 365 1411 366 1728
4 1323 1571 1442 1664
4 488 561 563 1582
4 661 498 603 1633
4 620 618 715 1522
4 774 932 955 1674
4 1182 1205 1094 1523
4 1330 1495 1385 1671
4 141 926 659 1444
4 1085 1606 1725 1735
4 828 827 1581 1706
4 321 1581 404 1706
4 1145 1146 1690 1719
4 900 828 827 1581
4 321 319 404 1581
4 902 862 858 1621
4 1426 1606 1356 1725
4 334 335 336 1476
4 832 877 1507 1712
4 334 336 449 1476
4 1255 1266 1271 1570
4 446 328 330 1703
4 1229 1417 1204 1683
4 783 782 784 1429
4 1055 1195 1054 1418
4 272 450 1671 1678
4 1490 1544 1348 1632
4 568 567 566 1459
4 938 941 891 1519
4 386 460 461 1520
4 353 354 1433 1632
4 941 946 763 1519
4 267 459 460 1520
4 706 602 600 1500
4 1032 510 174 1154
4 938 1519 891 1698
4 386 1520 461 1699
4 267 459 1520 1697
4 363 365 364 1527
4 394 445 1571 1669
4 517 704 703 1536
4 636 705 704 1536
4 1378 1480 1338 1670
4 517 1536 703 1702
4 506 538 537 1675
4 247 343 341 1576
4 592 1428 591 1729
4 1005 1081 63 259
4 1186 1112 1185 1419
4 1309 1591 1406 1608
4 390 1676 452 1696
4 1186 1419 1185 1620
4 1392 1494 1337 1682
4 1059 1060 1057 1638
4 1204 1417 1071 1615
4 844 1434 846 1637
4 809 904 873 1479
4 1103 1104 1530 1603
4 1135 1237 1230 1468
4 1174 484 1053 1714
4 619 620 621 1522
4 1133 1131 1129 1465
4 484 676 1053 1714
4 276 441 442 1679
4 395 442 443 1679
4 960 935 908 1680
4 392 448 449 1678
4 272 449 450 1678
4 1563 1585 1311 1722
4 1183 1181 1182 1523
4 797 931 818 1480
4 1359 1556 1411 1595
4 443 444 275 1669
4 393 446 447 1668
4 394 444 445 1669
4 447 448 273 1668
4 666 623 625 1558
4 1472 1576 1308 1731
4 892 1413 500 1710
4 116 529 757 793
4 425 483 420 1720
4 1337 1481 1392 1682
4 1178 1580 1023 1658
4 586 585 584 1463
4 378 63 1081 259
4 329 327 406 1416
4 458 459 387 1697
4 944 938 764 1698
4 266 461 462 1699
4 1224 1215 1165 1636
4 1222 1210 1041 1635
4 1164 1223 1222 1635
4 1043 1234 1224 1636
4 523 692 691 1636
4 694 641 695 1635
4 642 693 692 1636
4 696 695 521 1635
4 957 961 879 1634
4 790 1456 1629 1646
4 1356 1420 1725 1735
4 947 960 738 1680
4 1178 1135 1023 1580
4 949 766 953 1700
4 465 466 264 1701
4 469 1420 433 1735
4 1236 1191 1080 1494
4 822 826 824 1483
4 939 796 797 1498
4 1003 993 983 1496
4 1311 1585 1563 1726
4 384 464 465 1728
4 552 550 1440 1617
4 1073 1615 1068 1686
4 314 312 313 1484
4 1309 1406 1591 1727
4 375 377 1555 1716
4 584 583 582 1478
4 943 950 895 1558
4 717 624 622 1427
4 375 376 1514 1555
4 455 346 348 1601
4 950 895 1558 1711
4 796 795 797 1498
4 576 1423 575 1688
4 1299 1516 1436 1715
4 577 1423 576 1689
4 546 116 529 757
4 798 794 796 1542
4 321 242 323 1706
4 828 829 772 1706
4 286 283 285 1622
4 966 930 755 1576
4 374 375 1514 1727
4 367 369 368 1595
4 588 700 590 1729
4 629 672 681 1559
4 1313 1533 1370 1623
4 353 351 412 1503
4 1125 1122 1422 1684
4 1139 1125 1422 1685
4 810 930 1472 1731
4 1119 1117 1115 1492
4 1189 1133 1141 1491
4 867 844 843 1503
4 570 569 568 1493
4 1054 1418 995 1724
4 1071 1417 1070 1627
4 637 703 702 1702
4 534 535 1569 1611
4 1379 1431 1429 1543
4 601 602 603 1500
4 611 613 663 1710
4 262 1008 1420 1735
4 363 362 361 1527
4 812 281 10 732
4 923 1670 733 1693
4 899 506 720 1675
4 82 388 1144 1566
4 390 452 453 1696
4 1404 1524 1319 1618
4 810 1472 841 1731
4 339 337 246 1564
4 39 747 251 1563
4 1238 1201 1151 1536
4 744 951 889 1557
4 1310 1404 1615 1686
4 1247 1219 1087 1725
4 1229 1070 1071 1417
4 1142 1187 1119 1495
4 859 861 870 1608
4 288 291 290 1431
4 1184 1105 1150 1477
4 1521 1675 1362 1733
4 724 539 540 1529
4 962 812 1412 1693
4 369 367 416 1556
4 902 858 857 1556
4 559 487 557 1552
4 694 576 1688 1689
4 694 576 693 1688
4 1507 1545 1327 1712
4 1080 1191 1074 1494
4 1169 1230 1237 1468
4 1418 1605 1340 1691
4 419 420 282 1534
4 623 503 621 1558
4 617 618 619 1522
4 1112 1109 1419 1648
4 1183 1094 1090 1523
4 360 361 362 1506
4 739 877 924 1641
4 932 1439 803 1712
4 853 851 855 1504
4 1215 1684 1125 1685
4 1223 1215 1125 1685
4 468 469 382 1705
4 328 446 445 1442
4 870 864 751 1591
4 1249 1194 1053 1692
4 59 981 989 283
4 599 600 601 1589
4 369 370 368 1595
4 881 417 46 1550
4 803 1439 800 1687
4 547 548 485 1588
4 1077 1076 1025 1560
4 593 594 595 1590
4 365 366 364 1728
4 280 470 434 1596
4 485 547 1588 1709
4 370 466 368 1595
4 64 1081 1006 260
4 645 1168 1645 1649
4 930 835 1576 1731
4 705 636 516 1628
4 298 281 10 812
4 674 1521 535 1611
4 1085 1606 1192 1725
4 1325 1529 1403 1708
4 1212 1536 1015 1702
4 930 835 834 1576
4 780 226 983 990
4 953 894 1537 1700
4 383 466 1538 1701
4 429 304 432 1404
4 942 953 894 1537
4 383 466 467 1538
4 950 942 767 1537
4 467 468 263 1538
4 890 763 946 1633
4 468 263 1538 1705
4 950 1537 767 1711
4 1321 1546 1510 1687
4 1085 1420 1086 1735
4 1192 1426 1066 1725
4 954 957 773 1634
4 1422 1442 1323 1571
4 1312 1690 1566 1719
4 922 753 51 430
4 1085 1086 1008 1735
4 255 863 48 418
4 929 841 810 1472
4 1190 1179 1024 1561
4 269 388 82 1566
4 82 1144 1149 1566
4 955 947 886 1674
4 353 355 354 1632
4 939 923 733 1693
4 282 421 422 1534
4 849 747 39 1563
4 39 251 413 1563
4 672 544 545 1443
4 375 373 255 1591
4 712 612 711 1715
4 810 841 930 1731
4 285 427 286 1418
4 1186 1185 1180 1620
4 1173 1682 679 1683
4 1315 1545 1507 1712
4 671 730 1440 1717
4 1081 64 378 260
4 718 549 552 1617
4 990 996 1496 1521
4 1373 1622 1418 1691
4 359 361 360 1726
4 896 768 155 504
4 486 553 555 1554
4 534 1569 721 1730
4 668 673 1612 1626
4 1510 1546 1316 1687
4 174 629 510 1032
4 361 359 414 1585
4 850 905 851 1585
4 620 715 716 1616
4 771 919 781 1675
4 1160 1211 1212 1702
4 1212 1201 1015 1536
4 262 1420 469 1735
4 285 59 989 283
4 971 916 769 1551
4 1452 1569 534 1730
4 666 155 768 504
4 1243 1057 1060 1638
4 541 540 538 1721
4 257 51 753 430
4 254 46 417 1550
4 750 881 46 1550
4 905 855 851 1722
4 845 844 846 1637
4 882 1588 795 1709
4 542 1505 540 1721
4 476 291 1539 1640
4 1244 1083 1598 1623
4 747 251 1563 1585
4 650 559 561 1662
4 1193 994 1000 1452
4 798 913 794 1542
4 797 818 923 1480
4 1205 1214 1155 1446
4 716 715 511 1446
4 614 612 712 1715
4 885 1582 934 1662
4 956 934 885 1582
4 397 1580 439 1658
4 689 524 690 1586
4 697 520 698 1584
4 1040 1209 1221 1584
4 954 802 957 1687
4 397 438 439 1580
4 614 613 612 1715
4 1058 1638 1056 1730
4 290 289 1431 1543
4 1265 1196 233 1256
4 634 709 708 1445
4 1220 1037 1225 1445
4 367 1556 1411 1655
4 690 1586 524 1694
4 1209 1584 1040 1695
4 520 1584 697 1695
4 1130 1178 1153 1658
4 1044 1586 1231 1694
4 1044 1216 1231 1586
4 1371 1629 1456 1646
4 840 869 868 1532
4 999 989 995 1418
4 542 543 544 1505
4 1238 1151 1200 1628
4 840 869 1532 1723
4 811 1564 928 1631
4 82 1149 269 1566
4 39 413 849 1563
4 367 1411 365 1655
4 1229 1071 1204 1417
4 261 66 1007 379
4 604 708 1531 1673
4 1121 1139 1122 1571
4 1154 1219 1032 1602
4 270 453 1548 1696
4 470 301 303 1485
4 1370 1598 1313 1623
4 1440 1683 1417 1714
4 1185 1112 1109 1419
4 964 811 928 1631
4 980 913 798 1542
4 270 453 454 1548
4 389 454 455 1548
4 784 785 1429 1543
4 750 46 254 1550
4 1193 994 984 230
4 836 838 839 1597
4 577 654 575 1565
4 1058 1403 1638 1730
4 1418 1622 1605 1691
4 365 367 366 1411
4 543 542 505 1540
4 456 348 350 1464
4 300 303 301 1485
4 1223 1042 1215 1415
4 693 522 694 1415
4 542 1540 1505 1721
4 1150 1145 1184 1719
4 1254 1258 1259 1534
4 382 469 262 1420
4 1100 1225 1103 1530
4 606 604 708 1531
4 1194 1197 1053 1528
4 1375 1527 1296 1610
4 1173 212 1049 1683
4 591 658 495 1557
4 882 931 795 1588
4 424 474 261 1606
4 1086 1143 1008 1420
4 1069 1568 1072 1618
4 369 254 371 1550
4 750 858 859 1550
4 43 856 749 1655
4 292 290 291 1640
4 759 120 649 1554
4 346 347 348 1601
4 421 1524 429 1618
4 962 939 812 1693
4 1072 108 1027 1618
4 1369 1440 1417 1714
4 914 401 1657 1661
4 534 535 536 1569
4 482 302 429 1524
4 913 793 794 1626
4 491 130 774 1565
4 35 745 249 1518
4 411 880 35 1518
4 726 1000 533 1452
4 1267 1270 1528 1692
4 587 589 657 1667
4 93 1020 394 1571
4 1150 1105 1239 1477
4 549 551 548 1481
4 552 550 677 1440
4 1309 1591 1550 1727
4 546 671 547 1709
4 1082 1007 66 379
4 832 878 877 1712
4 932 803 878 1712
4 249 411 35 1518
4 880 745 35 1518
4 603 604 605 1531
4 1103 1104 1102 1530
4 980 776 920 1535
4 400 305 300 1670
4 345 347 346 1601
4 499 891 145 1519
4 386 1106 78 1520
4 763 661 145 1519
4 1013 267 78 1520
4 840 839 838 1597
4 736 1647 240 1672
4 421 420 1524 1534
4 491 654 130 1565
4 1244 1192 1007 1606
4 723 543 678 1551
4 43 415 856 1655
4 771 532 919 1675
4 629 1032 173 1559
4 1144 1146 1566 1690
4 800 801 802 1687
4 476 292 291 1640
4 763 145 891 1519
4 661 499 145 1519
4 1106 1013 78 1520
4 386 78 267 1520
4 927 926 141 1444
4 287 1541 426 1663
4 854 1587 958 1625
4 720 771 899 1675
4 668 667 530 1570
4 1142 1017 1137 1671
4 1404 1618 1319 1627
4 304 1596 431 1686
4 1327 1439 1423 1565
4 53 968 258 471
4 771 720 532 1675
4 537 535 1675 1732
4 1369 1528 1517 1692
4 402 313 311 1672
4 821 915 822 1672
4 486 649 120 1554
4 884 945 937 1552
4 1340 1638 1373 1691
4 1173 679 212 1683
4 952 958 765 1710
4 589 590 591 1729
4 752 430 50 256
4 1093 1177 1175 1614
4 1074 1026 1596 1686
4 1231 1234 1166 1694
4 691 690 643 1694
4 1163 1210 1209 1695
4 640 697 696 1695
4 1176 1177 1101 1614
4 360 362 462 1506
4 424 297 296 1488
4 776 1268 865 221
4 519 700 699 1553
4 1227 1039 1228 1553
4 625 725 545 1639
4 638 701 700 1707
4 1227 1213 1161 1707
4 1147 1497 1146 1719
4 777 1496 782 1733
4 434 435 399 1560
4 398 436 437 1561
4 924 954 833 1416
4 253 43 749 1655
4 357 355 413 1563
4 849 845 909 1563
4 894 502 152 1537
4 944 853 855 1504
4 383 71 1089 1538
4 671 730 550 1440
4 1262 1254 1260 1534
4 578 577 576 1689
4 1144 1145 1146 1690
4 1250 1193 1000 1452
4 767 152 665 1537
4 1009 71 263 1538
4 638 192 1161 1553
4 665 152 502 1537
4 1009 1089 71 1538
4 576 575 574 1688
4 944 958 853 1587
4 759 883 120 1554
4 1147 1150 1151 1719
4 1299 1715 1436 1718
4 537 535 532 1675
4 909 1489 912 1722
4 768 933 943 1558
4 869 965 868 1613
4 638 700 1553 1707
4 1227 1161 1553 1707
4 839 840 866 1532
4 759 649 121 1552
4 1125 1124 1122 1684
4 1139 1188 1125 1685
4 279 1136 103 1560
4 93 394 274 1571
4 93 1121 1020 1571
4 932 800 803 1439
4 799 774 130 1565
4 357 358 1490 1726
4 102 1136 279 1561
4 757 795 794 1709
4 326 328 445 1664
4 838 1597 967 1723
4 1297 1617 1481 1630
4 1375 1527 1506 1734
4 1605 1622 1418 1663
4 1033 1207 1154 1602
4 253 749 44 1556
4 380 292 476 1640
4 1149 1146 1180 1566
4 800 932 799 1565
4 767 894 152 1537
4 383 263 71 1538
4 799 130 654 1565
4 221 776 1268 1257
4 669 1369 1570 1692
4 576 577 575 1423
4 675 1250 726 1452
4 675 1452 534 1730
4 371 372 1487 1727
4 1263 920 222 1257
4 262 469 433 1735
4 376 469 374 1514
4 536 721 534 1569
4 677 669 484 1714
4 29 408 928 1564
4 509 629 173 1559
4 676 729 1249 1692
4 1168 205 645 1645
4 1000 991 533 1452
4 428 108 1072 1618
4 770 973 898 1540
4 486 120 883 1554
4 251 747 40 1585
4 1139 1125 1122 1422
4 1085 1084 1606 1735
4 776 921 865 1535
4 358 360 461 1726
4 363 1610 415 1655
4 777 983 225 993
4 717 630 510 1602
4 700 701 590 1729
4 596 598 597 1513
4 1039 1161 192 1553
4 638 519 192 1553
4 276 1128 97 1643
4 1481 1617 1337 1630
4 408 29 246 1564
4 908 126 652 1644
4 494 585 587 1653
4 429 1404 236 1618
4 549 718 551 1481
4 487 121 649 1552
4 912 938 855 1722
4 93 274 1121 1571
4 777 781 780 1496
4 1267 234 1194 1528
4 759 121 884 1552
4 311 309 239 1661
4 915 735 819 1661
4 279 103 399 1560
4 103 1136 1025 1560
4 305 238 307 1657
4 188 1238 636 1536
4 374 373 375 1727
4 240 736 18 1647
4 814 813 923 1670
4 1032 1198 173 1559
4 636 517 188 1536
4 1171 1202 1170 1660
4 84 1028 1108 1548
4 102 279 398 1561
4 1136 102 1024 1561
4 913 1612 779 1626
4 777 781 1496 1733
4 1053 676 1249 1692
4 53 968 754 258
4 1028 84 389 1548
4 84 1108 270 1548
4 43 253 415 1655
4 934 945 760 1662
4 1252 1174 1053 1714
4 743 889 948 1557
4 857 44 749 1556
4 416 253 44 1556
4 856 901 749 1655
4 439 440 277 1658
4 1074 1073 1026 1686
4 1051 1056 1055 1724
4 222 920 776 1257
4 649 1552 759 1554
4 1175 1176 1011 1651
4 862 902 903 1425
4 854 852 853 1587
4 888 929 807 1667
4 995 229 1054 1724
4 1369 1517 1570 1692
4 912 909 847 1489
4 356 357 358 1490
4 1249 729 1273 1692
4 374 468 372 1727
4 1109 1111 1110 1648
4 1039 192 519 1553
4 374 375 376 1514
4 1157 1235 1035 1515
4 1036 1206 1157 1516
4 633 513 711 1516
4 513 632 712 1515
4 1047 527 1652 1660
4 517 1015 188 1536
4 610 612 611 1715
4 515 1445 708 1673
4 487 884 121 1552
4 667 668 673 1612
4 370 371 372 1487
4 861 859 860 1486
4 1000 726 1250 1452
4 1413 1358 1587 1718
4 1344 1579 1419 1648
4 1050 1194 234 1528
4 274 445 446 1571
4 1064 1065 1063 1598
4 1152 1110 1137 1676
4 103 1025 399 1560
4 1229 1417 1683 1714
4 301 302 299 1499
4 790 1456 791 1629
4 1069 1196 1072 1568
4 711 612 610 1715
4 1067 106 1026 1686
4 959 963 883 1554
4 542 541 1540 1721
4 398 1024 102 1561
4 753 922 790 1646
4 416 44 857 1556
4 993 225 777 918
4 1015 1238 188 1536
4 611 612 613 1715
4 1296 1610 1527 1655
4 674 531 982 1611
4 433 1606 381 1735
4 875 823 910 1647
4 315 403 317 1647
4 1267 1256 234 1528
4 969 778 55 472
4 84 270 389 1548
4 260 476 378 1539
4 489 565 567 1644
4 850 40 747 1585
4 40 414 251 1585
4 1130 1022 1129 1643
4 807 806 742 1653
4 987 1418 1605 1724
4 906 974 792 1619
4 1192 1066 1247 1725
4 601 600 602 1500
4 431 1026 106 1686
4 1170 1169 1046 1649
4 1356 1725 1606 1735
4 811 966 925 1564
4 680 1683 677 1714
4 1068 1069 1618 1627
4 983 777 226 780
4 140 496 659 926
4 497 660 142 927
4 734 814 815 1657
4 1050 234 1256 1528
4 542 540 541 1721
4 1146 1147 1148 1497
4 1027 432 107 1067
4 457 352 458 1650
4 456 350 457 1650
4 421 428 1568 1618
4 1096 385 75 1651
4 1264 1271 1270 1692
4 648 758 118 1588
4 1057 1055 1056 1638
4 1136 1560 279 1561
4 173 1198 509 1559
4 992 996 1521 1611
4 646 685 684 1660
4 762 142 660 927
4 504 625 723 1551
4 865 921 917 1594
4 926 140 496 744
4 1243 1055 1057 1638
4 1270 1261 1277 1517
4 985 1541 986 1663
4 40 850 414 1585
4 365 363 415 1655
4 29 928 925 1564
4 531 164 674 982
4 354 352 353 1433
4 648 118 485 1588
4 86 390 1029 1676
4 1192 1085 1084 1606
4 925 246 29 1564
4 846 844 848 1434
4 429 432 236 1404
4 645 205 525 1645
4 791 792 916 1456
4 1267 1264 1270 1692
4 229 995 984 1724
4 881 417 1550 1591
4 430 752 50 922
4 1045 205 1168 1645
4 1047 527 209 1652
4 656 135 805 1653
4 987 995 1418 1724
4 802 803 800 1687
4 450 451 391 1671
4 914 401 14 1657
4 1195 1005 62 427
4 1052 1250 675 1452
4 1022 97 1128 1643
4 396 276 97 1643
4 15 401 914 1661
4 1236 1203 1048 1682
4 908 907 126 1644
4 489 652 126 1644
4 388 1566 456 1690
4 1168 645 206 1649
4 1242 626 169 1030
4 506 160 899 720
4 1400 1336 1626 1717
4 1061 1060 1059 1424
4 969 472 54 1543
4 952 949 903 1625
4 367 253 1556 1655
4 983 990 996 1496
4 970 1675 781 1733
4 381 433 424 1606
4 58 426 985 1663
4 1312 1410 1690 1719
4 875 18 736 1647
4 240 18 403 1647
4 455 456 269 1566
4 591 593 658 1557
4 1074 1191 1073 1615
4 534 675 533 1452
4 118 882 485 1588
4 326 325 327 1664
4 954 803 802 1687
4 217 1255 670 530
4 670 1264 1255 217
4 388 456 457 1690
4 952 854 958 1625
4 118 758 882 1588
4 1496 1521 1362 1733
4 785 788 787 1609
4 1410 1650 1312 1690
4 31 247 409 1576
4 241 737 20 1581
4 1261 1271 1269 1517
4 510 629 681 1602
4 1049 680 1174 1714
4 100 1134 278 1580
4 651 761 124 1582
4 639 194 1162 1584
4 1056 1452 1052 1730
4 326 327 328 1664
4 293 290 292 1640
4 289 288 290 1431
4 58 985 981 1663
4 1144 1566 388 1690
4 31 834 247 1576
4 984 1193 230 1051
4 724 1677 508 1708
4 504 156 896 1551
4 431 304 470 1596
4 783 784 785 1429
4 498 660 601 1633
4 986 1003 988 1605
4 590 592 591 1729
4 295 296 297 1488
4 1051 1054 229 1724
4 261 1007 67 1606
4 532 535 674 1521
4 172 627 509 1198
4 156 769 896 1551
4 534 531 535 1611
4 906 864 872 1619
4 203 644 1167 1586
4 755 31 409 1576
4 380 1533 292 1640
4 484 1174 1053 214
4 1226 1035 1235 1515
4 1036 1218 1206 1516
4 711 710 633 1516
4 632 713 712 1515
4 683 682 647 1652
4 870 871 864 1608
4 686 685 526 1649
4 1413 1587 1358 1710
4 1096 75 1011 1651
4 265 75 385 1651
4 287 284 426 1541
4 827 404 20 1581
4 1246 1083 1006 1623
4 380 476 260 1623
4 165 533 991 982
4 1058 1059 1057 1638
4 827 20 737 1581
4 241 20 404 1581
4 397 1023 100 1580
4 256 49 752 1716
4 488 124 885 1582
4 527 647 209 1652
4 397 100 278 1580
4 1134 100 1023 1580
4 674 982 992 1611
4 1040 194 520 1584
4 1044 524 203 1586
4 728 674 1002 1521
4 885 124 761 1582
4 488 651 124 1582
4 916 933 896 1551
4 1212 1186 1148 1620
4 897 769 157 678
4 427 1005 62 259
4 1040 1162 194 1584
4 639 520 194 1584
4 203 524 644 1586
4 280 1075 105 1596
4 463 464 265 1651
4 1026 105 1075 1596
4 975 990 780 1521
4 432 106 1067 1686
4 526 206 645 1649
4 628 722 627 1677
4 1255 530 218 1266
4 509 722 672 1559
4 989 987 995 1418
4 276 1128 1643 1679
4 895 503 154 1558
4 652 908 1644 1680
4 390 86 271 1676
4 86 1029 1152 1676
4 603 498 601 1633
4 731 1626 668 1717
4 271 451 452 1676
4 396 97 1022 1643
4 489 126 907 1644
4 975 1002 990 1521
4 1180 1148 1186 1620
4 991 994 997 1452
4 525 205 1045 1645
4 1266 530 218 667
4 17 736 240 1672
4 1262 1260 1268 1594
4 1167 1044 203 1586
4 504 678 156 1551
4 135 742 805 1653
4 656 494 135 1653
4 838 840 1597 1723
4 777 782 781 1733
4 688 687 525 1645
4 943 872 871 1421
4 749 1556 253 1655
4 88 1114 272 1671
4 907 935 940 1644
4 401 238 14 1657
4 1168 206 1046 1649
4 1251 1265 1275 1568
4 440 441 396 1643
4 15 239 401 1661
4 768 895 154 1558
4 156 678 769 1551
4 914 14 734 1657
4 875 403 18 1647
4 792 1456 790 1646
4 15 914 735 1661
4 31 755 834 1576
4 158 770 897 719
4 993 986 985 1541
4 1203 1233 1172 1652
4 992 674 164 982
4 1047 209 1172 1652
4 304 302 301 1499
4 1073 1071 1068 1615
4 779 913 920 1612
4 528 682 718 1682
4 1014 81 268 1690
4 432 431 106 1686
4 1213 1111 1112 1648
4 720 161 771 532
4 971 898 791 1629
4 987 1605 1004 1724
4 754 969 54 1543
4 258 54 472 1543
4 169 507 626 1242
4 160 771 899 720
4 1199 1217 1045 1645
4 1265 1259 1258 1568
4 505 158 897 719
4 47 417 881 1591
4 261 67 381 1606
4 1051 229 984 1724
4 774 491 1565 1674
4 627 172 1031 1198
4 576 1423 1688 1689
4 1007 1084 67 1606
4 237 733 12 1670
4 1125 1684 1422 1685
4 296 295 294 1533
4 1020 394 1571 1669
4 421 282 420 1534
4 1071 1070 1068 1627
4 977 425 479 1594
4 516 635 706 1628
4 1056 1193 1052 1452
4 495 743 137 1667
4 472 778 55 284
4 680 1049 212 1683
4 985 426 1541 1663
4 292 1533 294 1640
4 678 157 897 505
4 782 918 778 1541
4 527 1047 208 1660
4 480 284 978 1541
4 917 425 1594 1720
4 1436 1715 1358 1718
4 281 423 483 1720
4 65 1082 379 1623
4 265 1011 75 1651
4 1339 1642 1473 1729
4 751 255 47 1591
4 751 47 881 1591
4 538 539 536 1529
4 674 992 1521 1611
4 538 1529 536 1732
4 972 922 752 1646
4 924 878 803 1712
4 477 433 376 1555
4 985 426 480 1541
4 781 970 771 1675
4 526 1046 206 1649
4 1273 729 670 1692
4 903 901 854 1625
4 105 1026 431 1596
4 1054 1051 1055 1724
4 1072 1568 428 1618
4 869 926 1444 1723
4 790 792 791 1456
4 680 212 679 1683
4 987 1004 995 1724
4 1049 1174 680 213
4 1049 1229 1204 1683
4 666 768 154 1558
4 890 936 762 1633
4 497 659 597 1444
4 1172 209 647 1652
4 1200 1239 1038 1628
4 1053 676 484 214
4 533 165 531 982
4 1029 1676 390 1696
4 867 868 848 1613
4 1023 397 99 1658
4 135 494 742 1653
4 701 592 590 1729
4 367 365 253 1655
4 1341 1605 1622 1691
4 1340 1605 1418 1724
4 515 634 708 1445
4 1159 1225 1037 1445
4 805 656 1653 1681
4 1001 985 480 1541
4 123 488 885 1662
4 86 1152 271 1676
4 238 734 14 1657
4 255 417 47 1591
4 239 15 735 1661
4 679 1173 211 1682
4 919 728 975 1521
4 419 425 420 1594
4 1176 1175 1177 1614
4 1049 1683 680 1714
4 236 1027 108 1618
4 65 1006 1082 1623
4 65 379 260 1623
4 1084 381 67 1606
4 968 471 52 1607
4 1314 1505 1540 1721
4 1251 1196 1265 1568
4 666 154 503 1558
4 1524 1534 1324 1713
4 1319 1534 1524 1713
4 897 770 898 1540
4 415 1610 856 1655
4 628 540 542 1505
4 375 418 377 1716
4 1034 1205 1155 1446
4 474 296 380 1533
4 631 511 715 1446
4 105 431 280 1596
4 378 291 473 1539
4 362 363 364 1527
4 736 17 821 1672
4 17 240 402 1672
4 1052 1452 675 1730
4 400 237 12 1670
4 1017 1114 88 1671
4 88 272 391 1671
4 495 137 657 1667
4 1048 211 1173 1682
4 377 376 375 1555
4 527 208 646 1660
4 919 771 161 532
4 877 878 924 1712
4 843 844 746 1503
4 412 250 353 1503
4 1373 1431 1622 1691
4 539 724 626 1708
4 732 979 962 1720
4 668 731 673 1626
4 977 917 425 1594
4 889 951 948 1557
4 1112 1111 1109 1648
4 516 706 705 1628
4 258 754 54 1543
4 256 418 49 1716
4 1006 65 260 1623
4 978 918 1001 1541
4 81 388 268 1690
4 81 1014 1144 1690
4 919 780 781 1521
4 1273 670 1264 1692
4 928 1564 408 1631
4 1276 1257 1268 1535
4 1268 865 1274 1594
4 733 813 12 1670
4 1274 865 977 1594
4 422 1275 1258 1568
4 863 752 49 1716
4 58 283 426 1663
4 1229 1683 1049 1714
4 252 748 42 1610
4 42 856 415 1610
4 600 598 705 1589
4 1473 1642 1302 1729
4 1161 638 1553 1707
4 594 703 596 1590
4 890 946 936 1633
4 1068 1069 1027 1618
4 624 623 622 1427
4 991 998 982 1611
4 888 137 743 1667
4 673 779 727 1612
4 1171 208 1047 1660
4 58 981 283 1663
4 1103 1105 1104 1603
4 431 1596 1026 1686
4 863 864 906 1716
4 402 821 17 1672
4 88 391 1017 1671
4 115 793 779 1626
4 532 728 919 1521
4 515 708 707 1673
4 1253 1069 1070 1627
4 707 604 602 1673
4 993 1001 918 1541
4 420 482 421 1524
4 1272 667 727 1612
4 1257 1276 1269 1535
4 428 236 108 1618
4 727 779 976 1612
4 12 813 400 1670
4 1219 1154 1207 1602
4 1171 646 208 1660
4 888 657 137 1667
4 622 621 620 1616
4 292 294 293 1640
4 485 882 117 1709
4 372 467 370 1487
4 861 860 942 1486
4 348 349 350 1464
4 1341 1622 1431 1691
4 277 99 397 1658
4 1023 99 1153 1658
4 1262 479 419 1594
4 1253 1197 1050 1528
4 508 1677 1241 1708
4 1149 1144 1146 1566
4 123 885 760 1662
4 123 650 488 1662
4 778 978 284 1541
4 552 677 680 1683
4 747 849 909 1563
4 413 251 357 1563
4 950 871 861 1608
4 115 529 793 1626
4 1114 272 1671 1678
4 617 616 618 1592
4 290 258 289 1543
4 784 754 785 1543
4 1094 1092 1090 1593
4 1148 1147 1201 1497
4 675 726 533 1452
4 81 1144 388 1690
4 748 856 42 1610
4 415 252 42 1610
4 1023 1580 397 1658
4 350 351 352 1650
4 1048 528 211 1682
4 673 779 1612 1626
4 753 968 52 1607
4 471 257 52 1607
4 425 917 9 1720
4 488 1582 885 1662
4 1181 1088 1182 1583
4 28 245 741 1631
4 115 779 673 1626
4 411 880 1518 1704
4 499 891 1519 1698
4 1106 1520 386 1699
4 1013 267 1520 1697
4 481 1275 422 1568
4 277 1153 99 1658
4 254 417 371 1550
4 881 750 859 1550
4 912 847 941 1489
4 356 358 460 1490
4 123 760 650 1662
4 1108 1028 1185 1548
4 986 1605 987 1663
4 620 619 618 1522
4 608 607 606 1578
4 1099 1100 1098 1577
4 1182 1094 1183 1523
4 473 288 286 1622
4 679 211 528 1682
4 894 502 1537 1700
4 383 1538 1089 1701
4 1251 232 1275 1265
4 502 619 665 1537
4 1009 1538 263 1705
4 1183 1089 1009 1538
4 1341 1622 1605 1663
4 1204 1071 1191 1615
4 540 539 538 1529
4 508 1241 170 1708
4 1068 1067 1073 1686
4 1241 1677 1062 1708
4 491 575 654 1565
4 1245 1064 1198 1559
4 776 980 921 1535
4 767 1537 665 1711
4 479 1262 1274 1594
4 195 1040 520 1695
4 236 432 107 1027
4 933 974 872 1619
4 202 524 1044 1694
4 1000 994 991 1452
4 1108 270 1548 1696
4 283 1622 287 1663
4 975 728 1002 1521
4 787 789 898 1629
4 1057 1056 1058 1638
4 973 786 787 1609
4 171 1241 508 1677
4 281 425 9 1720
4 1272 976 1263 1612
4 281 9 732 1720
4 732 9 917 1720
4 927 869 926 1444
4 976 920 1263 1612
4 733 1670 237 1693
4 485 1588 882 1709
4 422 421 428 1568
4 674 992 1002 1521
4 1273 1264 1267 1692
4 990 992 996 1521
4 627 1031 171 1677
4 171 508 627 1677
4 518 191 1016 1707
4 1241 171 1031 1677
4 649 486 555 1554
4 349 411 249 1518
4 1204 1173 1049 1683
4 510 681 717 1602
4 1249 1267 235 1194
4 827 21 404 1706
4 245 28 408 1631
4 880 866 745 1518
4 605 499 661 1519
4 1102 1013 1106 1520
4 1121 1122 1020 1571
4 500 148 892 1710
4 1083 1244 1082 1623
4 23 405 876 1641
4 542 544 628 1505
4 474 380 379 1623
4 1241 1030 170 1708
4 517 1015 1536 1702
4 879 407 26 1634
4 521 197 1041 1635
4 1164 197 641 1635
4 1043 200 523 1636
4 200 1165 642 1636
4 52 257 753 1607
4 1263 1269 1266 1612
4 1103 1232 1105 1603
4 1200 1151 1239 1628
4 739 243 23 1641
4 928 408 28 1631
4 246 337 408 1564
4 1040 1584 520 1695
4 524 1586 1044 1694
4 479 8 425 977
4 1100 1103 1102 1530
4 606 605 604 1531
4 485 117 546 1709
4 380 294 292 1533
4 970 899 771 1675
4 1277 1256 1270 1528
4 863 49 418 1716
4 827 404 1581 1706
4 487 649 557 1552
4 1251 428 1072 1568
4 1062 1059 1030 1708
4 480 56 978 284
4 421 429 236 1618
4 244 773 26 1634
4 115 673 529 1626
4 1025 1136 1077 1560
4 749 902 857 1556
4 367 253 416 1556
4 1128 1129 1022 1643
4 869 967 926 1723
4 489 567 652 1644
4 757 117 882 1709
4 928 28 741 1631
4 1000 1193 231 994
4 981 986 987 1663
4 232 1251 1196 1265
4 875 736 823 1647
4 403 315 240 1647
4 720 537 532 1675
4 747 905 850 1585
4 251 414 359 1585
4 648 485 548 1588
4 550 730 677 1440
4 1052 1193 1250 1452
4 507 534 721 1730
4 269 456 388 1566
4 1262 479 113 419
4 887 132 655 1665
4 492 132 740 1665
4 757 546 117 1709
4 1120 91 273 1668
4 91 1019 393 1668
4 394 1020 94 1669
4 94 1127 275 1669
4 484 1174 680 1714
4 1068 1070 1069 1627
4 868 866 840 1532
4 405 23 243 1641
4 786 785 787 1609
4 1258 422 110 1275
4 643 202 1166 1694
4 195 640 1163 1695
4 506 537 720 1675
4 1024 1179 1136 1561
4 247 341 409 1576
4 244 26 407 1634
4 521 641 197 1635
4 1164 1041 197 1635
4 200 1043 1165 1636
4 200 642 523 1636
4 1176 1096 1011 1651
4 272 1114 89 1678
4 1018 392 89 1678
4 96 395 1021 1679
4 96 1128 276 1679
4 908 652 127 1680
4 972 792 790 1646
4 490 738 127 1680
4 134 656 805 1681
4 134 775 493 1681
4 23 876 739 1641
4 626 508 170 1708
4 643 524 202 1694
4 195 520 640 1695
4 195 1163 1040 1695
4 600 599 598 1589
4 1029 1110 1152 1676
4 202 1044 1166 1694
4 990 780 227 975
4 704 598 596 1513
4 1083 1061 1063 1598
4 170 1030 626 1708
4 714 618 616 1592
4 1208 1092 1094 1593
4 985 426 57 480
4 1244 1083 1065 1598
4 854 853 958 1587
4 1222 1223 1188 1685
4 1124 1215 1224 1684
4 774 129 491 1674
4 886 653 129 1674
4 421 236 428 1618
4 594 596 595 1590
4 1075 1074 1026 1596
4 977 8 425 917
4 242 21 772 1706
4 428 1251 481 1568
4 656 585 494 1653
4 805 742 806 1653
4 239 309 401 1661
4 1161 191 638 1707
4 989 478 60 285
4 879 26 773 1634
4 819 735 914 1661
4 227 1002 990 975
4 304 431 432 1686
4 693 574 692 1688
4 724 628 508 1677
4 401 307 238 1657
4 1214 1182 1088 1583
4 1267 1249 235 1273
4 734 815 914 1657
4 1108 85 270 1696
4 695 578 694 1689
4 503 1558 895 1711
4 1001 985 57 480
4 663 765 148 1710
4 932 774 799 1565
4 1274 479 113 1262
4 478 989 60 999
4 518 638 191 1707
4 1161 1016 191 1707
4 827 737 900 1581
4 404 319 241 1581
4 827 772 21 1706
4 242 404 21 1706
4 1023 1135 1134 1580
4 488 563 651 1582
4 11 298 812 1693
4 1169 1168 1046 1649
4 953 860 862 1621
4 481 110 422 1275
4 892 148 765 1710
4 500 663 148 1710
4 1009 263 70 1705
4 894 151 502 1700
4 383 1089 72 1701
4 1193 1000 231 1250
4 79 267 1013 1697
4 386 77 1106 1699
4 146 891 499 1698
4 1029 390 85 1696
4 237 11 733 1693
4 1199 1045 1168 1645
4 491 129 653 1674
4 492 655 132 1665
4 549 547 550 1617
4 887 740 132 1665
4 91 393 273 1668
4 1120 1019 91 1668
4 275 394 94 1669
4 94 1020 1127 1669
4 1254 1259 1260 1534
4 674 535 531 1611
4 860 858 862 1621
4 1145 1147 1146 1719
4 672 629 509 1559
4 838 967 840 1723
4 168 1052 675 1730
4 77 266 1012 1699
4 662 764 146 1698
4 387 79 1107 1697
4 657 589 495 1667
4 766 664 151 1700
4 1010 264 72 1701
4 608 606 709 1578
4 1099 1220 1100 1577
4 400 300 237 1670
4 891 941 763 1519
4 267 460 386 1520
4 34 880 411 1704
4 274 394 445 1571
4 248 842 34 1704
4 392 272 89 1678
4 1018 89 1114 1678
4 96 276 395 1679
4 96 1021 1128 1679
4 490 127 652 1680
4 517 189 1015 1702
4 908 127 738 1680
4 736 821 822 1672
4 402 240 313 1672
4 881 870 751 1591
4 996 1003 983 1496
4 1272 1266 667 1612
4 1017 1142 1114 1671
4 134 805 775 1681
4 134 493 656 1681
4 778 978 56 284
4 759 959 883 1554
4 1144 1014 1145 1690
4 1160 189 637 1702
4 1174 484 680 213
4 354 356 459 1632
4 680 677 484 1714
4 727 219 667 1272
4 946 847 846 1637
4 774 886 129 1674
4 70 382 1143 1705
4 519 638 700 1553
4 1161 1039 1227 1553
4 153 767 665 1711
4 1198 1032 1245 1559
4 1001 480 978 1541
4 11 237 298 1693
4 884 937 759 1552
4 399 435 279 1560
4 517 636 704 1536
4 398 279 436 1561
4 255 373 417 1591
4 909 912 905 1722
4 645 525 687 1645
4 1274 220 865 1268
4 283 286 287 1622
4 681 725 624 1639
4 1002 728 163 674
4 507 675 534 1730
4 441 276 396 1643
4 357 359 358 1726
4 907 908 935 1644
4 168 675 507 1730
4 925 928 811 1564
4 220 977 1274 865
4 11 812 733 1693
4 1015 1201 1238 1536
4 488 650 561 1662
4 727 673 114 779
4 390 270 85 1696
4 1108 1029 85 1696
4 758 931 882 1588
4 371 373 372 1727
4 517 637 189 1702
4 779 114 727 976
4 856 748 852 1610
4 363 252 415 1610
4 1271 1261 1270 1517
4 896 769 916 1551
4 1242 1052 168 1730
4 70 1143 1009 1705
4 942 894 767 1537
4 383 467 263 1538
4 387 267 79 1697
4 79 1013 1107 1697
4 386 266 77 1699
4 77 1012 1106 1699
4 891 146 764 1698
4 146 499 662 1698
4 766 151 894 1700
4 664 502 151 1700
4 1089 1010 72 1701
4 72 264 383 1701
4 1242 168 507 1730
4 153 503 895 1711
4 261 381 424 1606
4 1197 1194 1050 1528
4 976 223 1263 920
4 1047 1172 1233 1652
4 228 995 1054 999
4 1256 1267 1270 1528
4 976 223 1272 1263
4 385 463 265 1651
4 248 34 411 1704
4 527 683 647 1652
4 842 880 34 1704
4 1085 1192 1247 1725
4 1062 1031 1063 1677
4 1054 1248 228 999
4 1153 1178 1023 1658
4 382 70 263 1705
4 485 546 547 1709
4 788 753 789 1607
4 294 257 293 1607
4 1192 1084 1007 1606
4 390 271 452 1676
4 645 686 526 1649
4 1160 1015 189 1702
4 1264 1273 216 670
4 256 377 418 1716
4 408 335 245 1631
4 943 895 768 1558
4 729 216 1273 670
4 1008 262 68 1735
4 427 61 1248 478
4 918 224 978 1001
4 992 998 996 1611
4 243 325 405 1641
4 834 755 930 1576
4 532 674 728 1521
4 407 331 244 1634
4 397 278 438 1580
4 882 795 757 1709
4 330 328 329 1703
4 885 761 956 1582
4 639 698 520 1584
4 1162 1040 1221 1584
4 524 689 644 1586
4 871 870 861 1608
4 991 533 166 1000
4 1004 987 988 1605
4 166 533 726 1000
4 906 752 863 1716
4 355 356 354 1632
4 828 772 827 1706
4 242 321 404 1706
4 224 918 993 1001
4 837 835 841 1731
4 1275 481 1251 1568
4 733 923 813 1670
4 611 663 500 1710
4 429 421 482 1524
4 1167 1216 1044 1586
4 987 986 988 1605
4 270 454 389 1548
4 153 895 767 1711
4 653 573 491 1674
4 492 579 655 1665
4 1120 1138 1019 1668
4 1020 1123 1127 1669
4 1084 381 1606 1735
4 1251 428 109 1072
4 153 665 503 1711
4 1248 1195 61 427
4 739 876 877 1641
4 847 845 846 1637
4 801 740 887 1665
4 1114 1115 1018 1678
4 1021 1141 1128 1679
4 652 569 490 1680
4 1202 1171 1047 1660
4 888 743 929 1667
4 493 583 656 1681
4 283 287 426 1663
4 237 299 298 1693
4 775 805 873 1681
4 1229 1049 1174 1714
4 646 684 527 1660
4 331 330 329 1703
4 1029 1108 1109 1696
4 965 848 868 1613
4 505 541 719 1540
4 391 272 450 1671
4 479 1274 977 1594
4 1236 1048 1173 1682
4 502 664 617 1700
4 1089 1090 1010 1701
4 1107 1013 1104 1697
4 1106 1012 1098 1699
4 662 499 607 1698
4 1009 1143 1181 1705
4 504 723 678 1551
4 476 291 378 1539
4 388 457 268 1690
4 248 411 347 1704
4 842 839 880 1704
4 464 366 465 1728
4 793 913 779 1626
4 288 287 286 1622
4 724 508 626 1708
4 1004 997 984 1724
4 625 624 725 1639
4 379 380 260 1623
4 1082 1006 1083 1623
4 1272 727 976 1612
4 428 109 481 1251
4 781 782 783 1733
4 1081 64 63 378
4 503 623 666 1558
4 675 167 726 1250
4 975 919 162 728
4 505 542 541 1540
4 716 622 620 1616
4 277 397 439 1658
4 665 621 503 1711
4 1030 1241 1062 1708
4 1058 1056 1052 1730
4 552 549 550 1617
4 885 934 760 1662
4 1247 1087 1085 1725
4 1027 1069 1072 1618
4 975 780 919 1521
4 68 381 1084 1735
4 707 708 604 1673
4 207 526 1046 206
4 184 634 1037 183
4 180 632 1035 179
4 182 633 1036 181
4 88 89 272 1114
4 73 72 1010 264
4 90 91 273 1120
4 89 90 392 1018
4 72 71 1089 383
4 82 81 1144 388
4 79 78 1013 267
4 1108 85 84 270
4 74 73 1095 384
4 78 77 1106 386
4 1149 83 82 269
4 76 75 1096 385
4 1014 81 80 268
4 1028 84 83 389
4 75 74 1011 265
4 77 76 1012 266
4 198 1164 197 641
4 186 185 635 1038
4 183 514 1158 182
4 181 513 1157 180
4 95 96 395 1021
4 1165 199 200 642
4 274 92 93 1121
4 271 86 87 1152
4 1043 200 201 523
4 1161 192 638 191
4 1039 192 193 519
4 1163 195 196 640
4 1166 201 202 643
4 1162 193 194 639
4 1040 194 195 520
4 1041 196 197 521
4 1042 198 199 522
4 1159 185 515 184
4 512 1156 179 178
4 631 178 177 1034
4 390 85 86 1029
4 391 87 88 1017
4 278 100 101 1134
4 394 93 94 1020
4 1107 80 79 387
4 276 96 97 1128
4 396 97 98 1022
4 393 91 92 1019
4 397 99 100 1023
4 275 94 95 1127
4 277 98 99 1153
4 805 134 135 656
4 775 133 134 493
4 28 27 741 245
4 742 135 136 494
4 35 36 249 745
4 143 142 660 762
4 36 37 412 843
4 144 143 498 890
4 37 38 250 746
4 145 144 661 763
4 38 39 413 849
4 499 146 145 891
4 39 40 251 747
4 147 146 662 764
4 40 41 414 850
4 41 42 252 748
4 500 148 147 892
4 149 148 663 765
4 42 43 415 856
4 501 150 149 893
4 43 44 253 749
4 151 150 664 766
4 416 44 45 857
4 894 151 152 502
4 879 27 26 407
4 772 22 21 242
4 125 126 907 489
4 20 19 737 241
4 124 123 488 885
4 17 18 240 736
4 126 127 908 652
4 827 21 20 404
4 487 122 121 884
4 239 15 16 735
4 125 124 651 761
4 18 19 403 875
4 46 45 750 254
4 398 101 102 1024
4 279 102 103 1136
4 650 123 122 760
4 16 17 402 821
4 399 103 104 1025
4 47 46 881 417
4 740 131 132 492
4 13 14 238 734
4 32 33 410 756
4 177 176 511 1155
4 71 70 1009 263
4 152 153 767 665
4 1044 202 203 524
4 140 139 496 744
4 127 128 738 490
4 191 190 518 1016
4 887 132 133 655
4 248 33 34 842
4 34 35 411 880
4 649 121 120 759
4 14 15 401 914
4 876 23 22 405
4 1084 1008 68 1735
4 790 791 789 1629
4 728 919 162 532
4 1250 675 167 1052
4 739 24 23 243
4 258 472 289 1543
4 784 969 754 1543
4 1266 667 219 1272
4 773 26 25 244
4 359 360 358 1726
4 546 117 116 757
4 855 905 912 1722
4 262 381 68 1735
4 376 377 477 1555
4 206 645 1168 205
4 799 130 131 654
4 12 13 400 813
4 104 105 280 1075
4 211 528 1048 210
4 834 32 31 247
4 426 284 480 1541
4 372 373 374 1727
4 751 48 47 255
4 888 136 137 657
4 485 118 117 882
4 296 294 380 1533
4 667 673 727 1612
4 207 1171 646 208
4 415 253 365 1655
4 928 741 964 1631
4 281 483 425 1720
4 917 979 732 1720
4 210 647 1172 209
4 1167 203 204 644
4 658 139 138 889
4 886 128 129 653
4 486 120 119 883
4 176 175 630 1033
4 674 163 1002 992
4 70 69 1143 382
4 1265 1196 232 233
4 1031 1062 1241 1677
4 280 431 470 1596
4 364 366 464 1728
4 190 189 637 1160
4 528 718 679 1682
4 1145 1150 1147 1719
4 11 12 237 733
4 627 508 628 1677
4 917 977 865 1594
4 209 527 1047 208
4 204 1045 525 205
4 774 129 130 491
4 137 138 743 495
4 676 669 670 1692
4 648 119 118 758
4 643 690 524 1694
4 1209 1040 1163 1695
4 520 697 640 1695
4 69 68 1008 262
4 1166 1044 1231 1694
4 1041 1164 1222 1635
4 1165 1043 1224 1636
4 642 692 523 1636
4 521 695 641 1635
4 676 1053 1249 215
4 1026 1073 1067 1686
4 833 25 24 406
4 1063 1065 1083 1598
4 113 112 1262 419
4 992 982 998 1611
4 895 153 154 503
4 8 9 425 917
4 985 1001 993 1541
4 110 111 422 1258
4 701 638 518 1707
4 985 986 981 1663
4 1016 1161 1213 1707
4 1124 1125 1215 1684
4 1125 1188 1223 1685
4 576 574 693 1688
4 576 694 578 1689
4 978 778 918 1541
4 1251 1072 1196 1568
4 765 958 892 1710
4 957 879 773 1634
4 282 111 112 1254
4 529 116 115 793
4 1191 1071 1073 1615
4 444 394 275 1669
4 273 393 447 1668
4 220 865 1268 221
4 990 780 226 227
4 52 51 753 257
4 955 886 774 1674
4 1002 992 990 1521
4 189 188 517 1015
4 298 10 11 812
4 729 676 1249 215
4 841 835 930 1731
4 449 272 392 1678
4 395 276 442 1679
4 679 552 680 1683
4 960 908 738 1680
4 812 939 733 1693
4 755 31 30 409
4 928 29 28 408
4 60 59 989 285
4 673 115 114 779
4 187 186 516 1200
4 676 670 729 1692
4 223 1263 920 222
4 510 175 174 1154
4 188 187 636 1238
4 54 53 754 258
4 1160 1212 1015 1702
4 453 270 390 1696
4 538 536 537 1732
4 637 517 703 1702
4 968 753 788 1607
4 471 293 257 1607
4 216 1264 670 217
4 766 894 953 1700
4 383 264 466 1701
4 387 459 267 1697
4 386 461 266 1699
4 764 938 891 1698
4 903 854 952 1625
4 159 160 899 506
4 170 169 626 1030
4 974 906 872 1619
4 229 995 1054 228
4 925 30 29 246
4 382 263 468 1705
4 105 106 431 1026
4 212 679 1173 211
4 869 840 967 1723
4 426 57 58 985
4 898 789 791 1629
4 529 673 731 1626
4 895 950 767 1711
4 991 533 165 166
4 457 350 352 1650
4 1275 1265 1258 1568
4 768 154 155 666
4 1268 1274 1262 1594
4 669 668 530 1570
4 537 536 535 1732
4 1252 1229 1174 1714
4 425 419 479 1594
4 59 58 981 283
4 234 1267 1194 235
4 9 10 281 732
4 56 55 778 284
4 994 1193 231 230
4 918 993 225 224
4 984 995 1004 1724
4 1050 234 233 1256
4 222 776 221 1257
4 428 108 109 1072
4 1085 1008 1084 1735
4 863 49 48 418
4 63 62 1005 259
4 779 920 976 1612
4 671 731 730 1717
4 1000 726 6 1250
4 976 4 727 1272
4 975 5 1002 728
4 1273 1249 7 729
4 1274 0 479 977
4 1001 1 978 480
4 1275 481 3 1251
4 999 1248 2 478
4 970 781 783 1733
4 428 481 422 1568
4 68 67 1084 381
4 67 66 1007 261
4 752 50 49 256
4 262 433 381 1735
4 155 156 896 504
4 659 141 140 926
4 142 141 497 927
4 212 1049 680 213
4 432 106 107 1067
4 229 984 230 1051
4 1053 676 214 215
4 172 171 627 1031
4 157 158 897 505
4 161 162 919 532
4 675 168 167 1052
4 174 173 629 1032
4 1195 62 61 427
4 226 777 983 225
4 107 108 236 1027
4 922 972 790 1646
4 731 668 730 1717
4 1242 1058 1052 1730
4 66 65 1082 379
4 218 1266 667 219
4 1272 1263 1266 1612
4 484 1174 214 213
4 992 674 163 164
4 530 217 1255 218
4 231 1000 6 1250
4 57 1 1001 480
4 235 1249 7 1273
4 481 3 110 1275
4 479 113 0 1274
4 5 1002 227 975
4 999 2 60 478
4 1248 61 2 478
4 481 109 3 1251
4 65 64 1006 260
4 173 172 509 1198
4 769 156 157 678
4 728 5 1002 163
4 4 219 727 1272
4 169 168 507 1242
4 160 161 771 720
4 228 1248 2 999
4 977 1274 0 220
4 114 4 727 976
4 978 1 56 480
4 5 975 162 728
4 726 167 6 1250
4 164 531 165 982
4 216 1273 7 729
4 166 726 6 1000
4 223 4 976 1272
4 232 1275 3 1251
4 978 224 1 1001
4 0 8 479 977
4 729 1249 7 215
4 922 51 50 430
4 171 170 508 1241
4 159 770 158 719
4 969 55 54 472
4 968 53 52 471
4 1446 1033 1214 1155
4 1446 1214 1033 1365
4 1446 630 716 1365
4 1446 716 630 511
4 1445 1158 1220 1037
4 1445 1220 1158 1367
4 514 1445 709 634
4 709 1445 514 1367
4 1576 756 835 834
4 1576 835 756 1405
4 1562 1400 1440 1292
4 1562 1440 1400 1297
4 1576 410 343 1405
4 1576 343 410 247
4 1600 1547 1464 1294
4 1600 1464 1547 1312
4 1703 1546 1502 1322
4 1703 1502 1546 1316
4 1062 1598 1677 1063
4 1677 1598 1062 1325
4 1631 811 1303 964
4 1631 1303 811 1564
4 1662 487 559 1383
4 1662 559 487 650
4 1662 884 945 760
4 1662 945 884 1383
4 1712 1290 1416 1315
4 1712 1416 1290 1439
4 1617 1417 1683 1337
4 1617 1683 1417 1440
4 1703 1290 1546 1442
4 1703 1546 1290 1316
4 1520 1699 1530 1350
4 1520 1530 1699 1098
4 1577 1530 1699 1350
4 1577 1699 1530 1098
4 1519 1698 1531 607
4 1519 1531 1698 1351
4 1578 1531 1698 607
4 1578 1698 1531 1351
4 1407 1326 463 1651
4 463 1326 1407 1734
4 1619 916 933 974
4 1619 933 916 1357
4 1663 989 987 981
4 1663 987 989 1418
4 1077 1561 1136 1179
4 1136 1561 1077 1560
4 1611 988 1340 998
4 1611 1340 988 1605
4 997 1340 988 998
4 997 988 1340 1605
4 1496 1663 1605 986
4 1605 1663 1496 1341
4 1568 1253 1528 1319
4 1568 1528 1253 1196
4 1639 717 681 1602
4 1639 681 717 624
4 1611 997 991 998
4 1611 991 997 1452
4 1733 786 783 970
4 1733 783 786 1429
4 1373 1060 1638 1243
4 1373 1638 1060 1424
4 1568 1277 1528 1265
4 1568 1528 1277 1319
4 1628 600 1500 706
4 1628 1500 600 1589
4 1663 285 1622 1418
4 1663 1622 285 283
4 1526 1728 1527 1326
4 1527 1728 1526 1411
4 529 1709 671 546
4 671 1709 529 1400
4 1720 423 1524 1412
4 1720 1524 423 483
4 1649 646 685 526
4 1649 685 646 1386
4 1653 657 587 494
4 1653 587 657 1377
4 1701 1593 1523 1090
4 1701 1523 1593 1346
4 1700 1592 1522 1347
4 1700 1522 1592 617
4 1657 400 305 238
4 1657 305 400 1378
4 1583 1705 1523 1181
4 1523 1705 1583 1343
4 1661 402 311 1376
4 1661 311 402 239
4 1661 821 915 735
4 1661 915 821 1376
4 1730 1030 626 1242
4 1730 626 1030 1708
4 1634 1687 1510 1316
4 1510 1687 1634 957
4 297 1555 1356 477
4 1356 1555 297 1488
4 1356 424 297 477
4 297 424 1356 1488
4 1048 1652 1203 1172
4 1203 1652 1048 1392
4 1649 1171 1170 1386
4 1649 1170 1171 1046
4 1657 813 814 1378
4 1657 814 813 734
4 1676 391 451 1385
4 1676 451 391 271
4 888 1653 807 742
4 807 1653 888 1377
4 1652 528 682 647
4 1652 682 528 1392
4 1574 1374 1328 1450
4 1574 1328 1374 1449
4 1676 1017 1137 1152
4 1676 1137 1017 1385
4 1644 651 565 1380
4 1644 565 651 489
4 1643 1153 1130 1022
4 1643 1130 1153 1384
4 1482 338 339 1466
4 1482 339 338 340
4 1647 241 317 1374
4 1647 317 241 403
4 1647 737 910 875
4 1647 910 737 1374
4 1614 1734 1407 1326
4 1407 1734 1614 1438
4 1614 1526 1734 1326
4 1614 1734 1526 1299
4 1454 825 910 911
4 1454 910 825 1449
4 1453 316 317 1450
4 1453 317 316 318
4 1455 1654 1451 1304
4 1451 1654 1455 1335
4 1475 1659 1454 1332
4 1454 1659 1475 1307
4 566 1462 565 564
4 565 1462 566 1459
4 1641 1664 1511 1315
4 1511 1664 1641 325
4 751 1716 864 863
4 864 1716 751 1406
4 1469 1131 1130 1132
4 1469 1130 1131 1465
4 1604 1522 1486 1342
4 1604 1486 1522 1295
4 1716 255 375 418
4 1716 375 255 1406
4 1697 1603 1530 1104
4 1697 1530 1603 1348
4 1499 429 304 302
4 1499 304 429 1404
4 1619 792 916 974
4 1619 916 792 1456
4 1702 1590 1513 703
4 1702 1513 1590 1352
4 1725 1086 1087 1085
4 1725 1087 1086 1441
4 1469 1666 1468 1306
4 1468 1666 1469 1333
4 1493 1659 1459 1300
4 1459 1659 1493 1332
4 1495 1656 1492 1330
4 1492 1656 1495 1301
4 627 1677 1198 1031
4 627 1198 1677 1372
4 1064 1198 1677 1031
4 1064 1677 1198 1372
4 1696 1185 1419 1548
4 1696 1419 1185 1109
4 1700 1621 1537 953
4 1700 1537 1621 1347
4 1486 1537 1621 953
4 1486 1621 1537 1347
4 770 506 159 899
4 159 506 770 719
4 1520 1697 1490 1348
4 1520 1490 1697 459
4 1632 1490 1697 1348
4 1632 1697 1490 459
4 1600 1513 1497 1294
4 1600 1497 1513 1355
4 1696 1648 1110 1344
4 1696 1110 1648 1109
4 1561 435 1298 1560
4 1561 1298 435 436
4 619 1711 1522 621
4 1522 1711 619 1537
4 1701 1183 1523 1538
4 1701 1523 1183 1090
4 1700 619 1522 617
4 1700 1522 619 1537
4 1705 1183 1523 1181
4 1705 1523 1183 1538
4 1728 384 1651 1408
4 1728 1651 384 464
4 1403 626 539 721
4 1403 539 626 1708
4 1058 1708 1730 1030
4 1730 1708 1058 1403
4 1720 812 962 732
4 1720 962 812 1412
4 1720 298 423 1412
4 1720 423 298 281
4 1692 1255 1271 1570
4 1692 1271 1255 1264
4 1664 324 444 326
4 1664 444 324 1511
4 1725 1066 1245 1426
4 1725 1245 1066 1247
4 1692 530 669 670
4 1692 669 530 1570
4 1639 545 672 725
4 1639 672 545 1443
4 897 719 1540 505
4 1540 719 897 770
4 1717 669 668 730
4 1717 668 669 1570

CELL_TYPES 7659
5
5
5
5
5
5
5
5
5
5
5
5
5
5
5
5
5
5
5
5
5
5
5
5
5
5
5
5
5
5
5
5
5
5
5
5
5
5
5
5
5
5
5
5
5
5
5
5
5
5
5
5
5
5
5
5
5
5
5
5
5
5
5
5
5
5
5
5
5
5
5
5
5
5
5
5
5
5
5
5
5
5
5
5
5
5
5
5
5
5
5
5
5
5
5
5
5
5
5
5
5
5
5
5
5
5
5
5
5
5
5
5
5
5
5
5
5
5
5
5
5
5
5
5
5
5
5
5
5
5
5
5
5
5
5
5
5
5
5
5
5
5
5
5
5
5
5
5
5
5
5
5
5
5
5
5
5
5
5
5
5
5
5
5
5
5
5
5
5
5
5
5
5
5
5
5
5
5
5
5
5
5
5
5
5
5
5
5
5
5
5
5
5
5
5
5
5
5
5
5
5
5
5
5
5
5
5
5
5
5
5
5
5
5
5
5
5
5
5
5
5
5
5
5
5
5
5
5
5
5
5
5
5
5
5
5
5
5
5
5
5
5
5
5
5
5
5
5
5
5
5
5
5
5
5
5
5
5
5
5
5
5
5
5
5
5
5
5
5
5
5
5
5
5
5
5
5
5
5
5
5
5
5
5
5
5
5
5
5
5
5
5
5
5
5
5
5
5
5
5
5
5
5
5
5
5
5
5
5
5
5
5
5
5
5
5
5
5
5
5
5
5
5
5
5
5
5
5
5
5
5
5
5
5
5
5
5
5
5
5
5
5
5
5
5
5
5
5
5
5
5
5
5
5
5
5
5
5
5
5
5
5
5
5
5
5
5
5
5
5
5
5
5
5
5
5
5
5
5
5
5
5
5
5
5
5
5
5
5
5
5
5
5
5
5
5
5
5
5
5
5
5
5
5
5
5
5
5
5
5
5
5
5
5
5
5
5
5
5
5
5
5
5
5
5
5
5
5
5
5
5
5
5
5
5
5
5
5
5
5
5
5
5
5
5
5
5
5
5
5
5
5
5
5
5
5
5
5
5
5
5
5
5
5
5
5
5
5
5
5
5
5
5
5
5
5
5
5
5
5
5
5
5
5
5
5
5
5
5
5
5
5
5
5
5
5
5
5
5
5
5
5
5
5
5
5
5
5
5
5
5
5
5
5
5
5
5
5
5
5
5
5
5
5
5
5
5
5
5
5
5
5
5
5
5
5
5
5
5
5
5
5
5
5
5
5
5
5
5
5
5
5
5
5
5
5
5
5
5
5
5
5
5
5
5
5
5
5
5
5
5
5
5
5
5
5
5
5
5
5
5
5
5
5
5
5
5
5
5
5
5
5
5
5
5
5
5
5
5
5
5
5
5
5
5
5
5
5
5
5
5
5
5
5
5
5
5
5
5
5
5
5
5
5
5
5
5
5
5
5
5
5
5
5
5
5
5
5
5
5
5
5
5
5
5
5
5
5
5
5
5
5
5
5
5
5
5
5
5
5
5
5
5
5
5
5
5
5
5
5
5
5
5
5
5
5
5
5
5
5
5
5
5
5
5
5
5
5
5
5
5
5
5
5
5
5
5
5
5
5
5
5
5
5
5
5
5
5
5
5
5
5
5
5
5
5
5
5
5
5
5
5
5
5
5
5
5
5
5
5
5
5
5
5
5
5
5
5
5
5
5
5
5
5
5
5
5
5
5
5
5
5
5
5
5
5
5
5
5
5
5
5
5
5
5
5
5
5
5
5
5
5
5
5
5
5
5
5
5
5
5
5
5
5
5
5
5
5
5
5
5
5
5
5
5
5
5
5
5
5
5
5
5
5
5
5
5
5
5
5
5
5
5
5
5
5
5
5
5
5
5
5
5
5
5
5
5
5
5
5
5
5
5
5
5
5
5
5
5
5
5
5
5
5
5
5
5
5
5
5
5
5
5
5
5
5
5
5
5
5
5
5
5
5
5
5
5
5
5
5
5
5
5
5
5
5
5
5
5
5
5
5
5
5
5
5
5
5
5
5
5
5
5
5
5
5
5
5
5
5
5
5
5
5
5
5
5
5
5
5
5
5
5
5
5
5
5
5
5
5
5
5
5
5
5
5
5
5
5
5
5
5
5
5
5
5
5
5
5
5
5
5
5
5
5
5
5
5
5
5
5
5
5
5
5
5
5
5
5
5
5
5
5
5
5
5
5
5
5
5
5
5
5
5
5
5
5
5
5
5
5
5
5
5
5
5
5
5
5
5
5
5
5
5
5
5
5
5
5
5
5
5
5
5
5
5
5
5
5
5
5
5
5
5
5
5
5
5
5
5
5
5
5
5
5
5
5
5
5
5
5
5
5
5
5
5
5
5
5
5
5
5
5
5
5
5
5
5
5
5
5
5
5
5
5
5
5
5
5
5
5
5
5
5
5
5
5
5
5
5
5
5
5
5
5
5
5
5
5
5
5
5
5
5
5
5
5
5
5
5
5
5
5
5
5
5
5
5
5
5
5
5
5
5
5
5
5
5
5
5
5
5
5
5
5
5
5
5
5
5
5
5
5
5
5
5
5
5
5
5
5
5
5
5
5
5
5
5
5
5
5
5
5
5
5
5
5
5
5
5
5
5
5
5
5
5
5
5
5
5
5
5
5
5
5
5
5
5
5
5
5
5
5
5
5
5
5
5
5
5
5
5
5
5
5
5
5
5
5
5
5
5
5
5
5
5
5
5
5
5
5
5
5
5
5
5
5
5
10
10
10
10
10
10
10
10
10
10
10
10
10
10
10
10
10
10
10
10
10
10
10
10
10
10
10
10
10
10
10
10
10
10
10
10
10
10
10
10
10
10
10
10
10
10
10
10
10
10
10
10
10
10
10
10
10
10
10
10
10
10
10
10
10
10
10
10
10
10
10
10
10
10
10
10
10
10
10
10
10
10
10
10
10
10
10
10
10
10
10
10
10
10
10
10
10
10
10
10
10
10
10
10
10
10
10
10
10
10
10
10
10
10
10
10
10
10
10
10
10
10
10
10
10
10
10
10
10
10
10
10
10
10
10
10
10
10
10
10
10
10
10
10
10
10
10
10
10
10
10
10
10
10
10
10
10
10
10
10
10
10
10
10
10
10
10
10
10
10
10
10
10
10
10
10
10
10
10
10
10
10
10
10
10
10
10
10
10
10
10
10
10
10
10
10
10
10
10
10
10
10
10
10
10
10
10
10
10
10
10
10
10
10
10
10
10
10
10
10
10
10
10
10
10
10
10
10
10
10
10
10
10
10
10
10
10
10
10
10
10
10
10
10
10
10
10
10
10
10
10
10
10
10
10
10
10
10
10
10
10
10
10
10
10
10
10
10
10
10
10
10
10
10
10
10
10
10
10
10
10
10
10
10
10
10
10
10
10
10
10
10
10
10
10
10
10
10
10
10
10
10
10
10
10
10
10
10
10
10
10
10
10
10
10
10
10
10
10
10
10
10
10
10
10
10
10
10
10
10
10
10
10
10
10
10
10
10
10
10
10
10
10
10
10
10
10
10
10
10
10
10
10
10
10
10
10
10
10
10
10
10
10
10
10
10
10
10
10
10
10
10
10
10
10
10
10
10
10
10
10
10
10
10
10
10
10
10
10
10
10
10
10
10
10
10
10
10
10
10
10
10
10
10
10
10
10
10
10
10
10
10
10
10
10
10
10
10
10
10
10
10
10
10
10
10
10
10
10
10
10
10
10
10
10
10
10
10
10
10
10
10
10
10
10
10
10
10
10
10
10
10
10
10
10
10
10
10
10
10
10
10
10
10
10
10
10
10
10
10
10
10
10
10
10
10
10
10
10
10
10
10
10
10
10
10
10
10
10
10
10
10
10
10
10
10
10
10
10
10
10
10
10
10
10
10
10
10
10
10
10
10
10
10
10
10
10
10
10
10
10
10
10
10
10
10
10
10
10
10
10
10
10
10
10
10
10
10
10
10
10
10
10
10
10
10
10
10
10
10
10
10
10
10
10
10
10
10
10
10
10
10
10
10
10
10
10
10
10
10
10
10
10
10
10
10
10
10
10
10
10
10
10
10
10
10
10
10
10
10
10
10
10
10
10
10
10
10
10
10
10
10
10
10
10
10
10
10
10
10
10
10
10
10
10
10
10
10
10
10
10
10
10
10
10
10
10
10
10
10
10
10
10
10
10
10
10
10
10
10
10
10
10
10
10
10
10
10
10
10
10
10
10
10
10
10
10
10
10
10
10
10
10
10
10
10
10
10
10
10
10
10
10
10
10
10
10
10
10
10
10
10
10
10
10
10
10
10
10
10
10
10
10
10
10
10
10
10
10
10
10
10
10
10
10
10
10
10
10
10
10
10
10
10
10
10
10
10
10
10
10
10
10
10
10
10
10
10
10
10
10
10
10
10
10
10
10
10
10
10
10
10
10
10
10
10
10
10
10
10
10
10
10
10
10
10
10
10
10
10
10
10
10
10
10
10
10
10
10
10
10
10
10
10
10
10
10
10
10
10
10
10
10
10
10
10
10
10
10
10
10
10
10
10
10
10
10
10
10
10
10
10
10
10
10
10
10
10
10
10
10
10
10
10
10
10
10
10
10
10
10
10
10
10
10
10
10
10
10
10
10
10
10
10
10
10
10
10
10
10
10
10
10
10
10
10
10
10
10
10
10
10
10
10
10
10
10
10
10
10
10
10
10
10
10
10
10
10
10
10
10
10
10
10
10
10
10
10
10
10
10
10
10
10
10
10
10
10
10
10
10
10
10
10
10
10
10
10
10
10
10
10
10
10
10
10
10
10
10
10
10
10
10
10
10
10
10
10
10
10
10
10
10
10
10
10
10
10
10
10
10
10
10
10
10
10
10
10
10
10
10
10
10
10
10
10
10
10
10
10
10
10
10
10
10
10
10
10
10
10
10
10
10
10
10
10
10
10
10
10
10
10
10
10
10
10
10
10
10
10
10
10
10
10
10
10
10
10
10
10
10
10
10
10
10
10
10
10
10
10
10
10
10
10
10
10
10
10
10
10
10
10
10
10
10
10
10
10
10
10
10
10
10
10
10
10
10
10
10
10
10
10
10
10
10
10
10
10
10
10
10
10
10
10
10
10
10
10
10
10
10
10
10
10
10
10
10
10
10
10
10
10
10
10
10
10
10
10
10
10
10
10
10
10
10
10
10
10
10
10
10
10
10
10
10
10
10
10
10
10
10
10
10
10
10
10
10
10
10
10
10
10
10
10
10
10
10
10
10
10
10
10
10
10
10
10
10
10
10
10
10
10
10
10
10
10
10
10
10
10
10
10
10
10
10
10
10
10
10
10
10
10
10
10
10
10
10
10
10
10
10
10
10
10
10
10
10
10
10
10
10
10
10
10
10
10
10
10
10
10
10
10
10
10
10
10
10
10
10
10
10
10
10
10
10
10
10
10
10
10
10
10
10
10
10
10
10
10
10
10
10
10
10
10
10
10
10
10
10
10
10
10
10
10
10
10
10
10
10
10
10
10
10
10
10
10
10
10
10
10
10
10
10
10
10
10
10
10
10
10
10
10
10
10
10
10
10
10
10
10
10
10
10
10
10
10
10
10
10
10
10
10
10
10
10
10
10
10
10
10
10
10
10
10
10
10
10
10
10
10
10
10
10
10
10
10
10
10
10
10
10
10
10
10
10
10
10
10
10
10
10
10
10
10
10
10
10
10
10
10
10
10
10
10
10
10
10
10
10
10
10
10
10
10
10
10
10
10
10
10
10
10
10
10
10
10
10
10
10
10
10
10
10
10
10
10
10
10
10
10
10
10
10
10
10
10
10
10
10
10
10
10
10
10
10
10
10
10
10
10
10
10
10
10
10
10
10
10
10
10
10
10
10
10
10
10
10
10
10
10
10
10
10
10
10
10
10
10
10
10
10
10
10
10
10
10
10
10
10
10
10
10
10
10
10
10
10
10
10
10
10
10
10
10
10
10
10
10
10
10
10
10
10
10
10
10
10
10
10
10
10
10
10
10
10
10
10
10
10
10
10
10
10
10
10
10
10
10
10
10
10
10
10
10
10
10
10
10
10
10
10
10
10
10
10
10
10
10
10
10
10
10
10
10
10
10
10
10
10
10
10
10
10
10
10
10
10
10
10
10
10
10
10
10
10
10
10
10
10
10
10
10
10
10
10
10
10
10
10
10
10
10
10
10
10
10
10
10
10
10
10
10
10
10
10
10
10
10
10
10
10
10
10
10
10
10
10
10
10
10
10
10
10
10
10
10
10
10
10
10
10
10
10
10
10
10
10
10
10
10
10
10
10
10
10
10
10
10
10
10
10
10
10
10
10
10
10
10
10
10
10
10
10
10
10
10
10
10
10
10
10
10
10
10
10
10
10
10
10
10
10
10
10
10
10
10
10
10
10
10
10
10
10
10
10
10
10
10
10
10
10
10
10
10
10
10
10
10
10
10
10
10
10
10
10
10
10
10
10
10
10
10
10
10
10
10
10
10
10
10
10
10
10
10
10
10
10
10
10
10
10
10
10
10
10
10
10
10
10
10
10
10
10
10
10
10
10
10
10
10
10
10
10
10
10
10
10
10
10
10
10
10
10
10
10
10
10
10
10
10
10
10
10
10
10
10
10
10
10
10
10
10
10
10
10
10
10
10
10
10
10
10
10
10
10
10
10
10
10
10
10
10
10
10
10
10
10
10
10
10
10
10
10
10
10
10
10
10
10
10
10
10
10
10
10
10
10
10
10
10
10
10
10
10
10
10
10
10
10
10
10
10
10
10
10
10
10
10
10
10
10
10
10
10
10
10
10
10
10
10
10
10
10
10
10
10
10
10
10
10
10
10
10
10
10
10
10
10
10
10
10
10
10
10
10
10
10
10
10
10
10
10
10
10
10
10
10
10
10
10
10
10
10
10
10
10
10
10
10
10
10
10
10
10
10
10
10
10
10
10
10
10
10
10
10
10
10
10
10
10
10
10
10
10
10
10
10
10
10
10
10
10
10
10
10
10
10
10
10
10
10
10
10
10
10
10
10
10
10
10
10
10
10
10
10
10
10
10
10
10
10
10
10
10
10
10
10
10
10
10
10
10
10
10
10
10
10
10
10
10
10
10
10
10
10
10
10
10
10
10
10
10
10
10
10
10
10
10
10
10
10
10
10
10
10
10
10
10
10
10
10
10
10
10
10
10
10
10
10
10
10
10
10
10
10
10
10
10
10
10
10
10
10
10
10
10
10
10
10
10
10
10
10
10
10
10
10
10
10
10
10
10
10
10
10
10
10
10
10
10
10
10
10
10
10
10
10
10
10
10
10
10
10
10
10
10
10
10
10
10
10
10
10
10
10
10
10
10
10
10
10
10
10
10
10
10
10
10
10
10
10
10
10
10
10
10
10
10
10
10
10
10
10
10
10
10
10
10
10
10
10
10
10
10
10
10
10
10
10
10
10
10
10
10
10
10
10
10
10
10
10
10
10
10
10
10
10
10
10
10
10
10
10
10
10
10
10
10
10
10
10
10
10
10
10
10
10
10
10
10
10
10
10
10
10
10
10
10
10
10
10
10
10
10
10
10
10
10
10
10
10
10
10
10
10
10
10
10
10
10
10
10
10
10
10
10
10
10
10
10
10
10
10
10
10
10
10
10
10
10
10
10
10
10
10
10
10
10
10
10
10
10
10
10
10
10
10
10
10
10
10
10
10
10
10
10
10
10
10
10
10
10
10
10
10
10
10
10
10
10
10
10
10
10
10
10
10
10
10
10
10
10
10
10
10
10
10
10
10
10
10
10
10
10
10
10
10
10
10
10
10
10
10
10
10
10
10
10
10
10
10
10
10
10
10
10
10
10
10
10
10
10
10
10
10
10
10
10
10
10
10
10
10
10
10
10
10
10
10
10
10
10
10
10
10
10
10
10
10
10
10
10
10
10
10
10
10
10
10
10
10
10
10
10
10
10
10
10
10
10
10
10
10
10
10
10
10
10
10
10
10
10
10
10
10
10
10
10
10
10
10
10
10
10
10
10
10
10
10
10
10
10
10
10
10
10
10
10
10
10
10
10
10
10
10
10
10
10
10
10
10
10
10
10
10
10
10
10
10
10
10
10
10
10
10
10
10
10
10
10
10
10
10
10
10
10
10
10
10
10
10
10
10
10
10
10
10
10
10
10
10
10
10
10
10
10
10
10
10
10
10
10
10
10
10
10
10
10
10
10
10
10
10
10
10
10
10
10
10
10
10
10
10
10
10
10
10
10
10
10
10
10
10
10
10
10
10
10
10
10
10
10
10
10
10
10
10
10
10
10
10
10
10
10
10
10
10
10
10
10
10
10
10
10
10
10
10
10
10
10
10
10
10
10
10
10
10
10
10
10
10
10
10
10
10
10
10
10
10
10
10
10
10
10
10
10
10
10
10
10
10
10
10
10
10
10
10
10
10
10
10
10
10
10
10
10
10
10
10
10
10
10
10
10
10
10
10
10
10
10
10
10
10
10
10
10
10
10
10
10
10
10
10
10
10
10
10
10
10
10
10
10
10
10
10
10
10
10
10
10
10
10
10
10
10
10
10
10
10
10
10
10
10
10
10
10
10
10
10
10
10
10
10
10
10
10
10
10
10
10
10
10
10
10
10
10
10
10
10
10
10
10
10
10
10
10
10
10
10
10
10
10
10
10
10
10
10
10
10
10
10
10
10
10
10
10
10
10
10
10
10
10
10
10
10
10
10
10
10
10
10
10
10
10
10
10
10
10
10
10
10
10
10
10
10
10
10
10
10
10
10
10
10
10
10
10
10
10
10
10
10
10
10
10
10
10
10
10
10
10
10
10
10
10
10
10
10
10
10
10
10
10
10
10
10
10
10
10
10
10
10
10
10
10
10
10
10
10
10
10
10
10
10
10
10
10
10
10
10
10
10
10
10
10
10
10
10
10
10
10
10
10
10
10
10
10
10
10
10
10
10
10
10
10
10
10
10
10
10
10
10
10
10
10
10
10
10
10
10
10
10
10
10
10
10
10
10
10
10
10
10
10
10
10
10
10
10
10
10
10
10
10
10
10
10
10
10
10
10
10
10
10
10
10
10
10
10
10
10
10
10
10
10
10
10
10
10
10
10
10
10
10
10
10
10
10
10
10
10
10
10
10
10
10
10
10
10
10
10
10
10
10
10
10
10
10
10
10
10
10
10
10
10
10
10
10
10
10
10
10
10
10
10
10
10
10
10
10
10
10
10
10
10
10
10
10
10
10
10
10
10
10
10
10
10
10
10
10
10
10
10
10
10
10
10
10
10
10
10
10
10
10
10
10
10
10
10
10
10
10
10
10
10
10
10
10
10
10
10
10
10
10
10
10
10
10
10
10
10
10
10
10
10
10
10
10
10
10
10
10
10
10
10
10
10
10
10
10
10
10
10
10
10
10
10
10
10
10
10
10
10
10
10
10
10
10
10
10
10
10
10
10
10
10
10
10
10
10
10
10
10
10
10
10
10
10
10
10
10
10
10
10
10
10
10
10
10
10
10
10
10
10
10
10
10
10
10
10
10
10
10
10
10
10
10
10
10
10
10
10
10
10
10
10
10
10
10
10
10
10
10
10
10
10
10
10
10
10
10
10
10
10
10
10
10
10
10
10
10
10
10
10
10
10
10
10
10
10
10
10
10
10
10
10
10
10
10
10
10
10
10
10
10
10
10
10
10
10
10
10
10
10
10
10
10
10
10
10
10
10
10
10
10
10
10
10
10
10
10
10
10
10
10
10
10
10
10
10
10
10
10
10
10
10
10
10
10
10
10
10
10
10
10
10
10
10
10
10
10
10
10
10
10
10
10
10
10
10
10
10
10
10
10
10
10
10
10
10
10
10
10
10
10
10
10
10
10
10
10
10
10
10
10
10
10
10
10
10
10
10
10
10
10
10
10
10
10
10
10
10
10
10
10
10
10
10
10
10
10
10
10
10
10
10
10
10
10
10
10
10
10
10
10
10
10
10
10
10
10
10
10
10
10
10
10
10
10
10
10
10
10
10
10
10
10
10
10
10
10
10
10
10
10
10
10
10
10
10
10
10
10
10
10
10
10
10
10
10
10
10
10
10
10
10
10
10
10
10
10
10
10
10
10
10
10
10
10
10
10
10
10
10
10
10
10
10
10
10
10
10
10
10
10
10
10
10
10
10
10
10
10
10
10
10
10
10
10
10
10
10
10
10
10
10
10
10
10
10
10
10
10
10
10
10
10
10
10
10
10
10
10
10
10
10
10
10
10
10
10
10
10
10
10
10
10
10
10
10
10
10
10
10
10
10
10
10
10
10
10
10
10
10
10
10
10
10
10
10
10
10
10
10
10
10
10
10
10
10
10
10
10
10
10
10
10
10
10
10
10
10
10
10
10
10
10
10
10
10
10
10
10
10
10
10
10
10
10
10
10
10
10
10
10
10
10
10
10
10
10
10
10
10
10
10
10
10
10
10
10
10
10
10
10
10
10
10
10
10
10
10
10
10
10
10
10
10
10
10
10
10
10
10
10
10
10
10
10
10
10
10
10
10
10
10
10
10
10
10
10
10
10
10
10
10
10
10
10
10
10
10
10
10
10
10
10
10
10
10
10
10
10
10
10
10
10
10
10
10
10
10
10
10
10
10
10
10
10
10
10
10
10
10
10
10
10
10
10
10
10
10
10
10
10
10
10
10
10
10
10
10
10
10
10
10
10
10
10
10
10
10
10
10
10
10
10
10
10
10
10
10
10
10
10
10
10
10
10
10
10
10
10
10
10
10
10
10
10
10
10
10
10
10
10
10
10
10
10
10
10
10
10
10
10
10
10
10
10
10
10
10
10
10
10
10
10
10
10
10
10
10
10
10
10
10
10
10
10
10
10
10
10
10
10
10
10
10
10
10
10
10
10
10
10
10
10
10
10
10
10
10
10
10
10
10
10
10
10
10
10
10
10
10
10
10
10
10
10
10
10
10
10
10
10
10
10
10
10
10
10
10
10
10
10
10
10
10
10
10
10
10
10
10
10
10
10
10
10
10
10
10
10
10
10
10
10
10
10
10
10
10
10
10
10
10
10
10
10
10
10
10
10
10
10
10
10
10
10
10
10
10
10
10
10
10
10
10
10
10
10
10
10
10
10
10
10
10
10
10
10
10
10
10
10
10
10
10
10
10
10
10
10
10
10
10
10
10
10
10
10
10
10
10
10
10
10
10
10
10
10
10
10
10
10
10
10
10
10
10
10
10
10
10
10
10
10
10
10
10
10
10
10
10
10
10
10
10
10
10
10
10
10
10
10
10
10
10
10
10
10
10
10
10
10
10
10
10
10
10
10
10
10
10
10
10
10
10
10
10
10
10
10
10
10
10
10
10
10
10
10
10
10
10
10
10
10
10
10
10
10
10
10
10
10
10
10
10
10
10
10
10
10
10
10
10
10
10
10
10
10
10
10
10
10
10
10
10
10
10
10
10
10
10
10
10
10
10
10
10
10
10
10
10
10
10
10
10
10
10
10
10
10
10
10
10
10
10
10
10
10
10
10
10
10
10
10
10
10
10
10
10
10
10
10
10
10
10
10
10
10
10
10
10
10
10
10
10
10
10
10
10
10
10
10
10
10
10
10
10
10
10
10
10
10
10
10
10
10
10
10
10
10
10
10
10
10
10
10
10
10
10
10
10
10
10
10
10
10
10
10
10
10
10
10
10
10
10
10
10
10
10
10
10
10
10
10
10
10
10
10
10
10
10
10
10
10
10
10
10
10
10
10
10
10
10
10
10
10
10
10
10
10
10
10
10
10
10
10
10
10
10
10
10
10
10
10
10
10
10
10
10
10
10
10
10
10
10
10
10
10
10
10
10
10
10
10
10
10
10
10
10
10
10
10
10
10
10
10
10
10
10
10
10
10
10
10
10
10
10
10
10
10
10
10
10
10
10
10
10
10
10
10
10
10
10
10
10
10
10
10
10
10
10
10
10
10
10
10
10
10
10
10
10
10
10
10
10
10
10
10
10
10
10
10
10
10
10
10
10
10
10
10
10
10
10
10
10
10
10
10
10
10
10
10
10
10
10
10
10
10
10
10
10
10
10
10
10
10
10
10
10
10
10
10
10
10
10
10
10
10
10
10
10
10
10
10
10
10
10
10
10
10
10
10
10
10
10
10
10
10
10
10
10
10
10
10
10
10
10
10
10
10
10
10
10
10
10
10
10
10
10
10
10
10
10
10
10
10
10
10
10
10
10
10
10
10
10
10
10
10
10
10
10
10
10
10
10
10
10
10
10
10
10
10
10
10
10
10
10
10
10
10
10
10
10
10
10
10
10
10
10
10
10
10
10
10
10
10
10
10
10
10
10
10
10
10
10
10
10
10
10
10
10
10
10
10
10
10
10
10
10
10
10
10
10
10
10
10
10
10
10
10
10
10
10
10
10
10
10
10
10
10
10
10
10
10
10
10
10
10
10
10
10
10
10
10
10
10
10
10
10
10
10
10
10
10
10
10
10
10
10
10
10
10
10
10
10
10
10
10
10
10
10
10
10
10
10
10
10
10
10
10
10
10
10
10
10
10
10
10
10
10
10
10
10
10
10
10
10
10
10
10
10
10
10
10
10
10
10
10
10
10
10
10
10
10
10
10
10
10
10
10
10
10
10
10
10
10
10
10
10
10
10
10
10
10
10
10
10
10
10
10
10
10
10
10
10
10
10
10
10
10
10
10
10
10
10
10
10
10
10
10
10
10
10
10
10
10
10
10
10
10
10
10
10
10
10
10
10
10
10
10
10
10
10
10
10
10
10
10
10
10
10
10
10
10
10
10
10
10
10
10
10
10
10
10
10
10
10
10
10
10
10
10
10
10
10
10
10
10
10
10
10
10
10
10
10
10
10
10
10
10
10
10
10
10
10
10
10
10
10
10
10
10
10
10
10
10
10
10
10
10
10
10
10
10
10
10
10
10
10
10
10
10
10
10
10
10
10
10
10
10
10
10
10
10
10
10
10
10
10
10
10
10
10
10
10
10
10
10
10
10
10
10
10
10
10
10
10
10
10
10
10
10
10
10
10
10
10
10
10
10
10
10
10
10
10
10
10
10
10
10
10
10
10
10
10
10
10
10
10
10
10
10
10
10
10
10
10
10
10
10
10
10
10
10
10
10
10
10
10
10
10
10
10
10
10
10
10
10
10
10
10
10
10
10
10
10
10
10
10
10
10
10
10
10
10
10
10
10
10
10
10
10
10
10
10
10
10
10
10
10
10
10
10
10
10
10
10
10
10
10
10
10
10
10
10
10
10
10
10
10
10
10
10
10
10
10
10
10
10
10
10
10
10
10
10
10
10
10
10
10
10
10
10
10
10
10
10
10
10
10
10
10
10
10
10
10
10
10
10
10
10
10
10
10
10
10
10
10
10
10
10
10
10
10
10
10
10
10
10
10
10
10
10
10
10
10
10
10
10
10
10
10
10
10
10
10
10
10
10
10
10
10
10
10
10
10
10
10
10
10
10
10
10
10
10
10
10
10
10
10
10
10
10
10
10
10
10
10
10
10
10
10
10
10
10
10
10
10
10
10
10
10
10
10
10
10
10
10
10
10
10
10
10
10
10
10
10
10
10
10
10
10
10
10
10
10
10
10
10
10
10
10
10
10
10
10
10
10
10
10
10
10
10
10
10
10
10
10
10
10
10
10
10
10
10
10
10
10
10
10
10
10
10
10
10
10
10
10
10
10
10
10
10
10
10
10
10
10
10
10
10
10
10
10
10
10
10
10
10
10
10
10
10
10
10
10
10
10
10
10
10
10
10
10
10
10
10
10
10
10
10
10
10
10
10
10
10
10
10
10
10
10
10
10
10
10
10
10
10
10
10
10
10
10
10
10
10
10
10
10
10
10
10
10
10
10
10
10
10
10
10
10
10
10
10
10
10
10
10
10
10
10
10
10
10
10
10
10
10
10
10
10
10
10
10
10
10
10
10
10
10
10
10
10
10
10
10
10
10
10
10
10
10
10
10
10
10
10
10
10
10
10
10
10
10
10
10
10
10
10
10
10
10
10
10
10
10
10
10
10
10
10
10
10
10
10
10
10
10
10
10
10
10
10
10
10
10
10
10
10
10
10
10
10
10
10
10
10
10
10
10
10
10
10
10
10
10
10
10
10
10
10
10
10
10
10
10
10
10
10
10
10
10
10
10
10
10
10
10
10
10
10
10
10
10
10
10
10
10
10
10
10
10
10
10
10
10
10
10
10
10
10
10
10
10
10
10
10
10
10
10
10
10
10
10
10
10
10
10
10
10
10
10
10
10
10
10
10
10
10
10
10
10
10
10
10
10
10
10
10
10
10
10
10
10
10
10
10
10
10
10
10
10
10
10
10
10
10
10
10
10
10
10
10
10
10
10
10
10
10
10
10
10
10
10
10
10
10
10
10
10
10
10
10
10
10
10
10
10
10
10
10
10
10
10
10
10
10
10
10
10
10
10
10
10
10
10
10
10
10
10
10
10
10
10
10
10
10
10
10
10
10
10
10
10
10
10
10
10
10
10
10
10
10
10
10
10
10
10
10
10
10
10
10
10
10
10
10
10
10
10
10
10
10
10
10
10
10
10
10
10
10
10
10
10
10
10
10
10
10
10
10
10
10
10
10
10
10
10
10
10
10
10
10
10
10
10
10
10
10
10
10
10
10
10
10
10
10
10
10
10
10
10
10
10
10
10
10
10
10
10
10
10
10
10
10
10
10
10
10
10
10
10
10
10
10
10
10
10
10
10
10
10
10
10
10
10
10
10
10
10
10
10
10
10
10
10
10
10
10
10
10
10
10
10
10
10
10
10
10
10
10
10
10
10
10
10
10
10
10
10
10
10
10
10
10
10
10
10
10
10
10
10
10
10
10
10
10
10
10
10
10
10
10
10
10
10
10
10
10
10
10
10
10
10
10
10
10
10
10
10
10
10
10
10
10
10
10
10
10
10
10
10
10
10
10
10
10
10
10
10
10
10
10
10
10
10
10
10
10
10
10
10
10
10
10
10
10
10
10
10
10
10
10
10
10
10
10
10
10
10
10
10
10
10
10
10
10
10
10
10
10
10
10
10
10
10
10
10
10
10
10
10
10
10
10
10
10
10
10
10
10
10
10
10
10
10
10
10
10
10
10
10
10
10
10
10
10
10
10
10
10
10
10
10
10
10
10
10
10
10
10
10
10
10
10
10
10
10
10
10
10
10
10
10
10
10
10
10
10
10
10
10
10
10
10
10
10
10
10
10
10
10
10
10
10
10
10
10
10
10
10
10
10
10
10
10
10
10
10
10
10
10
10
10
10
10
10
10
10
10
10
10
10
10
10
10
10
10
10
10
10
10
10
10
10
10
10
10
10
10
10
10
10
10
10
10
10
10
10
10
10
10
10
10
10
10
10
10
10
10
10
10
10
10
10
10
10
10
10
10
10
10
10
10
10
10
10
10
10
10
10
10
10
10
10
10
10
10
10
10
10
10
10
10
10
10
10
10
10
10
10
10
10
10
10
10
10
10
10
10
10
10
10
10
10
10
10
10
10
10
10
10
10
10
10
10
10
10
10
10
10
10
10
10
10
10
10
10
10
10
10
10
10
10
10
10
10
10
10
10
10
10
10
10
10
10
10
10
10
10
10
10
10
10
10
10
10
10
10
10
10
10
10
10
10
10
10
10
10
10
10
10
10
10
10
10
10
10
10
10
10
10
10
10
10
10
10
10
10
10
10
10
10
10
10
10
10
10
10
10
10
10
10
10
10
10
10
10
10
10
10
10
10
10
10
10
10
10
10
10
10
10
10
10
10
10
10
10
10
10
10
10
10
10
10
10
10
10
10
10
10
10
10
10
10
10
10
10
10
10
10
10
10
10
10
10
10
10
10
10
10
10
10
10
10
10
10
10
10
10
10
10
10
10
10
10
10
10
10
10
10
10
10
10
10
10
10
10
10
10
10
10
10
10
10
10
10
10
10
10
10
10
10
10
10
10
10
10
10
10
10
10
10
10
10
10
10
10
10
10
10
10
10
10
10
10
10
10
10
10
10
10
10
10
10
10
10
10
10
10
10
10
10
10
10
10
10
10
10
10
10
10
10
10
10
10
10
10
10
10
10
10
10
10
10
10
10
10
10
10
10
10
10
10
10
10
10
10
10
10
10
10
10
10
10
10
10
10
10
10
10
10
10
10
10
10
10
10
10
10
10
10
10
10
10
10
10
10
10
10
10
10
10
10
10
10
10
10
10
10
10
10
10
10
10
10
10
10
10
10
10
10
10
10
10
10
10
10
10
10
10
10
10
10
10
10
10
10
10
10
10
10
10
10
10
10
10
10
10
10
10
10
10
10
10
10
10
10
10
10
10
10
10
10
10
10
10
10
10
10
10
10
10
10
10
10
10
10
10
10
10
10
10
10
10
10
10
10
10
10
10
10
10
10
10
10
10
10
10
10
10
10
10
10
10
10
10
10
10
10
10
10
10
10
10
10
10
10
10
10
10
10
10
10
10
10
10
10
10
10
10
10
10
10
10
10
10
10
10
10
10
10
10
10
10
10
10
10
10
10
10
10
10
10
10
10
10
10
10
10
10
10
10
10
10
10
10
10
10
10
10
10
10
10
10
10
10
10
10
10
10
10
10
10
10
10
10
10
10
10
10
10
10
10
10
10
10
10
10
10
10
10
10
10
10
10
10
10
10
10
10
10
10
10
10
10
10
10
10
10
10
10
10
10
10
10
10
10
10
10
10
10
10
10
10
10
10
10
10
10
10
10
10
10
10
10
10
10
10
10
10
10
10
10
10
10
10
10
10
10
10
10
10
10
10
10
10
10
10
10
10
10
10
10
10
10
10
10
10
10
10
10
10
10
10
10
10
10
10
10
10
10
10
10
10
10
10
10
10
10
10
10
10
10
10
10
10
10
10
10
10
10
10
10
10
10
10
10
10
10
10
10
10
10
10
10
10
10
10
10
10
10
10
10
10
10
10
10
10
10
10
10
10
10
10
10
10
10
10
10
10
10
10
10
10
10
10
10
10
10
10
10
10
10
10
10
10
10
10
10
10
10
10
10
10
10
10
10
10
10
10
10
10
10
10
10
10
10
10
10
10
10
10
10
10
10
10
10
10
10
10
10
10
10
10
10
10
10
10
10
10
10
10
10
10
10
10
10
10
10
10
10
10
10
10
10
10
10
10
10
10
10
10
10
10
10
10
10
10
10
10
10
10
10
10
10
10
10
10
10
10
10
10
10
10
10
10
10
10
10
10
10
10
10
10
10
10
10
10
10
10
10
10
10
10
10
10
10
10

CELL_DATA 7659
SCALARS CellEntityIds int 1
LOOKUP_TABLE default
1
1
1
1
1
1
1
1
1
1
1
1
1
1
1
1
1
1
1
1
1
1
1
1
1
1
1
1
1
1
1
1
1
1
1
1
1
1
1
1
1
1
1
1
1
1
1
1
1
1
1
1
1
1
1
1
1
1
1
1
1
1
1
1
1
1
1
1
1
1
1
1
1
1
1
1
1
1
1
1
1
1
1
1
1
1
1
1
1
1
1
1
1
1
1
1
1
1
1
1
1
1
1
1
1
1
1
1
1
1
1
1
1
1
1
1
1
1
1
1
1
1
1
1
1
1
1
1
1
1
1
1
1
1
1
1
1
1
1
1
1
1
1
1
1
1
1
1
1
1
1
1
1
1
1
1
1
1
1
1
1
1
1
1
1
1
1
1
1
1
1
1
1
1
1
1
1
1
1
1
1
1
1
1
1
1
1
1
1
1
1
1
1
1
1
1
1
1
1
1
1
1
1
1
1
1
1
1
1
1
1
1
1
1
1
1
1
1
1
1
1
1
1
1
1
1
1
1
1
1
1
1
1
1
1
1
1
1
1
1
1
1
1
1
1
1
1
1
1
1
1
1
1
1
1
1
1
1
1
1
1
1
1
1
1
1
1
1
1
1
1
1
1
1
1
1
1
1
1
1
1
1
1
1
1
1
1
1
1
1
1
1
1
1
1
1
1
1
1
1
1
1
1
1
1
1
1
1
1
1
1
1
1
1
1
1
1
1
1
1
1
1
1
1
1
1
1
1
1
1
1
1
1
1
1
1
1
1
1
1
1
1
1
1
1
1
1
1
1
1
1
1
1
1
1
1
1
1
1
1
1
1
1
1
1
1
1
1
1
1
1
1
1
1
1
1
1
1
1
1
1
1
1
1
1
1
1
1
1
1
1
1
1
1
1
1
1
1
1
1
1
1
1
1
1
1
1
1
1
1
1
1
1
1
1
1
1
1
1
1
1
1
1
1
1
1
1
1
1
1
1
1
1
1
1
1
1
1
1
1
1
1
1
1
1
1
1
1
1
1
1
1
1
1
1
1
1
1
1
1
1
1
1
1
1
1
1
1
1
1
1
1
1
1
1
1
1
1
1
1
1
1
1
1
1
1
1
1
1
1
1
1
1
1
1
1
1
1
1
1
1
1
1
1
1
1
1
1
1
1
1
1
1
1
1
1
1
1
1
1
1
1
1
1
1
1
1
1
1
1
1
1
1
1
1
1
1
1
1
1
1
1
1
1
1
1
1
1
1
1
1
1
1
1
1
1
1
1
1
1
1
1
1
1
1
1
1
1
1
1
1
1
1
1
1
1
1
1
1
1
1
1
1
1
1
1
1
1
1
1
1
1
1
1
1
1
1
1
1
1
1
1
1
1
2
2
2
2
2
2
2
2
2
2
2
2
2
2
2
2
2
2
2
2
2
2
2
2
2
2
2
2
2
2
2
2
2
2
2
2
2
2
2
2
2
2
2
2
2
2
2
2
2
2
2
2
2
2
2
2
2
2
2
2
2
2
2
2
2
2
2
2
2
2
2
2
2
2
2
2
2
2
2
2
2
2
2
2
2
2
2
2
2
2
2
2
2
2
2
2
2
2
2
2
2
2
2
2
2
2
2
2
2
2
2
2
2
2
2
2
2
2
2
2
2
2
2
2
2
2
2
2
2
2
2
2
2
2
2
2
2
2
2
2
2
2
2
2
2
2
2
2
2
2
2
2
2
2
2
2
2
2
2
2
2
2
2
2
2
2
2
2
2
2
2
2
2
2
2
2
2
2
2
2
2
2
2
2
2
2
2
2
2
2
2
2
2
2
2
2
2
2
2
2
2
2
2
2
2
2
2
2
2
2
2
2
2
2
2
2
2
2
2
2
2
2
2
2
2
2
2
2
2
2
2
2
2
2
2
2
2
2
2
2
2
2
2
2
2
2
2
2
2
2
2
2
2
2
2
2
2
2
2
2
2
2
2
2
2
2
2
2
2
2
2
2
2
2
2
2
2
2
2
2
2
2
2
2
2
2
2
2
2
2
2
2
2
2
2
2
2
2
2
2
2
2
2
2
2
2
2
2
2
2
2
2
2
2
2
2
2
2
2
2
2
2
2
2
2
2
2
2
2
2
2
2
2
2
2
2
2
2
2
2
2
2
2
2
2
2
2
2
2
2
2
2
2
2
2
2
2
2
2
2
2
2
2
2
2
2
2
2
2
2
2
2
2
2
2
2
2
2
2
2
2
2
2
2
2
2
2
2
2
2
2
2
2
2
2
2
2
2
2
2
2
2
2
2
2
2
2
2
2
2
2
2
2
2
2
2
2
2
2
2
2
2
2
2
2
2
2
2
2
2
2
2
2
2
2
2
2
2
2
2
2
2
2
2
2
2
2
2
2
2
2
2
2
2
2
2
2
2
2
2
2
2
2
2
2
2
2
2
2
2
2
2
2
2
2
2
2
2
2
2
2
2
2
2
2
2
2
2
2
2
2
2
2
2
2
2
2
2
2
2
2
2
2
2
2
2
2
2
2
2
2
2
2
2
2
2
2
2
2
2
2
2
2
2
2
2
2
2
2
2
2
2
2
2
2
2
2
2
2
2
2
2
2
2
2
2
2
2
2
2
2
2
2
2
2
2
2
2
2
2
2
2
2
2
2
2
2
2
2
2
2
2
2
2
2
2
2
2
2
2
2
2
2
2
2
2
2
2
2
2
2
2
2
2
2
2
2
2
2
2
2
2
2
2
3
3
3
3
3
3
3
3
3
3
3
3
3
3
3
3
3
3
3
3
3
3
3
3
3
3
3
3
3
3
3
3
3
3
3
3
3
3
3
3
3
3
3
3
3
3
3
3
3
3
3
3
3
3
3
3
3
3
3
3
3
3
3
3
3
3
3
3
3
3
3
3
3
3
3
3
3
3
3
3
3
3
3
3
3
3
3
3
3
3
3
3
3
3
3
3
3
3
3
3
3
3
3
3
3
3
3
3
3
3
3
3
3
3
3
3
3
3
3
3
3
3
3
3
3
3
3
3
3
3
3
3
3
3
3
3
3
3
3
3
3
3
3
3
3
3
3
3
3
3
3
3
3
3
3
3
3
3
3
3
3
3
3
3
3
3
3
3
3
3
3
3
3
3
3
3
3
3
3
3
3
3
3
3
3
3
3
3
3
3
3
3
3
3
3
3
3
3
3
3
3
3
3
3
3
3
3
3
3
3
3
3
3
3
3
3
3
3
3
3
3
3
3
3
3
3
3
3
3
3
3
3
3
3
3
3
3
3
3
3
3
3
3
3
3
3
3
3
3
3
3
3
3
3
3
3
3
3
3
3
3
3
3
3
3
3
3
3
3
3
3
3
3
3
3
3
3
3
3
3
3
3
3
3
3
3
3
3
3
3
3
3
3
3
3
3
3
3
3
3
3
3
3
3
3
3
3
3
3
3
3
3
3
3
3
3
3
3
3
3
3
3
3
3
3
3
3
3
3
3
3
3
3
3
3
3
3
3
3
3
3
3
3
3
3
3
3
3
3
3
3
3
3
3
3
3
3
3
3
3
3
3
3
3
3
3
3
3
3
3
3
3
3
3
3
3
3
3
3
3
3
3
3
3
3
3
3
3
3
3
3
3
3
3
3
3
3
3
3
3
3
3
3
3
3
3
3
3
3
3
3
3
3
3
3
3
3
3
3
3
3
3
3
3
3
3
3
3
3
3
3
3
3
3
3
3
3
3
3
3
3
3
3
3
3
3
3
3
3
3
3
3
3
3
3
3
3
3
3
3
3
3
3
3
3
3
3
3
3
3
3
3
3
3
3
3
3
3
3
3
3
3
3
3
3
3
3
3
3
3
3
3
3
3
3
3
3
3
3
3
3
3
3
3
3
3
3
3
3
3
3
3
3
3
3
3
3
3
3
3
3
3
3
3
3
3
3
3
3
3
3
3
3
3
3
3
3
3
3
3
3
3
3
3
3
3
3
3
3
3
3
3
3
3
3
3
3
3
3
3
3
3
3
3
3
3
3
3
3
3
3
3
3
3
3
3
3
3
3
3
3
3
3
3
3
3
3
3
3
3
3
3
3
3
3
3
3
3
3
3
3
3
3
3
3
3
3
3
3
3
3
3
3
3
3
3
3
3
3
3
3
3
3
3
3
3
3
3
3
3
3
3
3
3
3
3
3
3
3
3
3
3
3
3
3
3
3
3
3
3
3
3
3
3
3
3
3
3
3
3
3
3
3
3
3
3
3
3
3
3
3
3
3
3
3
3
3
3
3
3
3
3
3
3
3
3
3
3
3
3
3
3
3
3
3
3
3
3
3
3
3
3
3
3
3
3
3
3
3
3
3
3
3
3
3
3
3
3
3
3
3
3
3
3
3
3
3
3
3
3
3
3
3
3
3
3
3
3
3
3
3
3
3
3
3
3
3
3
3
3
3
3
3
3
3
3
3
3
3
3
3
3
3
3
3
3
3
3
3
3
3
3
3
3
3
3
3
3
3
3
3
3
3
3
3
3
3
3
3
3
3
3
3
3
3
3
3
3
3
3
3
3
3
3
3
3
3
3
3
3
3
3
3
3
3
3
3
3
3
3
3
3
3
3
3
3
3
3
3
3
3
3
3
3
3
3
3
3
3
3
3
3
3
3
3
3
3
3
3
3
3
3
3
3
3
3
3
3
3
3
3
3
3
3
3
3
3
3
3
3
3
3
3
3
3
3
3
3
3
3
3
3
3
3
3
3
3
3
3
3
3
3
3
3
3
3
3
3
3
3
3
3
3
3
3
3
3
3
3
3
3
3
3
3
3
3
3
3
3
3
3
3
3
3
3
3
3
3
3
3
3
3
3
3
3
3
3
3
3
3
3
3
3
3
3
3
3
3
3
3
3
3
3
3
3
3
3
3
3
3
3
3
3
3
3
3
3
3
3
3
3
3
3
3
3
3
3
3
3
3
3
3
3
3
3
3
3
3
3
3
3
3
3
3
3
3
3
3
3
3
3
3
3
3
3
3
3
3
3
3
3
3
3
3
3
3
3
3
3
3
3
3
3
3
3
3
3
3
3
3
3
3
3
3
3
3
3
3
3
3
3
3
3
3
3
3
3
3
3
3
3
3
3
3
3
3
3
3
3
3
3
3
3
3
3
3
3
3
3
3
3
3
3
3
3
3
3
3
3
3
3
3
3
3
3
3
3
3
3
3
3
3
3
3
3
3
3
3
3
3
3
3
3
3
3
3
3
3
3
3
3
3
3
3
3
3
3
3
3
3
3
3
3
3
3
3
3
3
3
3
3
3
3
3
3
3
3
3
3
3
3
3
3
3
3
3
3
3
3
3
3
3
3
3
3
3
3
3
3
3
3
3
3
3
3
3
3
3
3
3
3
3
3
3
3
3
3
3
3
3
3
3
3
3
3
3
3
3
3
3
3
3
3
3
3
3
3
3
3
3
3
3
3
3
3
3
3
3
3
3
3
3
3
3
3
3
3
3
3
3
3
3
3
3
3
3
3
3
3
3
3
3
3
3
3
3
3
3
3
3
3
3
3
3
3
3
3
3
3
3
3
3
3
3
3
3
3
3
3
3
3
3
3
3
3
3
3
3
3
3
3
3
3
3
3
3
3
3
3
3
3
3
3
3
3
3
3
3
3
3
3
3
3
3
3
3
3
3
3
3
3
3
3
3
3
3
3
3
3
3
3
3
3
3
3
3
3
3
3
3
3
3
3
3
3
3
3
3
3
3
3
3
3
3
3
3
3
3
3
3
3
3
3
3
3
3
3
3
3
3
3
3
3
3
3
3
3
3
3
3
3
3
3
3
3
3
3
3
3
3
3
3
3
3
3
3
3
3
3
3
3
3
3
3
3
3
3
3
3
3
3
3
3
3
3
3
3
3
3
3
3
3
3
3
3
3
3
3
3
3
3
3
3
3
3
3
3
3
3
3
3
3
3
3
3
3
3
3
3
3
3
3
3
3
3
3
3
3
3
3
3
3
3
3
3
3
3
3
3
3
3
3
3
3
3
3
3
3
3
3
3
3
3
3
3
3
3
3
3
3
3
3
3
3
3
3
3
3
3
3
3
3
3
3
3
3
3
3
3
3
3
3
3
3
3
3
3
3
3
3
3
3
3
3
3
3
3
3
3
3
3
3
3
3
3
3
3
3
3
3
3
3
3
3
3
3
3
3
3
3
3
3
3
3
3
3
3
3
3
3
3
3
3
3
3
3
3
3
3
3
3
3
3
3
3
3
3
3
3
3
3
3
3
3
3
3
3
3
3
3
3
3
3
3
3
3
3
3
3
3
3
3
3
3
3
3
3
3
3
3
3
3
3
3
3
3
3
3
3
3
3
3
3
3
3
3
3
3
3
3
3
3
3
3
3
3
3
3
3
3
3
3
3
3
3
3
3
3
3
3
3
3
3
3
3
3
3
3
3
3
3
3
3
3
3
3
3
3
3
3
3
3
3
3
3
3
3
3
3
3
3
3
3
3
3
3
3
3
3
3
3
3
3
3
3
3
3
3
3
3
3
3
3
3
3
3
3
3
3
3
3
3
3
3
3
3
3
3
3
3
3
3
3
3
3
3
3
3
3
3
3
3
3
3
3
3
3
3
3
3
3
3
3
3
3
3
3
3
3
3
3
3
3
3
3
3
3
3
3
3
3
3
3
3
3
3
3
3
3
3
3
3
3
3
3
3
3
3
3
3
3
3
3
3
3
3
3
3
3
3
3
3
3
3
3
3
3
3
3
3
3
3
3
3
3
3
3
3
3
3
3
3
3
3
3
3
3
3
3
3
3
3
3
3
3
3
3
3
3
3
3
3
3
3
3
3
3
3
3
3
3
3
3
3
3
3
3
3
3
3
3
3
3
3
3
3
3
3
3
3
3
3
3
3
3
3
3
3
3
3
3
3
3
3
3
3
3
3
3
3
3
3
3
3
3
3
3
3
3
3
3
3
3
3
3
3
3
3
3
3
3
3
3
3
3
3
3
3
3
3
3
3
3
3
3
3
3
3
3
3
3
3
3
3
3
3
3
3
3
3
3
3
3
3
3
3
3
3
3
3
3
3
3
3
3
3
3
3
3
3
3
3
3
3
3
3
3
3
3
3
3
3
3
3
3
3
3
3
3
3
3
3
3
3
3
3
3
3
3
3
3
3
3
3
3
3
3
3
3
3
3
3
3
3
3
3
3
3
3
3
3
3
3
3
3
3
3
3
3
3
3
3
3
3
3
3
3
3
3
3
3
3
3
3
3
3
3
3
3
3
3
3
3
3
3
3
3
3
3
3
3
3
3
3
3
3
3
3
3
3
3
3
3
3
3
3
3
3
3
3
3
3
3
3
3
3
3
3
3
3
3
3
3
3
3
3
3
3
3
3
3
3
3
3
3
3
3
3
3
3
3
3
3
3
3
3
3
3
3
3
3
3
3
3
3
3
3
3
3
3
3
3
3
3
3
3
3
3
3
3
3
3
3
3
3
3
3
3
3
3
3
3
3
3
3
3
3
3
3
3
3
3
3
3
3
3
3
3
3
3
3
3
3
3
3
3
3
3
3
3
3
3
3
3
3
3
3
3
3
3
3
3
3
3
3
3
3
3
3
3
3
3
3
3
3
3
3
3
3
3
3
3
3
3
3
3
3
3
3
3
3
3
3
3
3
3
3
3
3
3
3
3
3
3
3
3
3
3
3
3
3
3
3
3
3
3
3
3
3
3
3
3
3
3
3
3
3
3
3
3
3
3
3
3
3
3
3
3
3
3
3
3
3
3
3
3
3
3
3
3
3
3
3
3
3
3
3
3
3
3
3
3
3
3
3
3
3
3
3
3
3
3
3
3
3
3
3
3
3
3
3
3
3
3
3
3
3
3
3
3
3
3
3
3
3
3
3
3
3
3
3
3
3
3
3
3
3
3
3
3
3
3
3
3
3
3
3
3
3
3
3
3
3
3
3
3
3
3
3
3
3
3
3
3
3
3
3
3
3
3
3
3
3
3
3
3
3
3
3
3
3
3
3
3
3
3
3
3
3
3
3
3
3
3
3
3
3
3
3
3
3
3
3
3
3
3
3
3
3
3
3
3
3
3
3
3
3
3
3
3
3
3
3
3
3
3
3
3
3
3
3
3
3
3
3
3
3
3
3
3
3
3
3
3
3
3
3
3
3
3
3
3
3
3
3
3
3
3
3
3
3
3
3
3
3
3
3
3
3
3
3
3
3
3
3
3
3
3
3
3
3
3
3
3
3
3
3
3
3
3
3
3
3
3
3
3
3
3
3
3
3
3
3
3
3
3
3
3
3
3
3
3
3
3
3
3
3
3
3
3
3
3
3
3
3
3
3
3
3
3
3
3
3
3
3
3
3
3
3
3
3
3
3
3
3
3
3
3
3
3
3
3
3
3
3
3
3
3
3
3
3
3
3
3
3
3
3
3
3
3
3
3
3
3
3
3
3
3
3
3
3
3
3
3
3
3
3
3
3
3
3
3
3
3
3
3
3
3
3
3
3
3
3
3
3
3
3
3
3
3
3
3
3
3
3
3
3
3
3
3
3
3
3
3
3
3
3
3
3
3
3
3
3
3
3
3
3
3
3
3
3
3
3
3
3
3
3
3
3
3
3
3
3
3
3
3
3
3
3
3
3
3
3
3
3
3
3
3
3
3
3
3
3
3
3
3
3
3
3
3
3
3
3
3
3
3
3
3
3
3
3
3
3
3
3
3
3
3
3
3
3
3
3
3
3
3
3
3
3
3
3
3
3
3
3
3
3
3
3
3
3
3
3
3
3
3
3
3
3
3
3
3
3
3
3
3
3
3
3
3
3
3
3
3
3
3
3
3
3
3
3
3
3
3
3
3
3
3
3
3
3
3
3
3
3
3
3
3
3
3
3
3
3
3
3
3
3
3
3
3
3
3
3
3
3
3
3
3
3
3
3
3
3
3
3
3
3
3
3
3
3
3
3
3
3
3
3
3
3
3
3
3
3
3
3
3
3
3
3
3
3
3
3
3
3
3
3
3
3
3
3
3
3
3
3
3
3
3
3
3
3
3
3
3
3
3
3
3
3
3
3
3
3
3
3
3
3
3
3
3
3
3
3
3
3
3
3
3
3
3
3
3
3
3
3
3
3
3
3
3
3
3
3
3
3
3
3
3
3
3
3
3
3
3
3
3
3
3
3
3
3
3
3
3
3
3
3
3
3
3
3
3
3
3
3
3
3
3
3
3
3
3
3
3
3
3
3
3
3
3
3
3
3
3
3
3
3
3
3
3
3
3
3
3
3
3
3
3
3
3
3
3
3
3
3
3
3
3
3
3
3
3
3
3
3
3
3
3
3
3
3
3
3
3
3
3
3
3
3
3
3
3
3
3
3
3
3
3
3
3
3
3
3
3
3
3
3
3
3
3
3
3
3
3
3
3
3
3
3
3
3
3
3
3
3
3
3
3
3
3
3
3
3
3
3
3
3
3
3
3
3
3
3
3
3
3
3
3
3
3
3
3
3
3
3
3
3
3
3
3
3
3
3
3
3
3
3
3
3
3
3
3
3
3
3
3
3
3
3
3
3
3
3
3
3
3
3
3
3
3
3
3
3
3
3
3
3
3
3
3
3
3
3
3
3
3
3
3
3
3
3
3
3
3
3
3
3
3
3
3
3
3
3
3
3
3
3
3
3
3
3
3
3
3
3
3
3
3
3
3
3
3
3
3
3
3
3
3
3
3
3
3
3
3
3
3
3
3
3
3
3
3
3
3
3
3
3
3
3
3
3
3
3
3
3
3
3
3
3
3
3
3
3
3
3
3
3
3
3
3
3
3
3
3
3
3
3
3
3
3
3
3
3
3
3
3
3
3
3
3
3
3
3
3
3
3
3
3
3
3
3
3
3
3
3
3
3
3
3
3
3
3
3
3
3
3
3
3
3
3
3
3
3
3
3
3
3
3
3
3
3
3
3
3
3
3
3
3
3
3
3
3
3
3
3
3
3
3
3
3
3
3
3
3
3
3
3
3
3
3
3
3
3
3
3
3
3
3
3
3
3
3
3
3
3
3
3
3
3
3
3
3
3
3
3
3
3
3
3
3
3
3
3
3
3
3
3
3
3
3
3
3
3
3
3
3
3
3
3
3
3
3
3
3
3
3
3
3
3
3
3
3
3
3
3
3
3
3
3
3
3
3
3
3
3
3
3
3
3
3
3
3
3
3
3
3
3
3
3
3
3
3
3
3
3
3
3
3
3
3
3
3
3
3
3
3
3
3
3
3
3
3
3
3
3
3
3
3
3
3
3
3
3
3
3
3
3
3
3
3
3
3
3
3
3
3
3
3
3
3
3
3
3
3
3
3
3
3
3
3
3
3
3
3
3
3
3
3
3
3
3
3
3
3
3
3
3
3
3
3
3
3
3
3
3
3
3
3
3
3
3
3
3
3
3
3
3
3
3
3
3
3
3
3
3
3
3
3
3
3
3
3
3
3
3
3
3
3
3
3
3
3
3
3
3
3
3
3
3
3
3
3
3
3
3
3
3
3
3
3
3
3
3
3
3
3
3
3
3
3
3
3
3
3
3
3
3
3
3
3
3
3
3
3
3
3
3
3
3
3
3
3
3
3
3
3
3
3
3
3
3
3
3
3
3
3
3
3
3
3
3
3
3
3
3
3
3
3
3
3
3
3
3
3
3
3
3
3
3
3
3
3
3
3
3
3
3
3
3
3
3
3
3
3
3
3
3
3
3
3
3
3
3
3
3
3
3
3
3
3
3
3
3
3
3
3
3
3
3
3
3
3
3
3
3
3
3
3
3
3
3
3
3
3
3
3
3
3
3
3
3
3
3
3
3
3
3
3
3
3
3
3
3
3
3
3
3
3
3
3
3
3
3
3
3
3
3
3
3
3
3
3
3
3
3
3
3
3
3
3
3
3
3
3
3
3
3
3
3
3
3
3
3
3
3
3
3
3
3
3
3
3
3
3
3
3
3
3
3
3
3
3
3
3
3
3
3
3
3
3
3
3
3
3
3
3
3
3
3
3
3
3
3
3
3
3
3
3
3
3
3
3
3
3
3
3
3
3
3
3
3
3
3
3
3
3
3
3
3
3
3
3
3
3
3
3
3
3
3
3
3
3
3
3
3
3
3
3
3
3
3
3
3
3
3
3
3
3
3
3
3
3
3
3
3
3
3
3
3
3
3
3
3
3
3
3
3
3
3
3
3
3
3
3
3
3
3
3
3
3
3
3
3
3
3
3
3
3
3
3
3
3
3
3
3
3
3
3
3
3
3
3
3
3
3
3
3
3
3
3
3
3
3
3
3
3
3
3
3
3
3
3
3
3
3
3
3
3
3
3
3
3
3
3
3
3
3
3
3
3
3
3
3
3
3
3
3
3
3
3
3
3
3
3
3
3
3
3
3
3
3
3
3
3
3
3
3
3
3
3
3
3
3
3
3
3
3
3
3
3
3
3
3
3
3
3
3
3
3
3
3
3
3
3
3
3
3
3
3
3
3
3
3
3
3
3
3
3
3
3
3
3
3
3
3
3
3
3
3
3
3
3
3
3
3
3
3
3
3
3
3
3
3
3
3
3
3
3
3
3
3
3
3
3
3
3
3
3
3
3
3
3
3
3
3
3
3
3
3
3
3
3
3
3
3
3
3
3
3
3
3
3
3
3
3
3
3
3
3
3
3
3
3
3
3
3
3
3
3
3
3
3
3
3
3
3
3
3
3
3
3
3
3
3
3
3
3
3
3
3
3
3
3
3
3
3
3
3
3
3
3
3
3
3
3
3
3
3
3
3
3
3
3
3
3
3
3
3
3
3
3
3
3
3
3
3
3
3
3
3
3
3
3
3
3
3
3
3
3
3
3
3
3
3
3
3
3
3
3
3
3
3
3
3
3
3
3
3
3
3
3
3
3
3
3
3
3
3
3
3
3
3
3
3
3
3
3
3
3
3
3
3
3
3
3
3
3
3
3
3
3
3
3
3
3
3
3
3
3
3
3
3
3
3
3
3
3
3
3
3
3
3
3
3
3
3
3
3
3
3
3
3
3
3
3
3
3
3
3
3
3
3
3
3
3
3
3
3
3
3
3
3
3
3
3
3
3
3
3
3
3
3
3
3
3
3
3
3
3
3
3
3
3
3
3
3
3
3
3
3
3
3
3
3
3
3
3
3
3
3
3
3
3
3
3
3
3
3
3
3
3
3
3
3
3
3
3
3
3
3
3
3
3
3
3
3
3
3
3
3
3
3
3
3
3
3
3
3
3
3
3
3
3
3
3
3
3
3
3
3
3
3
3
3
3
3
3
3
3
3
3
3
3
3
3
3
3
3
3
3
3
3
3
3
3
3
3
3
3
3
3
3
3
3
3
3
3
3
3
3
3
3
3
3
3
3
3
3
3
3
3
3
3
3
3
3
3
3
3
3
3
3
3
3
3
3
3
3
3
3
3
3
3
3
3
3
3
3
3
3
3
3
3
3
3
3
3
3
3
3
3
3
3
3
3
3
3
3
3
3
3
3
3
3
3
3
3
3
3
3
3
3
3
3
3
3
3
3
3
3
3
3
3
3
3
3
3
3
3
3
3
3
3
3
3
3
3
3
3
3
3
3
3
3
3
3
3
3
3
3
3
3
3
3
3
3
3
3
3
3
3
3
3
3
3
3
3
3
3
3
3
3
3
3
3
3
3
3
3
3
3
3
3
3
3
3
3
3
3
3
3
3
3
3
3
3
3
3
3
3
3
3
3
3
3
3
3
3
3
3
3
3
3
3
3
3
3
3
3
3
3
3
3
3
3
3
3
3
3
3
3
3
3
3
3
3
3
3
3
3
3
3
3
3
3
3
3
3
3
3
3
3
3
3
3
3
3
3
3
3
3
3
3
3
3
3
3
3
3
3
3
3
3
3
3
3
3
3
3
3
3
3
3
3
3
3
3
3
3
3
3
3
3
3
3
3
3
3
3
3
3
3
3
3
3
3
3
3
3
3
3
3
3
3
3
3
3
3
3
3
3
3
3
3
3
3
3
3
3
3
3
3
3
3
3
3
3
3
3
3
3
3
3
3
3
3
3
3
3
3
3
3
3
3
3
3
3
3
3
3
3
3
3
3
3
3
3
3
3
3
3
3
3
3
3
3
3
3
3
3
3
3
3
3
3
3
3
3
3
3
3
3
3
3
3
3
3
3
3
3
3
3
3
3
3
3
3
3
3
3
3
3
3
3
3
3
3
3
3
3
3
3
3
3
3
3
3
3
3
3
3
3
3
3
3
3
3
3
3
3
3
3
3
3
3
3
3
3
3
3
3
3
3
3
3
3
3
3
3
3
3
3
3
3
3
3
3
3
3
3
3
3
3
3
3
3
3
3
3
3
3
3
3
3
3
3
3
3
3
3
3
3
3
3
3
3
3
3
3
3
3
3
3
3
3
3
3
3
3
3
3
3
3
3
3
3
3
3
3
3
3
3
3
3
3
3
3
3
3
3
3
3
3
3
3
3
3
3
3
3
3
3
3
3
3
3
3
3
3
3
3
3
3
3
3
3
3
3
3
3
3
3
3
3
3
3
3
3
3
3
3
3
3
3
3
3
3
3
3
3
3
3
3
3
3
3
3
3
3
3
3
3
3
3
3
3
3
3
3
3
3
3
3
3
3
3
3
3
3
3
3
3
3
3
3
3
3
3
3
3
3
3
3
3
3
3
3
3
3
3
3
3
3
3
3
3
3
3
3
3
3
3
3
3
3
3
3
3
3
3
3
3
3
3
3
3
3
3
3
3
3
3
3
3
3
3
3
3
3
3
3
3
3
3
3
3
3
3
3
3
3
3
3
3
3
3
3
3
3
3
3
3
3
3
3
3
3
3
3
3
3
3
3
3
3
3
3
3
3
3
3
3
3
3
3
3
3
3
3
3
3
3
3
3
3
3
3
3
3
3
3
3
3
3
3
3
3
3
3
3
3
3
3
3
3
3
3
3
3
3
3
3
3
3
3
3
3
3
3
3
3
3
3
3
3
3
3
3
3
3
3
3
3
3
3
3
3
3
3
3
3
3
3
3
3
3
3
3
3
3
3
3
3
3
3
3
3
3
3
3
3
3
3
3
3
3
3
3
3
3
3
3
3
3
3
3
3
3
3
3
3
3
3
3
3
3
3
3
3
3
3
3
3
3
3
3
3
3
3
3
3
3
3
3
3
3
3
3
3
3
3
3
3
3
3
3
3
3
3
3
3
3
3
3
3
3
3
3
3
3
3
3
3
3
3
3
3
3
3
3
3
3
3
3
3
3
3
3
3
3
3
3
3
3
3
3
3
3
3
3
3
3
3
3
3
3
3
3
3
3
3
3
3
3
3
3
3
3
3
3
3
3
3
3
3
3
3
3
3
3
3
3
3
3
3
3
3
3
3
3
3
3
3
3
3
3
3
3
3
3
3
3
3
3
3
3
3
3
3
3
3
3
3
3
3
3
3
3
3
3
3
3
3
3
3
3
3
3
3
3
3
3
3
3
3
3
3
3
3
3
3
3
3
3
3
3
3
3
3
3
3
3
3
3
3
3
3
3
3
3
3
3
3
3
3
3
3
3
3
3
3
3
3
3
3
3
3
3
3
3
3
3
3
3
3
3
3
3
3
3
3
3
3
3
3
3
3
3
3
3
3
3
3
3
3
3
3
3
3
3
3
3
3
3
3
3
3
3
3
3
3
3
3
3
3
3
3
3
3
3
3
3
3
3
3
3
3
3
3
3
3
3
3
3
3
3
3
3
3
3
3
3
3
3
3
3
3
3
3
3
3
3
3
3
3
3
3
3
3
3
3
3
3
3
3
3
3
3
3
3
3
3
3
3
3
3
3
3
3
3
3
3
3
3
3
3
3
3
3
3
3
3
3
3
3
3
3
3
3
3
3
3
3
3
3
3
3
3
3
3
3
3
3
3
3
3
3
3
3
3
3
3
3
3
3
3
3
3
3
3
3
3
3
3
3
3
3
3
3
3
3
3
3
3
3
3
3
3
3
3
3
3
3
3
3
3
3
3
3
3
3
3
3
3
3
3
3
3
3
3
3
3
3
3
3
3
3
3
3
3
3
3
3
3
3
3
3
3
3
3
3
3
3
3
3
3
3
3
3
3
3
3
3
3
3
3
3
3
3
3
3
3
3
3
3
3
3
3
3
3
3
3
3
3
3
3
3
3
3
3
3
3
3
3
3
3
3
3
3
3
3
3
3
3
3
3
3
3
3
3
3
3
3
3
3
3
3
3
3
3
3
3
3
3
3
3
3
3
3
3
3
3
3
3
3
3
3
3
3
3
3
3
3
3
3
3
3
3
3
3
3
3
3
3
3
3
3
3
3
3
3
3
3
3
3
3
3
3
3
3
3
3
3
3
3
3
3
3
3
3
3
3
3
3
3
3
3
3
3
3
3
3
3
3
3
3
3
3
3
3
3
3
3
3
3
3
3
3
3
3
3
3
3
3
3
3
3
3
3
3
3
3
3
3
3
3
3
3
3
3
3
3
3
3
3
3
3
3
3
3
3
3
3
3
3
3
3
3
3
3
3
3
3
3
3
3
3
3
3
3
3
3
3
3
3
3
3
3
3
3
3
3
3
3
3
3
3
3
3
3
3
3
3
3
3
3
3
3
3
3
3
3
3
3
3
3
3
3
3
3
3
3
3
3
3
3
3
3
3
3
3
3
3
3
3
3
3
3
3
3
3
3
3
3
3
3
3
3
3
3
3
3
3
3
3
3
3
3
3
3
3
3
3
3
3
3
3
3
3
3
3
3
3
3
3
3
3
3
3
3
3
3
3
3
3
3
3
3
3
3
3
3
3
3
3
3
3
3
3
3
3
3
3
3
3
3
3
3
3
3
3
3
3
3
3
3
3
3
3
3
3
3
3
3
3
3
3
3
3
3
3
3
3
3
3
3
3
3
3
3
3
3
3
3
3
3
3
3
3
3
3
3
3
3
3
3
3
3
3
3
3
3
3
3
3
3
3
3
3
3
3
3
3
3
3
3
3
3
3
3
3
3
3
3
3
3
3
3
3
3
3
3
3
3
3
3
3
3
3
3
3
3
3
3
3
3
3
3
3
3
3
3
3
3
3
3
3
3
3
3
3
3
3
3
3
3
3
3
3
3
3
3
3
3
3
3
3
3
3
3
3
3
3
3
3
3
3
3
3
3
3
3
3
3
3
3
3
3
3
3
3
3
3
3
3
3
3
3
3
3
3
3
3
3
3
3
3
3
3
3
3
3
3
3
3
3
3
3
3
3
3
3
3
3
3
3
3
3
3
3
3
3
3
3
3
3
3
3
3
3
3
3
3
3
3
3
3
3
3
3
3
3
3
3
3
3
3
3
3
3
3
3
3
3
3
3
3
3
3
3
3
3
3
3
3
3
3
3
3
3
3
3
3
3
3
3
3
3
3
3
3
3
3
3
3
3
3
3
3
3
3
3
3
3
3
3
3
3
3
3
3
3
3
3
3
3
3
3
3
3
3
3
3
3
3
3
3
3
3
3
3
3
3
3
3
3
3
3
3
3
3
3
3
3
3
3
3
3
3
3
3
3
3
3
3
3
3
3
3
3
3
3
3
3
3
3
3
3
3
3
3
3
3
3
3
3
3
3
3
3
3
3
3
3
3
3
3
3
3
3
3
3
3
3
3
3
3
3
3
3
3
3
3
3
3
3
3
3
3
3
3
3
3
3
3
3
3
3
3
3
3
3
3
3
3
3
3
3
3
3
3
3
3
3
3
3
3
3
3
3
3
3
3
3
3
3
3
3
3
3
3
3
3
3
3
3
3
3
3
3
3
3
3
3
3
3
3
3
3
3
3
3
3
3
3
3
3
3
3
3
3
3
3
3
3
3
3
3
3
3
3
3
3
3
3
3
3
3
3
3
3
3
3
3
3
3
3
3
3
3
3
3
3
3
3
3
3
3
3
3
3
3
3
3
3
3
3
3
3
3
3
3
3
3
3
3
3
3
3
3
3
3
3
3
3
3
3
3
3
3
3
3
3
3
3
3
3
3
3
3
3
3
3
3
3
3
3
3
3
3
3
3
3
3
3
3
3
3
3
3
3
3
3
3
3
3
3
3
3
3
3
3
3
3
3
3
3
3
3
3
3
3
3
3
3
3
3
3
3
3
3
3
3
3
3
3
3
3
3
3
3
3
3
3
3
3
3
3
3
3
3
3
3
3
3
3
3
3
3
3
3
3
3
3
3
3
3
3
3
3
3
3
3
3
3
3
3
3
3
3
3
