$MeshFormat
4.1 0 8
$EndMeshFormat
$PhysicalNames
3
2 1 "FixedFace"
2 2 "LoadedFace"
3 3 "BeamVolume"
$EndPhysicalNames
$Entities
8 12 6 1
1 0 0 0 0 
2 100 0 0 0 
3 100 10 0 0 
4 0 10 0 0 
5 0 0 10 0 
6 100 0 10 0 
7 100 10 10 0 
8 0 10 10 0 
1 -1.000000011686097e-07 -1e-07 -1e-07 100.0000001 1e-07 1e-07 0 2 1 -2 
2 99.99999990000001 -1.000000002804313e-07 -1e-07 100.0000001 10.0000001 1e-07 0 2 2 -3 
3 -1.000000011686097e-07 9.999999900000001 -1e-07 100.0000001 10.0000001 1e-07 0 2 3 -4 
4 -1e-07 -1.000000002804313e-07 -1e-07 1e-07 10.0000001 1e-07 0 2 4 -1 
5 -1.000000011686097e-07 -1e-07 9.999999900000001 100.0000001 1e-07 10.0000001 0 2 5 -6 
6 99.99999990000001 -1.000000002804313e-07 9.999999900000001 100.0000001 10.0000001 10.0000001 0 2 6 -7 
7 -1.000000011686097e-07 9.999999900000001 9.999999900000001 100.0000001 10.0000001 10.0000001 0 2 7 -8 
8 -1e-07 -1.000000002804313e-07 9.999999900000001 1e-07 10.0000001 10.0000001 0 2 8 -5 
9 -1e-07 -1e-07 -1.000000002804313e-07 1e-07 1e-07 10.0000001 0 2 1 -5 
10 99.99999990000001 -1e-07 -1.000000002804313e-07 100.0000001 1e-07 10.0000001 0 2 2 -6 
11 99.99999990000001 9.999999900000001 -1.000000002804313e-07 100.0000001 10.0000001 10.0000001 0 2 3 -7 
12 -1e-07 9.999999900000001 -1.000000002804313e-07 1e-07 10.0000001 10.0000001 0 2 4 -8 
1 -1.000000011686097e-07 -1.000000002804313e-07 -1e-07 100.0000001 10.0000001 1e-07 1 1 4 1 2 3 4 
2 -1.000000011686097e-07 -1.000000002804313e-07 9.999999900000001 100.0000001 10.0000001 10.0000001 1 2 4 5 6 7 8 
3 -1.000000011686097e-07 -1e-07 -1.000000002804313e-07 100.0000001 1e-07 10.0000001 0 4 1 10 -5 -9 
4 99.99999990000001 -1.000000002804313e-07 -1.000000002804313e-07 100.0000001 10.0000001 10.0000001 0 4 2 11 -6 -10 
5 -1.000000011686097e-07 9.999999900000001 -1.000000002804313e-07 100.0000001 10.0000001 10.0000001 0 4 3 12 -7 -11 
6 -1e-07 -1.000000002804313e-07 -1.000000002804313e-07 1e-07 10.0000001 10.0000001 0 4 4 9 -8 -12 
1 -1.000000011686097e-07 -1.000000002804313e-07 -1.000000002804313e-07 100.0000001 10.0000001 10.0000001 1 3 6 -1 3 2 4 5 6 
$EndEntities
$Nodes
27 1736 1 1736
0 1 0 1
1
0 0 0
0 2 0 1
2
100 0 0
0 3 0 1
3
100 10 0
0 4 0 1
4
0 10 0
0 5 0 1
5
0 0 10
0 6 0 1
6
100 0 10
0 7 0 1
7
100 10 10
0 8 0 1
8
0 10 10
1 1 0 49
9
10
11
12
13
14
15
16
17
18
19
20
21
22
23
24
25
26
27
28
29
30
31
32
33
34
35
36
37
38
39
40
41
42
43
44
45
46
47
48
49
50
51
52
53
54
55
56
57
2 0 0
4 0 0
6 0 0
8 0 0
10 0 0
12 0 0
14 0 0
16 0 0
18 0 0
20 0 0
22 0 0
24 0 0
26 0 0
28 0 0
30 0 0
32 0 0
34 0 0
36 0 0
38 0 0
40 0 0
42 0 0
44 0 0
46 0 0
48 0 0
50 0 0
52 0 0
54 0 0
56 0 0
58 0 0
60 0 0
62 0 0
64 0 0
66 0 0
68 0 0
70 0 0
72 0 0
74 0 0
76 0 0
78 0 0
80 0 0
82 0 0
84 0 0
86 0 0
88 0 0
90 0 0
92 0 0
94 0 0
96 0 0
98 0 0
1 2 0 4
58
59
60
61
100 2 0
100 4 0
100 6 0
100 8 0
1 3 0 49
62
63
64
65
66
67
68
69
70
71
72
73
74
75
76
77
78
79
80
81
82
83
84
85
86
87
88
89
90
91
92
93
94
95
96
97
98
99
100
101
102
103
104
105
106
107
108
109
110
98 10 0
96 10 0
94 10 0
92 10 0
90 10 0
88 10 0
86 10 0
84 10 0
82 10 0
80 10 0
78 10 0
76 10 0
74 10 0
72 10 0
70 10 0
68 10 0
66 10 0
64 10 0
62 10 0
60 10 0
58 10 0
56 10 0
54 10 0
52 10 0
50 10 0
48 10 0
46 10 0
44 10 0
42 10 0
40 10 0
38 10 0
36 10 0
34 10 0
32 10 0
30 10 0
28 10 0
26 10 0
24 10 0
22 10 0
20 10 0
18 10 0
16 10 0
14 10 0
12 10 0
10 10 0
8 10 0
6 10 0
4 10 0
2 10 0
1 4 0 4
111
112
113
114
0 8 0
0 6 0
0 4 0
0 2 0
1 5 0 49
115
116
117
118
119
120
121
122
123
124
125
126
127
128
129
130
131
132
133
134
135
136
137
138
139
140
141
142
143
144
145
146
147
148
149
150
151
152
153
154
155
156
157
158
159
160
161
162
163
2 0 10
4 0 10
6 0 10
8 0 10
10 0 10
12 0 10
14 0 10
16 0 10
18 0 10
20 0 10
22 0 10
24 0 10
26 0 10
28 0 10
30 0 10
32 0 10
34 0 10
36 0 10
38 0 10
40 0 10
42 0 10
44 0 10
46 0 10
48 0 10
50 0 10
52 0 10
54 0 10
56 0 10
58 0 10
60 0 10
62 0 10
64 0 10
66 0 10
68 0 10
70 0 10
72 0 10
74 0 10
76 0 10
78 0 10
80 0 10
82 0 10
84 0 10
86 0 10
88 0 10
90 0 10
92 0 10
94 0 10
96 0 10
98 0 10
1 6 0 4
164
165
166
167
100 2 10
100 4 10
100 6 10
100 8 10
1 7 0 49
168
169
170
171
172
173
174
175
176
177
178
179
180
181
182
183
184
185
186
187
188
189
190
191
192
193
194
195
196
197
198
199
200
201
202
203
204
205
206
207
208
209
210
211
212
213
214
215
216
98 10 10
96 10 10
94 10 10
92 10 10
90 10 10
88 10 10
86 10 10
84 10 10
82 10 10
80 10 10
78 10 10
76 10 10
74 10 10
72 10 10
70 10 10
68 10 10
66 10 10
64 10 10
62 10 10
60 10 10
58 10 10
56 10 10
54 10 10
52 10 10
50 10 10
48 10 10
46 10 10
44 10 10
42 10 10
40 10 10
38 10 10
36 10 10
34 10 10
32 10 10
30 10 10
28 10 10
26 10 10
24 10 10
22 10 10
20 10 10
18 10 10
16 10 10
14 10 10
12 10 10
10 10 10
8 10 10
6 10 10
4 10 10
2 10 10
1 8 0 4
217
218
219
220
0 8 10
0 6 10
0 4 10
0 2 10
1 9 0 4
221
222
223
224
0 0 2
0 0 4
0 0 6
0 0 8
1 10 0 4
225
226
227
228
100 0 2
100 0 4
100 0 6
100 0 8
1 11 0 4
229
230
231
232
100 10 2
100 10 4
100 10 6
100 10 8
1 12 0 4
233
234
235
236
0 10 2
0 10 4
0 10 6
0 10 8
2 1 0 248
237
238
239
240
241
242
243
244
245
246
247
248
249
250
251
252
253
254
255
256
257
258
259
260
261
262
263
264
265
266
267
268
269
270
271
272
273
274
275
276
277
278
279
280
281
282
283
284
285
286
287
288
289
290
291
292
293
294
295
296
297
298
299
300
301
302
303
304
305
306
307
308
309
310
311
312
313
314
315
316
317
318
319
320
321
322
323
324
325
326
327
328
329
330
331
332
333
334
335
336
337
338
339
340
341
342
343
344
345
346
347
348
349
350
351
352
353
354
355
356
357
358
359
360
361
362
363
364
365
366
367
368
369
370
371
372
373
374
375
376
377
378
379
380
381
382
383
384
385
386
387
388
389
390
391
392
393
394
395
396
397
398
399
400
401
402
403
404
405
406
407
408
409
410
411
412
413
414
415
416
417
418
419
420
421
422
423
424
425
426
427
428
429
430
431
432
433
434
435
436
437
438
439
440
441
442
443
444
445
446
447
448
449
450
451
452
453
454
455
456
457
458
459
460
461
462
463
464
465
466
467
468
469
470
471
472
473
474
475
476
477
478
479
480
481
482
483
484
5 8.267949192431123 0
8.999999999999993 1.732050807568878 0
13 1.732050807568915 0
17.00000000000001 1.732050807568974 0
21.00000000000001 1.732050807569053 0
25.00000000000001 1.732050807569128 0
29.00000000000001 1.732050807569192 0
33.00000000000001 1.732050807569263 0
37.00000000000001 1.732050807569337 0
41.00000000000001 1.732050807569415 0
45.00000000000001 1.732050807569491 0
49.00000000000001 1.732050807569569 0
53.00000000000001 1.732050807569645 0
57.00000000000001 1.732050807569721 0
61.00000000000001 1.732050807569796 0
65.00000000000001 1.732050807569875 0
69 1.732050807569951 0
73 1.732050807570022 0
77 1.732050807570102 0
81 1.732050807570183 0
85.00214105030955 1.631454647774624 0
89.22546515522288 1.890458826019697 0
93.03077004416764 1.813188168850848 0
95.17345130941315 8.207407750089153 0
90.93680581256685 8.304434373556864 0
87 8.347685369756364 0
83.02630068124901 8.316209361130984 0
79 8.267949192431123 0
75 8.267949192431123 0
71 8.267949192431123 0
67 8.267949192431123 0
63 8.267949192431123 0
59 8.267949192431123 0
55 8.267949192431123 0
51 8.267949192431123 0
47 8.267949192431123 0
43 8.267949192431123 0
39 8.267949192431123 0
35 8.267949192431123 0
31 8.267949192431123 0
27 8.267949192431123 0
23 8.267949192431123 0
19 8.267949192431123 0
15 8.267949192431123 0
11 8.267949192431123 0
5.116676008936324 1.664687882401514 0
1.732050807568896 5 0
98.27738658026877 5.016346035225557 0
96.81634876188519 1.811394494881592 0
98.30702912343534 6.992518096425224 0
96.37177463526993 6.313252741406258 0
96.53589838486221 4.000000000000034 0
94.80384757729337 5.000000000000054 0
94.87644358965548 2.994054770981365 0
93.07705831752536 3.967873823305397 0
93.07179676972447 6.000000000000036 0
91.36918921958565 5.011218488814775 0
91.21836298184803 3.005885087798496 0
89.60769515458674 4.000000000000068 0
87.67412161471219 3.406795228478456 0
87.9981452157311 5.31759946781533 0
86.12115679677098 4.617280816619251 0
7.019446001489385 1.72082365337431 0
8.003241000248224 3.462230422771986 0
10.00054016670802 3.463789749743477 0
9.000630194492686 5.163039334173726 0
6.840770514751995 5.059961209205071 0
11.0000507757705 5.177667379579185 0
7.87376969985327 6.669529680880389 0
12.00009849041308 3.460968797050851 0
13.00000647586867 5.178194509917462 0
14.00001749438029 3.460586493325156 0
14.99999999999994 5.196152422706833 0
16.00000291573004 3.463515761502477 0
16.99999999999994 5.19615242270692 0
18.00000048595499 3.464003972865418 0
18.99999999999993 5.196152422707039 0
20.00000008099248 3.464085341425982 0
20.99999999999992 5.19615242270716 0
22.00000001349873 3.464098902852801 0
22.99999999999992 5.196152422707279 0
24.00000000224977 3.464101163090671 0
24.99999999999993 5.196152422707383 0
26.00000000037494 3.464101539797032 0
26.99999999999993 5.196152422707484 0
28.00000000006247 3.464101602581486 0
28.99999999999993 5.196152422707578 0
30.00000000001039 3.464101613045612 0
30.99999999999993 5.196152422707682 0
32.00000000000171 3.464101614789698 0
32.99999999999993 5.196152422707788 0
34.00000000000027 3.464101615080434 0
34.99999999999992 5.196152422707899 0
36.00000000000003 3.464101615128959 0
36.99999999999992 5.196152422708012 0
37.99999999999999 3.464101615137104 0
38.99999999999992 5.19615242270813 0
40 3.464101615138913 0
40.99999999999992 5.196152422708246 0
41.99999999999998 3.464101615138892 0
42.99999999999992 5.196152422708361 0
43.99999999999997 3.464101615138959 0
44.99999999999992 5.196152422708476 0
45.99999999999997 3.464101615139028 0
46.99999999999992 5.19615242270859 0
47.99999999999997 3.46410161513911 0
48.99999999999992 5.196152422708706 0
49.99999999999997 3.464101615139181 0
50.99999999999992 5.19615242270882 0
51.99999999999997 3.464101615139263 0
52.99999999999992 5.196152422708936 0
53.99999999999997 3.464101615139334 0
54.99999999999992 5.196152422709051 0
55.99999999999997 3.464101615139414 0
56.99999999999992 5.196152422709162 0
57.99999999999997 3.464101615139484 0
58.99999999999992 5.196152422709274 0
59.99999999999997 3.464101615139565 0
60.99999999999992 5.19615242270939 0
61.99999999999997 3.464101615139637 0
62.99999999999992 5.196152422709504 0
63.99999999999997 3.464101615139721 0
64.99999999999991 5.196152422709625 0
65.99999999999997 3.464101615139795 0
66.99999999999991 5.196152422709746 0
67.99999999999997 3.464101615139875 0
68.99999999999993 5.196152422709856 0
69.99999999999997 3.464101615139942 0
70.99999999999993 5.196152422709956 0
71.99999999999997 3.464101615140017 0
72.99999999999993 5.196152422710064 0
73.99999999999997 3.464101615140089 0
74.99999999999991 5.19615242271018 0
75.99999999999997 3.464101615140176 0
76.99999999999991 5.196152422710313 0
77.99999999999997 3.464101615140253 0
78.99999999999991 5.196152422710435 0
79.99999999999997 3.464101615140339 0
80.99999999999991 5.196152422710555 0
81.99999999999997 3.464101615140408 0
82.95966049818978 5.095566545436061 0
84.24228050696748 3.522055473101013 0
93.05796777858222 7.988367911987067 0
88.98946763542781 8.356071570151055 0
89.78887684475703 6.384649237812233 0
85.03068412812385 8.315834041030861 0
81.00159746606224 8.294708486291489 0
77 8.267949192431123 0
73 8.267949192431123 0
69 8.267949192431123 0
65 8.267949192431123 0
61 8.267949192431125 0
57 8.267949192431123 0
53 8.267949192431123 0
49 8.267949192431123 0
45 8.267949192431123 0
41 8.267949192431123 0
37 8.267949192431123 0
33 8.267949192431123 0
29 8.267949192431123 0
25 8.267949192431125 0
21 8.267949192431125 0
17 8.267949192431125 0
13 8.267949192431125 0
11.00010644285351 1.731476693655353 0
15.00000340168506 1.731367311660921 0
19.00000009449125 1.732031821571572 0
23.00000000262475 1.732050280180276 0
27.00000000007291 1.732050792919473 0
31.00000000000203 1.732050807162295 0
35.00000000000006 1.732050807557999 0
39 1.732050807568876 0
42.99999999999999 1.73205080756946 0
46.99999999999999 1.732050807569533 0
50.99999999999999 1.73205080756961 0
54.99999999999999 1.732050807569686 0
58.99999999999999 1.732050807569761 0
62.99999999999999 1.732050807569838 0
66.99999999999999 1.732050807569917 0
70.99999999999999 1.732050807569989 0
74.99999999999999 1.732050807570065 0
79 1.732050807570146 0
83.04073692621283 1.724943757264371 0
1.693544090111658 3.008474738561751 0
3.204881161722078 3.966741601710699 0
3.521152592282682 6.194026221068405 0
1.697009285516557 7.003310138811235 0
5.999999999999993 3.464101615137713 0
86.12970701853783 6.466257685715043 0
3.138346541832831 1.82772942596852 0
98.35053673316374 3.06276488720153 0
97.01818696973008 8.336673026128555 0
2.947043915489495 8.333530656195503 0
5.541417052097202 6.433206316164334 0
86.98983025263118 1.632636018769823 0
8.952348836791018 8.338220866041098 0
6.840323320892836 8.360138566096948 0
83.95775187129087 6.668934046430632 0
12.00000000000001 6.732050807568946 0
14 6.732050807568987 0
15.99999999999996 6.732050807568996 0
17.99999999999991 6.732050807569026 0
19.99999999999991 6.732050807569085 0
21.99999999999991 6.732050807569146 0
23.99999999999991 6.732050807569203 0
25.99999999999991 6.732050807569253 0
27.99999999999996 6.732050807569331 0
29.99999999999999 6.732050807569411 0
31.99999999999995 6.732050807569426 0
33.99999999999997 6.732050807569491 0
35.99999999999999 6.732050807569575 0
37.99999999999999 6.732050807569637 0
39.99999999999999 6.732050807569696 0
41.99999999999999 6.732050807569753 0
43.99999999999999 6.732050807569811 0
45.99999999999999 6.732050807569868 0
47.99999999999999 6.73205080756992 0
49.99999999999999 6.732050807569977 0
51.99999999999999 6.73205080757004 0
53.99999999999999 6.732050807570093 0
55.99999999999999 6.732050807570149 0
57.99999999999994 6.732050807570167 0
59.99999999999996 6.732050807570236 0
61.99999999999994 6.732050807570277 0
63.99999999999993 6.732050807570333 0
65.99999999999993 6.732050807570393 0
67.99999999999996 6.732050807570467 0
69.99999999999994 6.732050807570506 0
71.99999999999991 6.732050807570544 0
73.99999999999993 6.732050807570609 0
75.99999999999993 6.732050807570673 0
77.99999999999993 6.732050807570737 0
79.99999999999983 6.732050807570758 0
81.99667823838627 6.726664317297905 0
9.99999999999995 6.731707756838128 0
91 1.352571219800192 0
94.94471247914166 1.323727486942761 0
94.60288568296998 6.651923788646723 0
87.98123934289075 6.974452666250005 0
86.00590604427828 2.962044436948633 0
91.64492728504325 6.737734002434195 0
84.6001589016447 5.087685837699915 0
98.53589838486226 8.535898384862262 0
1.464101615137736 1.464101615137738 0
98.53589838486225 1.464101615137751 0
1.464101615137736 8.535898384862262 0
4.9517001938531 4.705764225740965 0
4.570831606895034 3.118957949424955 0
2 2 0 248
485
486
487
488
489
490
491
492
493
494
495
496
497
498
499
500
501
502
503
504
505
506
507
508
509
510
511
512
513
514
515
516
517
518
519
520
521
522
523
524
525
526
527
528
529
530
531
532
533
534
535
536
537
538
539
540
541
542
543
544
545
546
547
548
549
550
551
552
553
554
555
556
557
558
559
560
561
562
563
564
565
566
567
568
569
570
571
572
573
574
575
576
577
578
579
580
581
582
583
584
585
586
587
588
589
590
591
592
593
594
595
596
597
598
599
600
601
602
603
604
605
606
607
608
609
610
611
612
613
614
615
616
617
618
619
620
621
622
623
624
625
626
627
628
629
630
631
632
633
634
635
636
637
638
639
640
641
642
643
644
645
646
647
648
649
650
651
652
653
654
655
656
657
658
659
660
661
662
663
664
665
666
667
668
669
670
671
672
673
674
675
676
677
678
679
680
681
682
683
684
685
686
687
688
689
690
691
692
693
694
695
696
697
698
699
700
701
702
703
704
705
706
707
708
709
710
711
712
713
714
715
716
717
718
719
720
721
722
723
724
725
726
727
728
729
730
731
732
5 8.267949192431123 10
8.999999999999993 1.732050807568878 10
13 1.732050807568915 10
17.00000000000001 1.732050807568974 10
21.00000000000001 1.732050807569053 10
25.00000000000001 1.732050807569128 10
29.00000000000001 1.732050807569192 10
33.00000000000001 1.732050807569263 10
37.00000000000001 1.732050807569337 10
41.00000000000001 1.732050807569415 10
45.00000000000001 1.732050807569491 10
49.00000000000001 1.732050807569569 10
53.00000000000001 1.732050807569645 10
57.00000000000001 1.732050807569721 10
61.00000000000001 1.732050807569796 10
65.00000000000001 1.732050807569875 10
69 1.732050807569951 10
73 1.732050807570022 10
77 1.732050807570102 10
81 1.732050807570183 10
85.00214105030955 1.631454647774624 10
89.22546515522288 1.890458826019697 10
93.03077004416764 1.813188168850848 10
95.17345130941315 8.207407750089153 10
90.93680581256685 8.304434373556864 10
87 8.347685369756364 10
83.02630068124901 8.316209361130984 10
79 8.267949192431123 10
75 8.267949192431123 10
71 8.267949192431123 10
67 8.267949192431123 10
63 8.267949192431123 10
59 8.267949192431123 10
55 8.267949192431123 10
51 8.267949192431123 10
47 8.267949192431123 10
43 8.267949192431123 10
39 8.267949192431123 10
35 8.267949192431123 10
31 8.267949192431123 10
27 8.267949192431123 10
23 8.267949192431123 10
19 8.267949192431123 10
15 8.267949192431123 10
11 8.267949192431123 10
5.116676008936324 1.664687882401514 10
1.732050807568896 5 10
98.27738658026877 5.016346035225557 10
96.81634876188519 1.811394494881592 10
98.30702912343534 6.992518096425224 10
96.37177463526993 6.313252741406258 10
96.53589838486221 4.000000000000034 10
94.80384757729337 5.000000000000054 10
94.87644358965548 2.994054770981365 10
93.07705831752536 3.967873823305397 10
93.07179676972447 6.000000000000036 10
91.36918921958565 5.011218488814775 10
91.21836298184803 3.005885087798496 10
89.60769515458674 4.000000000000068 10
87.67412161471219 3.406795228478456 10
87.9981452157311 5.31759946781533 10
86.12115679677098 4.617280816619251 10
7.019446001489385 1.72082365337431 10
8.003241000248224 3.462230422771986 10
10.00054016670802 3.463789749743477 10
9.000630194492686 5.163039334173726 10
6.840770514751995 5.059961209205071 10
11.0000507757705 5.177667379579185 10
7.87376969985327 6.669529680880389 10
12.00009849041308 3.460968797050851 10
13.00000647586867 5.178194509917462 10
14.00001749438029 3.460586493325156 10
14.99999999999994 5.196152422706833 10
16.00000291573004 3.463515761502477 10
16.99999999999994 5.19615242270692 10
18.00000048595499 3.464003972865418 10
18.99999999999993 5.196152422707039 10
20.00000008099248 3.464085341425982 10
20.99999999999992 5.19615242270716 10
22.00000001349873 3.464098902852801 10
22.99999999999992 5.196152422707279 10
24.00000000224977 3.464101163090671 10
24.99999999999993 5.196152422707383 10
26.00000000037494 3.464101539797032 10
26.99999999999993 5.196152422707484 10
28.00000000006247 3.464101602581486 10
28.99999999999993 5.196152422707578 10
30.00000000001039 3.464101613045612 10
30.99999999999993 5.196152422707682 10
32.00000000000171 3.464101614789698 10
32.99999999999993 5.196152422707788 10
34.00000000000027 3.464101615080434 10
34.99999999999992 5.196152422707899 10
36.00000000000003 3.464101615128959 10
36.99999999999992 5.196152422708012 10
37.99999999999999 3.464101615137104 10
38.99999999999992 5.19615242270813 10
40 3.464101615138913 10
40.99999999999992 5.196152422708246 10
41.99999999999998 3.464101615138892 10
42.99999999999992 5.196152422708361 10
43.99999999999997 3.464101615138959 10
44.99999999999992 5.196152422708476 10
45.99999999999997 3.464101615139028 10
46.99999999999992 5.19615242270859 10
47.99999999999997 3.46410161513911 10
48.99999999999992 5.196152422708706 10
49.99999999999997 3.464101615139181 10
50.99999999999992 5.19615242270882 10
51.99999999999997 3.464101615139263 10
52.99999999999992 5.196152422708936 10
53.99999999999997 3.464101615139334 10
54.99999999999992 5.196152422709051 10
55.99999999999997 3.464101615139414 10
56.99999999999992 5.196152422709162 10
57.99999999999997 3.464101615139484 10
58.99999999999992 5.196152422709274 10
59.99999999999997 3.464101615139565 10
60.99999999999992 5.19615242270939 10
61.99999999999997 3.464101615139637 10
62.99999999999992 5.196152422709504 10
63.99999999999997 3.464101615139721 10
64.99999999999991 5.196152422709625 10
65.99999999999997 3.464101615139795 10
66.99999999999991 5.196152422709746 10
67.99999999999997 3.464101615139875 10
68.99999999999993 5.196152422709856 10
69.99999999999997 3.464101615139942 10
70.99999999999993 5.196152422709956 10
71.99999999999997 3.464101615140017 10
72.99999999999993 5.196152422710064 10
73.99999999999997 3.464101615140089 10
74.99999999999991 5.19615242271018 10
75.99999999999997 3.464101615140176 10
76.99999999999991 5.196152422710313 10
77.99999999999997 3.464101615140253 10
78.99999999999991 5.196152422710435 10
79.99999999999997 3.464101615140339 10
80.99999999999991 5.196152422710555 10
81.99999999999997 3.464101615140408 10
82.95966049818978 5.095566545436061 10
84.24228050696748 3.522055473101013 10
93.05796777858222 7.988367911987067 10
88.98946763542781 8.356071570151055 10
89.78887684475703 6.384649237812233 10
85.03068412812385 8.315834041030861 10
81.00159746606224 8.294708486291489 10
77 8.267949192431123 10
73 8.267949192431123 10
69 8.267949192431123 10
65 8.267949192431123 10
61 8.267949192431125 10
57 8.267949192431123 10
53 8.267949192431123 10
49 8.267949192431123 10
45 8.267949192431123 10
41 8.267949192431123 10
37 8.267949192431123 10
33 8.267949192431123 10
29 8.267949192431123 10
25 8.267949192431125 10
21 8.267949192431125 10
17 8.267949192431125 10
13 8.267949192431125 10
11.00010644285351 1.731476693655353 10
15.00000340168506 1.731367311660921 10
19.00000009449125 1.732031821571572 10
23.00000000262475 1.732050280180276 10
27.00000000007291 1.732050792919473 10
31.00000000000203 1.732050807162295 10
35.00000000000006 1.732050807557999 10
39 1.732050807568876 10
42.99999999999999 1.73205080756946 10
46.99999999999999 1.732050807569533 10
50.99999999999999 1.73205080756961 10
54.99999999999999 1.732050807569686 10
58.99999999999999 1.732050807569761 10
62.99999999999999 1.732050807569838 10
66.99999999999999 1.732050807569917 10
70.99999999999999 1.732050807569989 10
74.99999999999999 1.732050807570065 10
79 1.732050807570146 10
83.04073692621283 1.724943757264371 10
1.693544090111658 3.008474738561751 10
3.204881161722078 3.966741601710699 10
3.521152592282682 6.194026221068405 10
1.697009285516557 7.003310138811235 10
5.999999999999993 3.464101615137713 10
86.12970701853783 6.466257685715043 10
3.138346541832831 1.82772942596852 10
98.35053673316374 3.06276488720153 10
97.01818696973008 8.336673026128555 10
2.947043915489495 8.333530656195503 10
5.541417052097202 6.433206316164334 10
86.98983025263118 1.632636018769823 10
8.952348836791018 8.338220866041098 10
6.840323320892836 8.360138566096948 10
83.95775187129087 6.668934046430632 10
12.00000000000001 6.732050807568946 10
14 6.732050807568987 10
15.99999999999996 6.732050807568996 10
17.99999999999991 6.732050807569026 10
19.99999999999991 6.732050807569085 10
21.99999999999991 6.732050807569146 10
23.99999999999991 6.732050807569203 10
25.99999999999991 6.732050807569253 10
27.99999999999996 6.732050807569331 10
29.99999999999999 6.732050807569411 10
31.99999999999995 6.732050807569426 10
33.99999999999997 6.732050807569491 10
35.99999999999999 6.732050807569575 10
37.99999999999999 6.732050807569637 10
39.99999999999999 6.732050807569696 10
41.99999999999999 6.732050807569753 10
43.99999999999999 6.732050807569811 10
45.99999999999999 6.732050807569868 10
47.99999999999999 6.73205080756992 10
49.99999999999999 6.732050807569977 10
51.99999999999999 6.73205080757004 10
53.99999999999999 6.732050807570093 10
55.99999999999999 6.732050807570149 10
57.99999999999994 6.732050807570167 10
59.99999999999996 6.732050807570236 10
61.99999999999994 6.732050807570277 10
63.99999999999993 6.732050807570333 10
65.99999999999993 6.732050807570393 10
67.99999999999996 6.732050807570467 10
69.99999999999994 6.732050807570506 10
71.99999999999991 6.732050807570544 10
73.99999999999993 6.732050807570609 10
75.99999999999993 6.732050807570673 10
77.99999999999993 6.732050807570737 10
79.99999999999983 6.732050807570758 10
81.99667823838627 6.726664317297905 10
9.99999999999995 6.731707756838128 10
91 1.352571219800192 10
94.94471247914166 1.323727486942761 10
94.60288568296998 6.651923788646723 10
87.98123934289075 6.974452666250005 10
86.00590604427828 2.962044436948633 10
91.64492728504325 6.737734002434195 10
84.6001589016447 5.087685837699915 10
98.53589838486226 8.535898384862262 10
1.464101615137736 1.464101615137738 10
98.53589838486225 1.464101615137751 10
1.464101615137736 8.535898384862262 10
4.9517001938531 4.705764225740965 10
4.570831606895034 3.118957949424955 10
2 3 0 249
733
734
735
736
737
738
739
740
741
742
743
744
745
746
747
748
749
750
751
752
753
754
755
756
757
758
759
760
761
762
763
764
765
766
767
768
769
770
771
772
773
774
775
776
777
778
779
780
781
782
783
784
785
786
787
788
789
790
791
792
793
794
795
796
797
798
799
800
801
802
803
804
805
806
807
808
809
810
811
812
813
814
815
816
817
818
819
820
821
822
823
824
825
826
827
828
829
830
831
832
833
834
835
836
837
838
839
840
841
842
843
844
845
846
847
848
849
850
851
852
853
854
855
856
857
858
859
860
861
862
863
864
865
866
867
868
869
870
871
872
873
874
875
876
877
878
879
880
881
882
883
884
885
886
887
888
889
890
891
892
893
894
895
896
897
898
899
900
901
902
903
904
905
906
907
908
909
910
911
912
913
914
915
916
917
918
919
920
921
922
923
924
925
926
927
928
929
930
931
932
933
934
935
936
937
938
939
940
941
942
943
944
945
946
947
948
949
950
951
952
953
954
955
956
957
958
959
960
961
962
963
964
965
966
967
968
969
970
971
972
973
974
975
976
977
978
979
980
981
5.103139180605268 0 1.635499239202774
9.026612779851192 0 1.683993841506802
13 0 1.732050807568875
17 0 1.732050807568864
21 0 1.732050807568876
25 0 1.732050807568875
29 0 8.267949192431123
32.97338722014881 0 1.716685911957908
37 0 8.267949192431123
41 0 1.732050807568877
45 0 8.267949192431123
48.97338722014881 0 8.316006158493197
53 0 8.267949192431123
57 0 1.732050807568878
61 0 1.732050807568876
65 0 1.732050807568877
69 0 1.732050807568878
73 0 1.732050807568876
77 0 1.732050807568877
81 0 1.732050807568878
85.00214105030955 0 1.631454647773943
89.22546515522288 0 1.890458826019697
93.03077004416764 0 1.813188168850848
47.05322555970238 0 1.668686121017625
51 0 1.732050807568878
7 0 8.267949192431121
10.97338722014881 0 8.316006158493195
15 0 8.267949192431123
19 0 8.267949192431123
23 0 8.267949192431123
59 0 8.267949192431123
63 0 8.267949192431123
67 0 8.267949192431123
71 0 8.267949192431123
75 0 8.267949192431123
79 0 8.267949192431123
83.02630068124877 0 8.316209361130493
87 0 8.347685369756364
90.93680581256685 0 8.304434373556866
95.17345130941315 0 8.207407750089153
29 0 1.732050807568877
37 0 1.732050807568877
33.02661277985119 0 8.316006158493199
41 0 8.267949192431121
1.637066120482586 0 4.88665085741267
98.27738658026877 0 5.016346035225557
96.81634876188519 0 1.811394494881592
3.008474738561752 0 8.306455909888339
98.30702912343534 0 6.992518096425224
96.37177463526993 0 6.313252741406258
96.53589838486221 0 4.000000000000034
94.80384757729337 0 5.000000000000054
94.87644358965548 0 2.994054770981365
93.07705831752536 0 3.967873823305397
93.07179676972447 0 6.000000000000036
91.36918921958565 0 5.011218488814775
91.21836298184803 0 3.005885087798496
89.60769515458674 0 4.000000000000068
87.67412161471219 0 3.406795228478456
87.9981452157311 0 5.31759946781533
86.12115679677098 0 4.617280816619063
5.001412456426962 0 8.274366978673998
6.000235409404489 0 6.536968015902731
7.973426455049548 0 6.551441552313294
6.999999999999986 0 4.803847577293363
8.996836482743994 0 4.922455348839105
4.847987673780935 0 4.814316211570361
35.03104824315972 0 8.291323582385772
36.03178748704448 0 6.555159012132323
38.00529791450741 0 6.539108489407257
37 0 4.803847577293368
35.00378422464815 0 4.92289790357947
39 0 4.803847577293366
43 0 8.267949192431123
44 0 6.535898384862246
45.97338722014881 0 6.551263280473214
44.99556453669147 0 4.839157638801426
42.99926075611524 0 4.842481833117607
46.99630378057622 0 4.926678544124669
43.99913754880112 0 3.249657804341484
7.015446661959103 0 1.668132548063941
11.03104824315972 0 1.708676417614228
12.03178748704447 0 3.444840987867675
14.0052979145074 0 3.460891510592732
12.99999999999998 0 5.196152422706636
14.99999999999999 0 5.19615242270663
11.00340761545099 0 5.09122206922359
16.00088298575124 0 3.463566597713563
17 0 5.196152422706565
19.00000000000001 0 1.732050807568871
20.00000000000001 0 3.46410161513775
22 0 3.464101615137752
21 0 5.19615242270663
23 0 5.196152422706625
19 0 5.196152422706628
27 0 1.732050807568877
28 0 3.464101615137754
30 0 3.464101615137755
29 0 5.196152422706632
27 0 5.196152422706631
31 0 5.196152422706632
34.96895175684028 0 1.681433025571642
49.03548370646826 0 1.706125130866033
50.03252673092923 0 3.444415773409644
52.00542112182154 0 3.460820641516404
51 0 5.196152422706632
53 0 5.196152422706632
54.00090352030359 0 3.463554786200864
55.00015058671727 0 5.163312038977588
49.00343220375065 0 5.091674209798302
53.00105410702086 0 1.731412840475837
59 0 1.732050807568877
60 0 3.464101615137753
62 0 3.464101615137752
61.00000000000001 0 5.19615242270663
63.00000000000001 0 5.196152422706625
59 0 5.196152422706632
63 0 1.732050807568877
67 0 1.732050807568877
68 0 3.464101615137754
70 0 3.464101615137755
69 0 5.196152422706632
71 0 5.196152422706632
67 0 5.196152422706631
71 0 1.732050807568876
75 0 1.732050807568876
76 0 3.464101615137753
78 0 3.464101615137754
77 0 5.19615242270663
79 0 5.19615242270663
75 0 5.196152422706631
83.00035684171826 0 1.715284780936387
82.00005947361971 0 3.461307277365673
1.693821434767727 0 3.001135766047712
56.00017568450347 0 3.458537079693432
58.00002928075058 0 3.463174192563701
57.00005925866189 0 5.156847786842499
56.00003497422986 0 6.750642078615037
80.00000991226995 0 3.463635892175741
81 0 5.196152422706631
82.95967041045952 0 5.095100822471737
41.99987679268587 0 6.542337427499616
40.00022450312341 0 6.536317010225908
23 0 1.732050807568874
30.99556453669147 0 1.729489991633716
31.96821251295552 0 3.445749100935765
32.99666627828616 0 5.091382863010318
39 0 1.732050807568877
55.00035555197132 0 1.730925918989835
79.00000165204499 0 1.731973187075208
8.964522832681865 0 8.293914110294274
12.99838357751147 0 8.294696144051343
17 0 8.267949192431121
21 0 8.267949192431123
31.00161642248853 0 8.294696144051347
39.00092040293848 0 8.268553980749235
46.96451629353174 0 8.293884398320932
50.99838357751147 0 8.294696144051345
61 0 8.267949192431123
65 0 8.267949192431125
69 0 8.267949192431125
73 0 8.267949192431121
77 0 8.267949192431121
81.00159746606224 0 8.294708486291221
85.03068412812357 0 8.315834041030628
88.9894676354278 0 8.356071570151055
89.78887684475703 0 6.384649237812233
93.05796777858222 0 7.988367911987067
26 0 3.464101615137749
72 0 3.464101615137751
74 0 3.464101615137748
73.00000000000001 0 5.196152422706601
40.9999723228136 0 4.822856142299666
66 0 3.464101615137753
84.24234139662573 0 3.519194603476347
25 0 8.267949192431123
26.99999999999999 0 8.267949192431113
64 0 3.464101615137752
24 0 3.464101615137746
25 0 5.196152422706614
65 0 5.196152422706627
3.939427841063058 0 6.708668710085242
15.00103015004311 0 1.731426620574005
18.00014716429187 0 3.46401244556704
86.12970701853757 0 6.466257685714819
3.156244321415933 0 1.891186510723136
98.35053673316374 0 3.06276488720153
97.01818696973008 0 8.336673026128555
1.878871514700926 0 6.836522174011118
3.159818118397787 0 3.85813994270949
86.98983025263118 0 1.632636018769742
10.0562995997747 0 3.358538956787521
33.94378309083593 0 3.359367544883201
44.98211440489939 0 1.637749600404007
54.84032332089286 0 8.360138566096937
57.15967667910714 0 8.360138566096939
42.95214618140992 0 1.645644987719475
47.94378603432132 0 6.645115240386492
48.06002333467665 0 3.356959690703666
9.943851973359287 0 6.644583412761863
34.05632417176749 0 6.644789398528251
83.9577535233357 0 6.668856425936037
19.99999999999999 0 6.73205080756887
26 0 6.732050807568871
60 0 6.731993632447084
16.00000000000001 0 6.732050807568854
66 0 6.732050807568877
8.015865920721495 0 3.284152910820306
24 0 6.732050807568871
64 0 6.732050807568875
78 0 6.732050807568876
81.99667894078634 0 6.726631315385431
68 0 6.732050807568878
17.99999999999999 0 6.732050807568855
62 0 6.73204127838191
30 0 6.732050807568879
49.98649817262204 0 6.712615830500807
74 0 6.732050807568877
80 0 6.732050807568877
51.99748029168892 0 6.733212294872445
72 0 6.732050807568877
76 0 6.732050807568876
36 0 3.267949192431121
32.01353660873222 0 6.712512965726438
22 0 6.732050807568876
38 0 3.267949192431122
70 0 6.732050807568877
13.99999999999998 0 6.73205080756887
28 0 6.732050807568875
40 0 3.267949192431118
6.083866384890854 0 3.22391957360408
11.98650506441175 0 6.712451835800916
42 0 3.268292243161871
58.00000000000001 0 6.731707756838129
46.01439486089121 0 3.279814899898813
54 0 6.73170775683813
91 0 1.352571219800192
94.94471247914166 0 1.323727486942761
94.60288568296998 0 6.651923788646723
87.9812393428907 0 6.97445266624996
86.00591822220993 0 2.96147226302351
91.64492728504325 0 6.737734002434196
84.60015890164482 0 5.087685837699666
98.53589838486226 0 8.535898384862262
1.46410161513775 0 8.53589838486225
1.464101615137736 0 1.464101615137738
98.53589838486225 0 1.464101615137751
4.470211135818154 0 3.084612295561969
3.092634253685056 0 5.420859579157776
2 4 0 24
982
983
984
985
986
987
988
989
990
991
992
993
994
995
996
997
998
999
1000
1001
1002
1003
1004
1005
100 5 1.732050807568877
100 5.080519843450139 8.664914703891412
100 1.637066120482572 5.113349142587333
100 8.37244843820079 5.096679054948581
100 3.008474738561753 1.693544090111664
100 3.964488584460976 3.294323965174821
100 6.03109405767754 3.27231441843193
100 4.999999999999998 5.196152422706632
100 6.995295621702626 1.696225379235138
100 1.693821434767736 6.998864233952287
100 6.847650871687176 8.119089959777378
100 3.158900949321988 8.254796004571354
100 1.882451620900603 3.163905351026036
100 8.383692320189354 6.942276967358652
100 8.177657612150018 3.141343485281811
100 3.316223633021806 6.146205209259527
100 6.800969479686984 6.111246918096529
100 5.234115135122346 6.823163033936778
100 8.535898384862247 1.464101615137754
100 8.535898384862247 8.535898384862247
100 1.464101615137754 1.464101615137754
100 1.464101615137754 8.535898384862247
100 3.103030287661162 4.582018644170681
100 6.89750224214721 4.581232296219055
2 5 0 249
1006
1007
1008
1009
1010
1011
1012
1013
1014
1015
1016
1017
1018
1019
1020
1021
1022
1023
1024
1025
1026
1027
1028
1029
1030
1031
1032
1033
1034
1035
1036
1037
1038
1039
1040
1041
1042
1043
1044
1045
1046
1047
1048
1049
1050
1051
1052
1053
1054
1055
1056
1057
1058
1059
1060
1061
1062
1063
1064
1065
1066
1067
1068
1069
1070
1071
1072
1073
1074
1075
1076
1077
1078
1079
1080
1081
1082
1083
1084
1085
1086
1087
1088
1089
1090
1091
1092
1093
1094
1095
1096
1097
1098
1099
1100
1101
1102
1103
1104
1105
1106
1107
1108
1109
1110
1111
1112
1113
1114
1115
1116
1117
1118
1119
1120
1121
1122
1123
1124
1125
1126
1127
1128
1129
1130
1131
1132
1133
1134
1135
1136
1137
1138
1139
1140
1141
1142
1143
1144
1145
1146
1147
1148
1149
1150
1151
1152
1153
1154
1155
1156
1157
1158
1159
1160
1161
1162
1163
1164
1165
1166
1167
1168
1169
1170
1171
1172
1173
1174
1175
1176
1177
1178
1179
1180
1181
1182
1183
1184
1185
1186
1187
1188
1189
1190
1191
1192
1193
1194
1195
1196
1197
1198
1199
1200
1201
1202
1203
1204
1205
1206
1207
1208
1209
1210
1211
1212
1213
1214
1215
1216
1217
1218
1219
1220
1221
1222
1223
1224
1225
1226
1227
1228
1229
1230
1231
1232
1233
1234
1235
1236
1237
1238
1239
1240
1241
1242
1243
1244
1245
1246
1247
1248
1249
1250
1251
1252
1253
1254
95.17345130941315 10 1.792592249910846
90.93680581256685 10 1.695565626443135
87 10 1.652314630243635
83 10 1.732050807568877
79 10 1.732050807568877
75 10 1.732050807568877
71 10 1.732050807568878
67 10 1.732050807568878
63 10 1.732050807568877
59 10 1.732050807568878
55.01900912846514 10 8.350421021942012
51 10 8.267949192431123
45 10 1.732050807568877
41 10 1.732050807568877
37 10 1.732050807568877
33 10 1.732050807568878
29 10 1.732050807568877
25 10 1.732050807568876
21 10 1.732050807568876
17 10 1.732050807568878
13 10 1.732050807568877
8.999999999999993 10 1.732050807568875
4.999999999999993 10 1.732050807568887
53 10 1.732050807568876
49 10 1.732050807568877
93.03077004416764 10 8.186811831149152
89.22546515522288 10 8.109541173980302
85.00214105030955 10 8.401237422677161
81 10 8.267949192431123
77 10 8.267949192431123
73 10 8.267949192431123
69 10 8.267949192431123
65 10 8.267949192431123
61 10 8.267949192431123
47 10 8.267949192431123
43 10 8.267949192431123
39 10 8.267949192431123
35 10 8.267949192431123
31 10 8.267949192431123
27 10 8.267949192431123
22.97338722014881 10 8.316006158493199
19 10 8.267949192431123
15.02661277985118 10 8.316006158493195
11 10 8.267949192431123
7 10 8.267949192431123
1.627551561799223 10 5.096679054948605
98.27738658026877 10 4.983653964774443
96.81634876188519 10 8.188605505118408
3.138850922675822 10 8.080979453767036
98.30702912343534 10 3.007481903574776
96.37177463526993 10 3.686747258593742
96.53589838486221 10 5.999999999999966
94.80384757729337 10 4.999999999999946
94.87644358965548 10 7.005945229018635
93.07705831752536 10 6.032126176694604
93.07179676972447 10 3.999999999999965
91.36918921958565 10 4.988781511185225
91.21836298184803 10 6.994114912201503
89.60769515458674 10 5.999999999999932
87.67412161471219 10 6.593204771521544
87.9981452157311 10 4.68240053218467
86.45446426571667 10 5.321076337000868
7 10 1.732050807568877
5.999999999999993 10 3.464101615137756
3.962987373065957 10 3.300610693425774
4.842559070566985 10 5.162176092212473
6.973759845094492 10 5.125105560055394
3.004447602940878 10 1.697453004660084
7.995626640849075 10 3.452260471362544
9.999271106808166 10 3.462128091175216
10.99987851780136 10 1.731721886908454
11.99985827076826 10 3.463717874367261
13.99997637846138 10 3.464037658342674
13.00000000000001 10 5.196152422706631
15.01900631637721 10 5.113672979291568
10.99999999999996 10 5.196152422706632
93.05796777858222 10 2.011632088012933
88.98946763542781 10 1.643928429848946
89.78887684475703 10 3.615350762187767
85 10 1.70777741866753
83.93120136604712 10 3.409351114474479
81.98853356100784 10 3.454976531693875
82.91782385388962 10 5.080401441287316
81 10 5.196152422706628
77 10 1.732050807568877
76 10 3.464101615137753
74 10 3.464101615137753
75 10 5.196152422706632
73 10 5.196152422706625
77 10 5.196152422706627
73 10 1.732050807568877
69 10 1.732050807568879
68 10 3.464101615137757
66 10 3.464101615137756
67 10 5.196152422706632
65 10 5.196152422706634
69 10 5.196152422706634
64 10 3.464101615137756
63 10 5.196152422706634
62 10 3.464101615137754
61 10 5.196152422706629
65 10 1.732050807568878
61 10 1.732050807568876
51 10 1.732050807568877
50 10 3.464101615137754
48 10 3.464101615137755
49 10 5.196152422706632
51 10 5.19615242270663
47 10 5.196152422706634
43 10 1.732050807568877
42 10 3.464101615137754
40 10 3.464101615137753
41 10 5.19615242270663
39 10 5.196152422706631
43 10 5.196152422706632
39 10 1.732050807568877
35 10 1.732050807568878
34 10 3.464101615137755
32 10 3.464101615137755
33 10 5.196152422706632
35 10 5.196152422706632
31 10 5.196152422706634
31 10 1.732050807568879
27 10 1.732050807568876
26 10 3.464101615137753
24 10 3.464101615137752
25 10 5.19615242270663
22.98099087153487 10 5.113680593195745
27 10 5.19615242270663
19 10 1.732050807568877
20 10 3.464101615137754
14.9999960630769 10 1.732040148103031
46 10 3.464101615137756
38 10 3.464101615137754
36 10 3.464101615137756
30 10 3.464101615137758
28 10 3.464101615137753
44 10 3.464101615137755
80.99808892683464 10 1.73052996032823
57 10 1.732050807568877
58 10 3.464101615137754
56 10 3.464101615137753
57.02661277985119 10 5.180787527095662
55.03104824315972 10 5.145534640709394
55 10 1.732050807568876
59.00443546330853 10 5.160842361198572
58.05840026689567 10 6.788989122284582
47 10 1.732050807568878
23 10 1.732050807568875
83.00018206210115 10 8.312642481177662
79 10 8.267949192431123
75 10 8.267949192431123
71 10 8.267949192431125
67 10 8.267949192431125
63 10 8.267949192431125
53.00161642248853 10 8.30832135866617
49 10 8.267949192431123
45 10 8.267949192431123
41 10 8.267949192431125
37 10 8.267949192431125
33 10 8.267949192431125
29 10 8.267949192431125
24.99838357751147 10 8.294696144051345
20.96895175684028 10 8.291323582385772
19.99172545630871 10 6.55791722936727
18.01287433124284 10 6.578940052621883
17.03319396503353 10 8.298497193679044
13.00161642248853 10 8.294696144051342
9 10 8.267949192431127
5.109886772311562 10 8.323870371787288
72 10 3.464101615137755
70 10 3.464101615137757
71.00000000000001 10 5.196152422706636
21.99683181192248 10 3.417607064646378
16.00316312631925 10 3.41759335961886
54.00517470719329 10 3.455665318138214
79.99777041464041 10 3.462327293356998
79 10 5.196152422706626
77.99962840244007 10 3.46380589484096
60.00073924388475 10 3.45821660488641
52.00086245119888 10 3.46269556563783
53.00315352054012 10 5.157651999755102
45 10 5.196152422706634
37 10 5.196152422706635
29 10 5.196152422706636
18.00013723128902 10 3.445048956884991
8.997334829315612 10 5.155577050614595
86.13871700625393 10 3.540333671935928
98.35053673316374 10 6.93723511279847
1.590410458578233 10 6.952066487841732
97.01818696973008 10 1.663326973871446
1.880226558685244 10 3.162868094913037
3.137056580444451 10 6.122562693657601
86.98576235368365 10 8.346289221118507
21.98584255080544 10 6.668439220046688
59.00973337781595 10 8.375515122903721
56.02251173639529 10 6.777037964244838
16.01528123208413 10 6.673137356820636
12.00000000000001 10 6.732050807568861
8.000000000000007 10 6.732050807568885
78 10 6.732050807568871
70 10 6.732050807568876
82 10 6.732050807568874
76 10 6.732050807568877
42 10 6.732050807568878
40 10 6.732050807568877
52.00079499050478 10 6.732362764782795
54.01302234025893 10 6.745221625016718
50.00013249841746 10 6.732102800437864
80 10 6.732050807568875
34 10 6.732050807568878
26 10 6.732050807568877
23.9897673700001 10 6.720170891010413
68 10 6.732050807568878
83.92003357740673 10 6.742985179159037
66 10 6.732050807568879
44 10 6.732050807568877
38 10 6.732050807568878
36 10 6.732050807568879
32 10 6.732050807568879
64 10 6.732050807568879
74 10 6.732050807568874
48.00002208306958 10 6.732059473047042
46.0000036805116 10 6.732052251815238
6.074445899861097 10 6.74556580016864
19.0007895031401 10 5.00755362542507
28 10 6.732050807568878
62 10 6.731993632447086
14.01041945846685 10 6.720952644822039
30 10 6.732050807568879
72 10 6.732050807568877
10 10 6.732050807568895
21 10 4.999656949269263
57.01827575159534 10 8.381993871895858
60 10 6.731707756838128
17.00435814119494 10 5.019895438644041
91 10 8.647428780199807
94.94471247914166 10 8.676272513057238
94.60288568296998 10 3.348076211353277
87.98304134043397 10 3.026865605280189
85.77062184301857 10 6.727103315864714
91.64492728504325 10 3.262265997565805
84.77882875992989 10 5.085718544360613
98.53589838486226 10 1.464101615137738
1.46410161513775 10 8.535898384862247
98.53589838486225 10 8.53589838486225
1.464101615137707 10 1.46410161513771
4.504874682554025 10 6.868695324166675
3.090076228912366 10 4.568979325831498
2 6 0 24
1255
1256
1257
1258
1259
1260
1261
1262
1263
1264
1265
1266
1267
1268
1269
1270
1271
1272
1273
1274
1275
1276
1277
1278
0 5 1.732050807568878
0 5.080519843450139 8.664914703891412
0 8.37244843820079 5.096679054948581
0 1.637066120482571 5.113349142587333
0 6.991525261438247 1.693544090111664
0 6.035600170507086 3.294192907182884
0 3.969009489785198 3.272423633425212
0 5.000000000000002 5.196152422706632
0 3.004708870673066 1.696230117494947
0 1.693821434767736 6.998864233952287
0 6.847650871687176 8.119089959777378
0 8.11899635673651 3.161392851942849
0 3.158900949321988 8.254796004571356
0 8.383692320189354 6.942276967358652
0 1.823378625434692 3.143136382102573
0 3.316223633021806 6.146205209259527
0 6.800969479686986 6.11124691809653
0 5.234115135122347 6.823163033936778
0 1.464101615137755 8.535898384862247
0 8.535898384862247 8.535898384862245
0 1.464101615137754 1.464101615137754
0 8.535898384862247 1.464101615137754
0 3.103030287661161 4.582018644170681
0 6.89750224214721 4.581232296219056
3 1 0 458
1279
1280
1281
1282
1283
1284
1285
1286
1287
1288
1289
1290
1291
1292
1293
1294
1295
1296
1297
1298
1299
1300
1301
1302
1303
1304
1305
1306
1307
1308
1309
1310
1311
1312
1313
1314
1315
1316
1317
1318
1319
1320
1321
1322
1323
1324
1325
1326
1327
1328
1329
1330
1331
1332
1333
1334
1335
1336
1337
1338
1339
1340
1341
1342
1343
1344
1345
1346
1347
1348
1349
1350
1351
1352
1353
1354
1355
1356
1357
1358
1359
1360
1361
1362
1363
1364
1365
1366
1367
1368
1369
1370
1371
1372
1373
1374
1375
1376
1377
1378
1379
1380
1381
1382
1383
1384
1385
1386
1387
1388
1389
1390
1391
1392
1393
1394
1395
1396
1397
1398
1399
1400
1401
1402
1403
1404
1405
1406
1407
1408
1409
1410
1411
1412
1413
1414
1415
1416
1417
1418
1419
1420
1421
1422
1423
1424
1425
1426
1427
1428
1429
1430
1431
1432
1433
1434
1435
1436
1437
1438
1439
1440
1441
1442
1443
1444
1445
1446
1447
1448
1449
1450
1451
1452
1453
1454
1455
1456
1457
1458
1459
1460
1461
1462
1463
1464
1465
1466
1467
1468
1469
1470
1471
1472
1473
1474
1475
1476
1477
1478
1479
1480
1481
1482
1483
1484
1485
1486
1487
1488
1489
1490
1491
1492
1493
1494
1495
1496
1497
1498
1499
1500
1501
1502
1503
1504
1505
1506
1507
1508
1509
1510
1511
1512
1513
1514
1515
1516
1517
1518
1519
1520
1521
1522
1523
1524
1525
1526
1527
1528
1529
1530
1531
1532
1533
1534
1535
1536
1537
1538
1539
1540
1541
1542
1543
1544
1545
1546
1547
1548
1549
1550
1551
1552
1553
1554
1555
1556
1557
1558
1559
1560
1561
1562
1563
1564
1565
1566
1567
1568
1569
1570
1571
1572
1573
1574
1575
1576
1577
1578
1579
1580
1581
1582
1583
1584
1585
1586
1587
1588
1589
1590
1591
1592
1593
1594
1595
1596
1597
1598
1599
1600
1601
1602
1603
1604
1605
1606
1607
1608
1609
1610
1611
1612
1613
1614
1615
1616
1617
1618
1619
1620
1621
1622
1623
1624
1625
1626
1627
1628
1629
1630
1631
1632
1633
1634
1635
1636
1637
1638
1639
1640
1641
1642
1643
1644
1645
1646
1647
1648
1649
1650
1651
1652
1653
1654
1655
1656
1657
1658
1659
1660
1661
1662
1663
1664
1665
1666
1667
1668
1669
1670
1671
1672
1673
1674
1675
1676
1677
1678
1679
1680
1681
1682
1683
1684
1685
1686
1687
1688
1689
1690
1691
1692
1693
1694
1695
1696
1697
1698
1699
1700
1701
1702
1703
1704
1705
1706
1707
1708
1709
1710
1711
1712
1713
1714
1715
1716
1717
1718
1719
1720
1721
1722
1723
1724
1725
1726
1727
1728
1729
1730
1731
1732
1733
1734
1735
1736
81.95056617060463 5.000000000000165 5
59.99999999999993 4.99892336032567 4.998923360325583
18.00249802299766 4.99768583847587 5.001463137599966
68 4.999999999999856 5
74 4.999999999999859 4.999999999999986
30 4.999999999999947 5
24 5.000000000000025 4.999999999999987
39.99999999999994 5.000000000000003 4.999999999999926
51.99999999999994 5 5.000000000000105
46 5.002075635766176 4.998081072871647
12.00007503927887 5.001836237772232 5.001113510232499
93.64914703891409 4.999999999999999 5
34.99999999999996 5.003992375226026 4.996309045521139
87.01896143682956 4.97175585863165 5.02422774209075
5.871573148532864 5.014395856213405 5.000000000000001
63.999760002323 5.891116270623874 5.891116270624249
55.99999358961497 4.093764452277867 5.857526370359792
77.97528308530228 5.905944983649401 5.905944983649873
70.99959774738535 2.769009097038574 3.752212389380531
8.932583818147869 3.554372653646519 6.437071419236163
15.00238996776043 6.467108528391286 3.476192177483371
71 6.485431451104988 6.485431451105129
27.00000000000002 6.485431451105042 6.485431451105066
42.99996186892629 6.485442779324222 6.485442779324292
49.00003813692052 6.485455582703494 6.485438346442471
43.00004232931981 3.512334729599753 3.521116015798317
15.00017213086803 3.512538738825282 6.478676705471115
21.00218362166898 3.511670636967036 6.479587329063485
21.00031473841037 6.479042703779148 3.512229526537753
26.99999999999999 3.519026558552935 3.519026558335807
48.99999999999994 3.607607618959156 3.491816256964675
79.06267130533983 3.477816163557675 3.477820721407802
8.997174112620215 6.47802696966408 3.512985220232193
65 3.450954450642552 3.450954450642536
56.99999999999996 6.553101875229523 3.442318761369835
90.72698827865267 6.508171712860312 3.491828287139688
90.34239120714005 3.53924115496326 5.607160656245298
32.50010480561152 3.362791331151292 3.367060767423009
37.49989854148492 3.366055087315529 3.366056869012937
37.50009554825944 6.634002982293497 6.634002982293518
32.4999044517405 6.634002982293495 6.634002982293519
3.260135229918693 6.737287410342944 3.756406499419249
84.48622937675077 6.628154957758705 6.620047494637301
37.31266127411359 3.282112519444421 6.717958671087478
37.32009228140067 6.719710311813722 3.285144415384111
32.67990771859925 6.719710311813708 3.285144415384113
3.697672083838014 3.236424511065222 3.211082199744069
91.27992670306156 6.486090721290386 6.737487913406925
70.99999999999994 6.289643984953577 3.153485650921309
32.69230282673954 3.285644137842102 6.722021793534508
21.00000000000001 3.164751850507078 3.164753280139459
42.99999999999999 3.165188079451513 6.83532694230813
43 6.837194854356978 3.174312355998338
27 6.837200121606947 3.174307387002857
27 3.174307386962828 6.837200120555007
20.99782224836277 6.823773992938583 6.824336698019111
14.99999999999998 6.823291767680876 6.826125207784179
15.00349892460389 3.157253852341365 3.157511664920466
3.370683487077568 3.350585107589273 6.593850266600493
9.000000000000004 6.844376511436163 6.803710791046585
9.002106769695827 3.186103087075306 3.146024224531174
48.99999999999998 3.176096008719997 6.838715696421756
96.65661290991348 6.630484504695456 5.332437992188856
96.51225591701059 3.649655582938538 3.489752231567178
79.75771552601515 3.274589967645892 6.730898270164486
79.75765536393585 6.73068476836516 3.274539478476323
48.99999999999998 6.880528070725838 3.133432853844253
85.09007068297841 3.132598112245716 3.132634885547052
76.19287225232002 6.729223819603668 3.276169603570422
76.19287225231969 3.276169603570299 6.729223819603944
62.19722768392221 6.72787200653742 3.277444871131528
62.19722768131585 3.27744487927323 6.727872010078427
65.80255343490829 6.727805192526398 3.277507901844148
65.8025534349085 3.277507901844035 6.727805192526629
54.2153331621164 6.717986737370116 6.718738671982544
54.17347683715403 3.266166964791673 3.266090621678825
57.82559311395046 3.265861397901369 3.265809908951219
57.78427789551872 6.721699330131997 6.716556430835158
84.56587850566903 6.433359264746573 3.281245695819719
84.4867112213321 3.291295475733337 6.416939499826436
70.99999999999997 3.290187217188268 6.936817239172278
75.89513937115557 3.18093665447177 3.180936654471573
61.84338675275528 3.164495696422675 3.164495696422513
53.84442855182494 6.836929889383484 3.174102600400878
96.11592450979643 3.715512038571829 6.752241104202876
58.99994749731601 2.927172781848733 7.099162087107461
52.99999999999999 2.927144962953042 7.099159444171646
80.99930276303493 7.086563570646515 7.086563570646363
60.99999999999994 7.078965955914113 7.078929524552219
67 7.07960403154707 7.07960403154693
75 7.079604031547085 7.079604031546872
3.998872679470727 6.825193018026336 6.884059459922978
87.82082442611123 7.012328492575703 2.987784327242378
88.5534720094489 3.030451575981085 3.030451575981085
88.2653303959973 7.011199540258742 6.946301393921787
94.75240734162891 6.994462540268881 3.005537459731119
24.16466418313709 2.907021922523761 2.907021995326649
68.16166613767929 2.907021939632049 2.907021939631707
18.06224862611409 2.906735942205578 2.906734672552299
46.0620266897919 2.909719206484037 7.092135143582008
11.93974368688261 2.909640310361611 2.907797848512461
92.12435514662042 3.03603986238757 3.036039862387571
23.83166031271696 2.927173144065678 7.099168052368883
18.170266135332 7.0957578320654 2.927484576454907
11.82605862396356 7.099353901397598 2.926931290333287
18.17399120018354 2.925954825437177 7.100443468833846
23.82967541478235 7.099168106608146 2.927173162854705
45.92765674340303 7.100460683932013 2.925953776851999
17.92610793637208 7.094110857689865 7.074178168580294
45.82381261485997 7.079651881496579 7.079651836683656
11.74981474364435 2.926348918531932 7.098285422517812
24.17565153819108 7.080977565076985 7.079128225575124
46.18467397160641 2.926795560776029 2.901003763423593
87.81775766391569 2.965436175867871 7.065151598321776
11.91874029305434 7.080514391113107 7.080514391113098
92.93406587687466 2.847891953952894 6.993274135035206
40.13993368345673 2.825518787421664 7.174567429964478
29.71438782592225 2.805497330299371 2.805497330696278
40.14452822613997 7.175408089733626 2.85525021746624
29.85547238727906 7.175408618071943 2.855249719044691
29.86125698862339 2.860915626022953 7.169402625438757
40.28396478921592 2.837307443780089 2.805572155782256
6.191764208710366 2.847475453613639 7.152727867008304
29.71726911215287 7.164658153879918 7.164658153879846
40.28271006279358 7.164673182739611 7.164673182739504
94.19030297565469 7.089615725067013 7.070245509526603
6.144246784312424 7.077690013754943 2.855277076969156
51.50230991541689 2.643702309155504 2.643709939360119
81.91105581214384 2.906878266647598 2.906431073039963
68.46005723560675 7.356227768777694 2.684669331061265
73.53712549572926 7.358700989032631 2.682336155238891
51.54515314735367 7.302026554148343 7.301970196745701
59.5525853871273 7.364102739106783 2.676001964350624
73.10252184929981 4.10064290162149 2.540365838100814
6.338101025382614 2.682974258080328 2.626022594722818
68.37950186834938 2.630734028007571 7.413400435615596
73.61797429578544 2.628270250874441 7.416012096276091
34.99999999999996 7.408935620253339 7.40893562025334
35.0003642339225 2.573047916537877 2.599420536256156
6.484038463733329 7.432032983822182 6.028072841428332
97.48063213169726 7.157792291836304 2.769523966810165
51.36644854516638 7.50647913323856 4.252065141305717
82.21902688331325 7.491675036098849 2.553852920424833
82.02717002331705 2.424988353339438 5.644665936697006
34.99999999999996 7.535987441276077 4.246462456235589
35.00394671293964 4.268032960752288 7.530107882672017
92.79355704888724 7.497838402695059 4.81650045786656
73.7284797905365 2.430087036255517 4.480775509609341
86.33822807553022 7.448974400405891 5.039979774032303
81.95689765525677 4.69907610370994 7.607214271049088
51.07082934859851 4.67289713818286 7.430845850777304
94.31504337518186 2.52044883826529 4.40668435624102
50.93776815223504 5.199093980606916 2.616409345588132
94.23736764366411 4.48083083838123 2.50660873575976
50.95527824079423 2.612900229162885 5.198913031698489
59.85108204858609 4.675019053337421 2.412559959218718
59.86515091702738 2.410389020781095 4.691327570607445
73.03305074561172 5.157718508957905 7.404270352888172
68.96590247742148 5.159701014952754 7.404401933610751
73.07219787708861 7.40919117939641 5.231859825871586
68.92681198828944 7.409315640129821 5.233735056112554
34.9134559721806 2.491938955116324 5.640585287198134
6.0409549845484 5.393365410893317 7.547053997019539
82.63010331471538 7.461540010638671 5.075102284351664
35.12267085732504 5.647432551285515 2.519206213498856
86.188904213432 4.903575678415216 7.445012554851708
55.92261520728849 2.354079207663021 7.712183168797843
64.2420502015933 7.66794717733308 7.66794717733308
78.22750151692854 7.677419603899585 7.677419603899051
13.19819554179002 4.949716967491382 7.497980692760783
13.24958400921376 7.496623357436054 4.974837433999006
22.68900813067188 2.480438014146463 4.901201110920734
22.68893031979345 4.900656240643615 2.480040191429498
13.17468741908537 2.508329932875744 5.064951611817348
97.61590992541511 7.602289172278155 7.513215983555668
25.30464435432458 5.109606350743807 2.494203940246994
25.30553454803688 2.493966708100609 5.108980322922848
16.79691693746745 2.500840263881443 5.040697075400289
86.85447029157399 2.474510652544334 4.796637100906138
44.80049407418336 2.503427625285152 4.956167831921819
47.22079671239256 7.504978809776579 5.038508540173498
25.31844505930279 4.897331473262328 7.532401435862251
13.18979589363341 5.041887745200175 2.494980595197061
16.80976246049981 5.037035467885127 2.493260862593536
22.69007875547817 5.114924707347663 7.517670364344943
44.64425236085478 4.921853466740478 7.538976059927695
55.99956743513165 4.615478855157601 2.219308852968624
25.31771350407009 7.533102862641513 4.895510571001016
44.76441660234656 4.936712897281766 2.473266892350153
19.3446141956059 5.08980442340038 7.528938932100683
19.36011685467511 7.530844656911228 5.078251212616047
22.68848859273423 7.515183996626404 5.114521392356435
16.75932237457405 4.936062075582981 7.530023253787031
16.73759079111171 7.522211622412101 4.92383289243737
47.4017361574017 2.462342058441216 5.032121947953489
47.22967728831191 5.069497350890027 7.521388523151337
28.66308669109879 5.030920031419631 2.457272561906003
28.66271150637773 2.45666748499657 5.03009784337735
41.36351959441013 5.04761230428118 2.453672521734173
59.51466728822055 7.569789967793062 5.150395110672869
41.35663260750181 4.958284375807589 7.552879750736828
41.3304789897405 2.453911392899915 5.025925368192808
10.59200342501136 2.449723599138999 4.94812816280322
10.56054174765103 5.057235065001008 7.558801699668688
47.3056738601017 5.093295706784317 2.458144080183237
19.34980776350314 2.443278361992164 4.972938360965831
19.35025207707326 4.971778177274278 2.442506809013683
10.64961405284285 4.973194397201084 2.444008131398372
77.97549983058232 2.268430243648901 5.341687692439639
77.97537236431582 5.341572280285996 2.268452847335396
86.85627050090135 4.771715675483059 2.561275085516074
63.9998833095995 2.256763080935097 5.373984354276869
63.99988331453723 5.37398435287848 2.256763077366358
28.6370371481927 7.562257611850987 4.974073124098867
41.36292691397593 7.562258289873024 4.974086122401708
28.63680110619824 4.974665711925411 7.562609317907995
10.61745562205188 7.562443631577079 5.033868412305176
44.62721934527391 7.567792334224768 4.973982736078873
97.72427828413528 2.539562448417993 5.315381134132746
55.99791059044495 7.741416120086701 5.356548901735904
7.262760006730357 2.47599004541259 4.932143280529921
7.358849948631365 4.945700728174598 2.432650880292219
60.50255795224186 4.763711185656607 7.653933366991413
38.92066147471651 4.896096322179565 7.582895248683712
38.92901665639005 5.102774967111229 2.432394345312237
59.7855781511126 2.245570597645833 2.245570597646092
67.45342588195386 2.390232664897189 5.176497239056769
89.50004235768174 4.879205682396732 7.607754277168874
67.4420709607885 5.16957481497847 2.389319116731127
31.09063093228801 2.426214258179105 5.110142543639326
31.06551201294911 7.587344455948566 4.920935110570549
38.93445460339587 7.587349679744886 4.920912515030537
38.90294600594558 2.408759459990983 5.102688842043231
31.08974441949272 5.099601001037212 2.424272585121711
31.06306059597814 4.927159681336242 7.588911038243029
56.00173533441541 5.511713402650772 7.81838575532988
81.41847249817363 5.215935130209123 2.381995747961887
72.73524602351205 7.673686351937554 7.673686351937554
69.26475397648795 7.673686351937556 7.673686351937556
2.39193021077311 5.41249663885097 5.651012103836803
55.99935631491653 2.153018568288636 2.153087268290843
63.99993112743905 2.148235514998244 7.85176448500153
63.99993113018851 7.851764486601113 2.148235513398887
97.76124807757273 2.235819994329422 7.705147242547118
77.97530679708169 4.456288722461782 7.816621336124955
77.97535845402268 7.81668067947747 4.456272288448688
4.58224866414866 5.306466917377242 2.317172389502113
89.30592308218795 5.675809153684416 5.24133262143854
71.61189566953317 4.777751705286089 4.914050703281586
69.97775345147853 4.322956488398771 2.238664517035136
2.093835854766319 7.919553136774141 6.034078584591053
92.98153088952667 5.127505779891033 7.760038816044696
63.88486775666513 7.864073318183186 4.539645523003797
63.88486776028302 4.539645524597721 7.864073319124254
55.8736400971663 2.121900419250286 4.530007044661135
89.21517788527187 5.18790713140712 2.108286001751105
2.238630125337448 4.981050186083982 2.525892006797988
2.252161103410687 2.278082767612408 4.812810766440249
56 7.88754371575207 7.877877563249776
78 2.094060313718091 7.82554236981299
78 7.825542369814315 2.094051197883449
92.59536358475535 6.827257544311915 2.129853187451503
90.0977898067467 2.522840082123379 7.811315116429851
97.83489764336639 2.1548121340159 2.192899833472623
4.894754661287277 2.360770537482473 5.065461334635684
94.1200916344764 2.085988661713097 2.085988661713097
62.2992938400564 4.872380301819505 4.675367227130256
32.31860455144528 4.902310981869893 5.096732496054733
37.68205205544237 4.903092108552034 5.096955929645389
54.29464125355142 5.318441356969553 4.869758061568311
52 7.825542369813818 2.044597435156557
76.28994249779238 4.895379138269616 4.684070423105705
77.69812375317296 2.159919943004174 2.159919943004476
85.83384383416707 2.11164293170407 7.866086712170919
16.16772885815153 2.113255134889508 7.886744865110474
47.8244139617446 7.884994701296598 7.884994701296598
13.77640360886924 2.129637276612155 7.863180291714736
83.64232446777693 4.641946969418766 2.157242079130349
74.16678442383783 2.109117425266597 2.109117425266863
50.89839439075315 2.239131229204255 7.752801220847391
82.01785179636811 2.057687205119297 7.937945727932956
86.18621299769514 7.809485302800056 7.816884111020005
13.82292626792846 7.889044672374449 2.110955327625551
16.17719741958445 7.890064043920447 2.109935956079553
8.106597898573773 4.686190370237094 4.626109004386453
63.63067519371464 2.156294434179848 2.15629443418008
44.1753745261501 2.105876033513618 2.121207778260679
34.29513230068554 2.120543351940162 7.860892069434172
55.62351336637984 7.844105528780527 2.155894471219474
15.75957420551629 5.310554036088446 5.293606638020259
2.09847625191482 7.841910663824963 2.105177826064913
96.10330695950169 5.896831987301873 7.420672359677056
2.769518610166655 5.154057770092968 7.927910290672131
34.2572844542232 7.880473780193514 2.119526219806486
43.76644670210858 4.68398521626778 5.319136584510754
84.1585669056136 4.614341263102358 4.591318643560307
21.76747010321244 4.681059996295584 4.681127666272564
27.76670515723209 5.317367559757249 4.687090449815238
48.12078563490333 2.05331978769724 2.077053402836886
66.06235357604007 7.928777057849627 5.190450209666946
66.06235357961533 5.190450208604481 7.928777057164259
49.78850046476654 5.391296695226996 4.657185467874051
20.08040377493814 7.950111501554729 2.049888498445271
26.08389955363128 2.051176627799859 2.051176625062182
21.92084179428513 2.049149629069943 7.950850370930018
80.12161713313212 7.913480389963065 5.170405974712899
43.92002167150695 7.951289942915847 7.951289942915846
66.20738978816377 2.093648607085132 2.093648607085355
26.07986374131639 7.951290296154728 7.951290296154728
69.68528152259326 2.141364841694036 5.490045126351498
9.812213888598803 2.068722932278943 7.908697245977288
58.16037482420306 4.85329642995741 7.930395480362149
53.84474338408928 4.849369291243623 7.9334328227292
80 2.016712742315081 2.016724547676311
75.83821861761452 5.161094764379043 7.909844844117914
75.83826839353172 7.909854347648785 5.161109500129475
2.067862209529459 2.163633195546319 2.065400107211158
75.10911581261075 5.060114723626954 2.237876808045645
9.911923478863455 7.935535181272138 2.023809040128987
53.15384070212286 2.227122197104905 4.973188010380591
89.24027450417438 7.943071846699349 4.616803787965116
65.77086344141676 5.074265263950878 4.788790771862659
57.77090266576447 5.211479106507278 5.06213607977134
53.12558445706145 4.944386411514906 2.220190894907241
82.99649873164343 7.811208691324145 7.812531594184306
61.7294656402022 7.889013724693691 5.128370620138902
79.74071619903772 4.807724437982849 5.123170818781738
97.97033385198455 5.316947552757386 4.016396305813897
85.88929606063496 7.908666038831466 2.101570327953953
90.3419912267011 2.049945747981593 2.049945747981594
80.07447519295553 1.951767037517181 4.719164731872731
92.00869387331493 2.142162071480734 5.083135756781552
70 1.957093002956078 1.957093002956231
97.95086606982778 4.604750775847894 7.778519270130493
2.044961231669384 2.04496123166938 7.83702801732927
57.85391298716375 1.998829886545674 5.471784809532837
70.99926763797754 7.867920016265462 4.677791390016727
8.004680261193789 8.118329716640615 4.59314307065989
79.93134955309493 5.421216990915498 8.029140270315775
8.219269491439492 5.070824072208313 7.911286492983349
4.26015248989798 8.033949871884527 2.316596446365266
83.96285954974515 2.059182586056012 4.678830337577101
53.37062777927371 7.849041353720448 5.051361584378586
75.84342520818117 1.996309162168656 5.004983094313437
96.26249058619477 5.387071368892207 2.061695369537779
89.67250733439968 7.909199202773745 2.090800797226255
91.6176821514227 4.712174360931908 4.309153336715057
71.99280066825253 1.86900666080255 5.643246620361049
4.19665564534948 1.999039394723455 8.069296059658168
4.962156731421087 7.903306787062651 4.514046944247245
59.17021872796474 7.904108616280038 7.877446237603273
88.99749804411167 1.930147239702535 4.899021422353988
9.941270027060112 5.388866891314056 5.518529044374308
42.03296014086413 1.933992636088291 1.919439300415529
61.92869596195467 4.912355863849435 1.917099962542678
60.82116010616515 2.107934797500592 7.892065202499209
38.00000000000004 1.891053589391834 1.891053589391834
38 8.109000898052035 8.109000898052035
32 8.109000898052042 8.109000898052042
61.9389360268037 1.904677697610384 4.897257905379608
94.88832490794248 7.853609473461752 5.179376991770209
84.08067517188164 4.944309268677984 7.909220729023136
91.36518314377165 4.916371974164515 2.165766860095223
31.98559280411916 1.892844088997225 1.89561741421651
48.02252021226732 4.611556707805876 5.585068001642062
25.57579650866861 7.961333960264901 2.038666039735099
25.57697180497361 2.038155602676614 7.961844397323338
22.42484281077994 7.957228203988101 7.956554429339334
86.7789053773182 1.941396085880409 2.76836243715212
22.41924839545752 2.034638098945959 2.034638005931622
49.39499224198484 7.917771086304183 4.954964076233588
19.63644441589927 7.984611674440996 7.984611674440997
57.9999999999999 5.561860794453504 1.844450732517229
70.38310739346058 7.982067656258726 2.017932343741274
13.63036242402763 7.984452967656281 7.980393436618682
44.35896958089645 2.008504933877681 7.991495066122223
13.98828785722736 4.402604904146543 4.54864267950979
72.07823289041222 2.380999953735352 1.82662052009044
41.99584719686526 5.577646057025266 4.558840088767663
13.63817673510428 2.006994554912771 2.006994554912777
22.19877732917768 8.046726327373991 1.95327367262601
25.99503092814881 4.533606733372569 5.553911009828941
16.27279365031827 8.036614663227724 8.017676593094645
16.36474495221706 2.006187897241379 2.006187897241394
19.80338039992587 1.951665851278994 8.04833651232283
98.05953088125023 4.264604057116788 2.174534417673037
33.17685286854944 4.91874249941835 2.094978077628356
38.00000000000004 1.864249607987291 8.135750392012671
19.99718432328731 5.546259863482218 5.461308451137445
47.71968128555937 1.963176625483457 8.017775943443086
38 8.13642456319732 1.86357543680268
32 8.136424563197327 1.863575436802674
10.28419117980232 1.964726490257767 1.981235461974495
44.27765143769292 8.024979627663663 1.975020372336336
19.71741827264513 1.975185695978795 1.975183069872906
62.69611235239382 6.278064351080707 8.055470211904456
31.99999999997419 1.863902634269349 8.134766683223177
94.89457897967772 2.209497679018102 7.892109033224479
47.60491557142518 7.994865087499821 2.005134912500179
90.05363412069904 7.913725473941854 7.968854433887113
42 8.145564824855404 1.854435175144595
28 8.145567745546895 1.854432254453104
27.99999999914003 1.854432255049014 8.145567745943971
42 1.852356874186125 8.147643125813833
10.27088481998003 8.023992488986293 8.023992488986293
7.442126585724161 7.877129513284025 7.94850414449221
33.73054590243044 8.128133256769463 5.813996696282
36.26945409756952 8.128133256769468 5.813996696281971
7.858584534652023 8.196595858245759 2.383347701865706
36.83689096512759 2.091744031778647 4.898196433767335
33.72370204445608 5.818452627770061 8.131053504897183
36.27905485914021 5.820247605630447 8.132229865159978
57.70124250314817 8.038370809265555 1.961629190734446
95.50587700332332 5.379999008613961 4.107467708340433
2.255562426077256 7.184061592611939 7.988994032036901
8.077062929703228 1.840803789009366 1.859388842383314
28.14076967456039 8.117950958187478 8.117950958187478
41.85915913707152 8.117962862251378 8.117962862251378
49.96740985643621 8.169648184105709 1.830351815894291
61.98324717597861 8.180861558064072 1.819138441935928
66.01668838660875 1.819171383766165 8.180828616233773
66.01668838940132 8.180828615539594 1.819171384460404
75.98124446045293 1.818649192825004 8.181350807174944
75.98124340185981 8.181350544912355 1.818649455087645
53.96955564876829 8.173671518659969 8.171865475477402
36.52974951651504 4.312951127550356 1.807301616635121
53.99097634687445 1.811402595602319 1.810828952967758
80.02069867914764 8.177868536578238 1.818626331278725
28.13196513234666 1.868061016111259 1.86806101611128
49.85337755160827 8.131488171173451 8.131488171173451
92.37912074460196 7.937944572839172 7.931545371254029
7.766342289356292 1.90409627257575 8.088560632003553
70.14136344844057 1.86185155316983 8.13814844683008
79.9973554623476 1.795423519821124 8.204576480178829
33.08635275353582 2.034424095919252 4.820375551236535
3.920057451679551 4.90165548976668 4.384669196448497
5.421805986548854 8.084756387688529 7.657517993850472
70.9349757515908 5.06391442944142 7.957727151827707
83.64245243831596 2.013374523449261 2.029666391130704
4.615580216066796 4.01328746504417 8.09193684943839
69.77665527585587 4.176644317685298 5.567740964341426
57.73237357318349 8.203218073705225 4.389604387454224
4.585625607148106 1.935667179739878 1.936424374348686
91.32521207508796 4.053099509202951 7.303178129543323
65.69573374178179 1.785676149692078 4.371033314115946
54.73062814777776 1.803249061767783 6.170783116327538
98.16560598192963 7.727192749547149 4.575076400253629
84.48083670571779 8.07609142629367 4.483963893177247
65.68794423553089 4.365567550863792 1.78339812323589
79.68210457759369 4.376291940104635 1.775974895066541
72.46408883983128 5.878122156489311 1.824186928524997
49.19153641557831 5.153574210140195 7.990613697017951
95.68636041298011 8.189449867949186 7.991660021976653
49.41644068109903 1.765556915962737 4.204610495286591
94.73755773049263 4.207041751956488 8.143911302755518
95.7852851451507 1.918279683344679 5.753227013592641
69.13235834038431 5.646468180939106 3.480591497231027
83.92907948560271 8.219978959150755 1.791920222389727
$EndNodes
$Elements
3 7659 1 7659
2 1 2 604
1 9 480 1 
2 1 480 114 
3 2 481 57 
4 58 481 2 
5 3 479 61 
6 62 479 3 
7 4 482 110 
8 111 482 4 
9 10 426 9 
10 426 480 9 
11 11 282 10 
12 282 426 10 
13 12 299 11 
14 11 299 282 
15 13 238 12 
16 238 299 12 
17 14 401 13 
18 13 401 238 
19 15 239 14 
20 239 401 14 
21 16 402 15 
22 15 402 239 
23 17 240 16 
24 240 402 16 
25 18 403 17 
26 17 403 240 
27 19 241 18 
28 241 403 18 
29 20 404 19 
30 19 404 241 
31 21 242 20 
32 242 404 20 
33 22 405 21 
34 21 405 242 
35 23 243 22 
36 243 405 22 
37 24 406 23 
38 23 406 243 
39 25 244 24 
40 244 406 24 
41 26 407 25 
42 25 407 244 
43 27 245 26 
44 245 407 26 
45 28 408 27 
46 27 408 245 
47 29 246 28 
48 246 408 28 
49 30 409 29 
50 29 409 246 
51 31 247 30 
52 247 409 30 
53 32 410 31 
54 31 410 247 
55 33 248 32 
56 248 410 32 
57 34 411 33 
58 33 411 248 
59 35 249 34 
60 249 411 34 
61 36 412 35 
62 35 412 249 
63 37 250 36 
64 250 412 36 
65 38 413 37 
66 37 413 250 
67 39 251 38 
68 251 413 38 
69 40 414 39 
70 39 414 251 
71 41 252 40 
72 252 414 40 
73 42 415 41 
74 41 415 252 
75 43 253 42 
76 253 415 42 
77 44 416 43 
78 43 416 253 
79 45 254 44 
80 254 416 44 
81 46 417 45 
82 45 417 254 
83 47 255 46 
84 255 417 46 
85 48 418 47 
86 47 418 255 
87 49 256 48 
88 256 418 48 
89 50 419 49 
90 49 419 256 
91 51 257 50 
92 257 419 50 
93 52 431 51 
94 51 431 257 
95 53 258 52 
96 258 431 52 
97 54 472 53 
98 53 472 258 
99 55 259 54 
100 259 472 54 
101 56 473 55 
102 55 473 259 
103 57 285 56 
104 285 473 56 
105 57 481 285 
106 59 427 58 
107 427 481 58 
108 60 284 59 
109 284 427 59 
110 61 286 60 
111 60 286 284 
112 61 479 286 
113 63 428 62 
114 428 479 62 
115 64 260 63 
116 260 428 63 
117 65 379 64 
118 64 379 260 
119 66 261 65 
120 261 379 65 
121 67 380 66 
122 66 380 261 
123 68 262 67 
124 262 380 67 
125 69 382 68 
126 68 382 262 
127 70 263 69 
128 263 382 69 
129 71 383 70 
130 70 383 263 
131 72 264 71 
132 264 383 71 
133 73 384 72 
134 72 384 264 
135 74 265 73 
136 265 384 73 
137 75 385 74 
138 74 385 265 
139 76 266 75 
140 266 385 75 
141 77 386 76 
142 76 386 266 
143 78 267 77 
144 267 386 77 
145 79 387 78 
146 78 387 267 
147 80 268 79 
148 268 387 79 
149 81 388 80 
150 80 388 268 
151 82 269 81 
152 269 388 81 
153 83 389 82 
154 82 389 269 
155 84 270 83 
156 270 389 83 
157 85 390 84 
158 84 390 270 
159 86 271 85 
160 271 390 85 
161 87 391 86 
162 86 391 271 
163 88 272 87 
164 272 391 87 
165 89 392 88 
166 88 392 272 
167 90 273 89 
168 273 392 89 
169 91 393 90 
170 90 393 273 
171 92 274 91 
172 274 393 91 
173 93 394 92 
174 92 394 274 
175 94 275 93 
176 275 394 93 
177 95 395 94 
178 94 395 275 
179 96 276 95 
180 276 395 95 
181 97 396 96 
182 96 396 276 
183 98 277 97 
184 277 396 97 
185 99 397 98 
186 98 397 277 
187 100 278 99 
188 278 397 99 
189 101 398 100 
190 100 398 278 
191 102 279 101 
192 279 398 101 
193 103 399 102 
194 102 399 279 
195 104 280 103 
196 280 399 103 
197 105 400 104 
198 104 400 280 
199 106 281 105 
200 281 400 105 
201 107 432 106 
202 106 432 281 
203 108 433 107 
204 107 433 432 
205 109 237 108 
206 237 433 108 
207 110 429 109 
208 109 429 237 
209 110 482 429 
210 112 423 111 
211 423 482 111 
212 113 283 112 
213 283 423 112 
214 114 420 113 
215 113 420 283 
216 114 480 420 
217 237 429 422 
218 422 430 237 
219 430 433 237 
220 238 300 299 
221 238 301 300 
222 238 401 301 
223 239 308 306 
224 306 401 239 
225 239 402 308 
226 240 312 310 
227 310 402 240 
228 240 403 312 
229 241 316 314 
230 314 403 241 
231 241 404 316 
232 242 320 318 
233 318 404 242 
234 242 405 320 
235 243 324 322 
236 322 405 243 
237 243 406 324 
238 244 328 326 
239 326 406 244 
240 244 407 328 
241 245 332 330 
242 330 407 245 
243 245 408 332 
244 246 336 334 
245 334 408 246 
246 246 409 336 
247 247 340 338 
248 338 409 247 
249 247 410 340 
250 248 344 342 
251 342 410 248 
252 248 411 344 
253 249 348 346 
254 346 411 249 
255 249 412 348 
256 250 352 350 
257 350 412 250 
258 250 413 352 
259 251 356 354 
260 354 413 251 
261 251 414 356 
262 252 360 358 
263 358 414 252 
264 252 415 360 
265 253 364 362 
266 362 415 253 
267 253 416 364 
268 254 368 366 
269 366 416 254 
270 254 417 368 
271 255 372 370 
272 370 417 255 
273 255 418 372 
274 256 376 374 
275 374 418 256 
276 256 419 376 
277 378 419 257 
278 257 476 378 
279 431 476 257 
280 294 295 258 
281 258 472 294 
282 295 296 258 
283 296 431 258 
284 290 291 259 
285 259 473 290 
286 291 294 259 
287 294 472 259 
288 287 428 260 
289 260 474 287 
290 379 474 260 
291 261 477 379 
292 380 381 261 
293 381 477 261 
294 262 475 380 
295 382 425 262 
296 425 475 262 
297 263 434 382 
298 383 470 263 
299 263 470 434 
300 264 469 383 
301 384 468 264 
302 468 469 264 
303 265 467 384 
304 385 466 265 
305 466 467 265 
306 266 465 385 
307 386 464 266 
308 464 465 266 
309 267 463 386 
310 387 462 267 
311 462 463 267 
312 268 461 387 
313 388 460 268 
314 460 461 268 
315 269 459 388 
316 389 458 269 
317 458 459 269 
318 270 457 389 
319 390 456 270 
320 456 457 270 
321 271 455 390 
322 391 454 271 
323 454 455 271 
324 272 453 391 
325 392 452 272 
326 452 453 272 
327 273 451 392 
328 393 450 273 
329 450 451 273 
330 274 449 393 
331 394 448 274 
332 448 449 274 
333 275 447 394 
334 395 446 275 
335 446 447 275 
336 276 445 395 
337 396 444 276 
338 444 445 276 
339 277 443 396 
340 397 442 277 
341 442 443 277 
342 278 441 397 
343 398 440 278 
344 440 441 278 
345 279 439 398 
346 399 438 279 
347 438 439 279 
348 280 437 399 
349 400 436 280 
350 436 437 280 
351 281 435 400 
352 432 471 281 
353 281 471 435 
354 299 424 282 
355 424 484 282 
356 282 484 426 
357 420 421 283 
358 421 422 283 
359 422 423 283 
360 286 287 284 
361 287 288 284 
362 288 427 284 
363 288 290 285 
364 285 427 288 
365 290 473 285 
366 285 481 427 
367 286 428 287 
368 286 479 428 
369 287 289 288 
370 287 474 289 
371 289 290 288 
372 289 291 290 
373 289 292 291 
374 289 474 292 
375 292 293 291 
376 293 294 291 
377 292 477 293 
378 292 474 379 
379 379 477 292 
380 293 295 294 
381 293 381 295 
382 293 477 381 
383 295 297 296 
384 295 381 297 
385 297 298 296 
386 298 476 296 
387 296 476 431 
388 297 425 298 
389 381 475 297 
390 297 475 425 
391 378 476 298 
392 298 478 378 
393 425 478 298 
394 300 424 299 
395 301 302 300 
396 302 303 300 
397 303 424 300 
398 301 304 302 
399 301 306 304 
400 301 401 306 
401 302 305 303 
402 304 471 302 
403 302 471 305 
404 305 430 303 
405 303 483 424 
406 430 483 303 
407 306 307 304 
408 307 435 304 
409 435 471 304 
410 305 433 430 
411 432 433 305 
412 305 471 432 
413 306 308 307 
414 308 309 307 
415 309 436 307 
416 307 436 435 
417 308 310 309 
418 308 402 310 
419 310 311 309 
420 311 437 309 
421 309 437 436 
422 310 312 311 
423 312 313 311 
424 313 438 311 
425 311 438 437 
426 312 314 313 
427 312 403 314 
428 314 315 313 
429 315 439 313 
430 313 439 438 
431 314 316 315 
432 316 317 315 
433 317 440 315 
434 315 440 439 
435 316 318 317 
436 316 404 318 
437 318 319 317 
438 319 441 317 
439 317 441 440 
440 318 320 319 
441 320 321 319 
442 321 442 319 
443 319 442 441 
444 320 322 321 
445 320 405 322 
446 322 323 321 
447 323 443 321 
448 321 443 442 
449 322 324 323 
450 324 325 323 
451 325 444 323 
452 323 444 443 
453 324 326 325 
454 324 406 326 
455 326 327 325 
456 327 445 325 
457 325 445 444 
458 326 328 327 
459 328 329 327 
460 329 446 327 
461 327 446 445 
462 328 330 329 
463 328 407 330 
464 330 331 329 
465 331 447 329 
466 329 447 446 
467 330 332 331 
468 332 333 331 
469 333 448 331 
470 331 448 447 
471 332 334 333 
472 332 408 334 
473 334 335 333 
474 335 449 333 
475 333 449 448 
476 334 336 335 
477 336 337 335 
478 337 450 335 
479 335 450 449 
480 336 338 337 
481 336 409 338 
482 338 339 337 
483 339 451 337 
484 337 451 450 
485 338 340 339 
486 340 341 339 
487 341 452 339 
488 339 452 451 
489 340 342 341 
490 340 410 342 
491 342 343 341 
492 343 453 341 
493 341 453 452 
494 342 344 343 
495 344 345 343 
496 345 454 343 
497 343 454 453 
498 344 346 345 
499 344 411 346 
500 346 347 345 
501 347 455 345 
502 345 455 454 
503 346 348 347 
504 348 349 347 
505 349 456 347 
506 347 456 455 
507 348 350 349 
508 348 412 350 
509 350 351 349 
510 351 457 349 
511 349 457 456 
512 350 352 351 
513 352 353 351 
514 353 458 351 
515 351 458 457 
516 352 354 353 
517 352 413 354 
518 354 355 353 
519 355 459 353 
520 353 459 458 
521 354 356 355 
522 356 357 355 
523 357 460 355 
524 355 460 459 
525 356 358 357 
526 356 414 358 
527 358 359 357 
528 359 461 357 
529 357 461 460 
530 358 360 359 
531 360 361 359 
532 361 462 359 
533 359 462 461 
534 360 362 361 
535 360 415 362 
536 362 363 361 
537 363 463 361 
538 361 463 462 
539 362 364 363 
540 364 365 363 
541 365 464 363 
542 363 464 463 
543 364 366 365 
544 364 416 366 
545 366 367 365 
546 367 465 365 
547 365 465 464 
548 366 368 367 
549 368 369 367 
550 369 466 367 
551 367 466 465 
552 368 370 369 
553 368 417 370 
554 370 371 369 
555 371 467 369 
556 369 467 466 
557 370 372 371 
558 372 373 371 
559 373 468 371 
560 371 468 467 
561 372 374 373 
562 372 418 374 
563 374 375 373 
564 375 469 373 
565 373 469 468 
566 374 376 375 
567 376 377 375 
568 377 470 375 
569 375 470 469 
570 376 378 377 
571 376 419 378 
572 378 478 377 
573 434 470 377 
574 377 478 434 
575 380 475 381 
576 382 434 425 
577 469 470 383 
578 467 468 384 
579 465 466 385 
580 463 464 386 
581 461 462 387 
582 459 460 388 
583 457 458 389 
584 455 456 390 
585 453 454 391 
586 451 452 392 
587 449 450 393 
588 447 448 394 
589 445 446 395 
590 443 444 396 
591 441 442 397 
592 439 440 398 
593 437 438 399 
594 435 436 400 
595 420 426 421 
596 420 480 426 
597 421 483 422 
598 426 484 421 
599 421 484 483 
600 422 429 423 
601 422 483 430 
602 429 482 423 
603 483 484 424 
604 434 478 425 
2 2 2 604
605 115 728 5 
606 5 728 220 
607 6 729 163 
608 164 729 6 
609 7 727 167 
610 168 727 7 
611 8 730 216 
612 217 730 8 
613 116 674 115 
614 674 728 115 
615 117 530 116 
616 530 674 116 
617 118 547 117 
618 117 547 530 
619 119 486 118 
620 486 547 118 
621 120 649 119 
622 119 649 486 
623 121 487 120 
624 487 649 120 
625 122 650 121 
626 121 650 487 
627 123 488 122 
628 488 650 122 
629 124 651 123 
630 123 651 488 
631 125 489 124 
632 489 651 124 
633 126 652 125 
634 125 652 489 
635 127 490 126 
636 490 652 126 
637 128 653 127 
638 127 653 490 
639 129 491 128 
640 491 653 128 
641 130 654 129 
642 129 654 491 
643 131 492 130 
644 492 654 130 
645 132 655 131 
646 131 655 492 
647 133 493 132 
648 493 655 132 
649 134 656 133 
650 133 656 493 
651 135 494 134 
652 494 656 134 
653 136 657 135 
654 135 657 494 
655 137 495 136 
656 495 657 136 
657 138 658 137 
658 137 658 495 
659 139 496 138 
660 496 658 138 
661 140 659 139 
662 139 659 496 
663 141 497 140 
664 497 659 140 
665 142 660 141 
666 141 660 497 
667 143 498 142 
668 498 660 142 
669 144 661 143 
670 143 661 498 
671 145 499 144 
672 499 661 144 
673 146 662 145 
674 145 662 499 
675 147 500 146 
676 500 662 146 
677 148 663 147 
678 147 663 500 
679 149 501 148 
680 501 663 148 
681 150 664 149 
682 149 664 501 
683 151 502 150 
684 502 664 150 
685 152 665 151 
686 151 665 502 
687 153 503 152 
688 503 665 152 
689 154 666 153 
690 153 666 503 
691 155 504 154 
692 504 666 154 
693 156 667 155 
694 155 667 504 
695 157 505 156 
696 505 667 156 
697 158 679 157 
698 157 679 505 
699 159 506 158 
700 506 679 158 
701 160 720 159 
702 159 720 506 
703 161 507 160 
704 507 720 160 
705 162 721 161 
706 161 721 507 
707 163 533 162 
708 533 721 162 
709 163 729 533 
710 165 675 164 
711 675 729 164 
712 166 532 165 
713 532 675 165 
714 167 534 166 
715 166 534 532 
716 167 727 534 
717 169 676 168 
718 676 727 168 
719 170 508 169 
720 508 676 169 
721 171 627 170 
722 170 627 508 
723 172 509 171 
724 509 627 171 
725 173 628 172 
726 172 628 509 
727 174 510 173 
728 510 628 173 
729 175 630 174 
730 174 630 510 
731 176 511 175 
732 511 630 175 
733 177 631 176 
734 176 631 511 
735 178 512 177 
736 512 631 177 
737 179 632 178 
738 178 632 512 
739 180 513 179 
740 513 632 179 
741 181 633 180 
742 180 633 513 
743 182 514 181 
744 514 633 181 
745 183 634 182 
746 182 634 514 
747 184 515 183 
748 515 634 183 
749 185 635 184 
750 184 635 515 
751 186 516 185 
752 516 635 185 
753 187 636 186 
754 186 636 516 
755 188 517 187 
756 517 636 187 
757 189 637 188 
758 188 637 517 
759 190 518 189 
760 518 637 189 
761 191 638 190 
762 190 638 518 
763 192 519 191 
764 519 638 191 
765 193 639 192 
766 192 639 519 
767 194 520 193 
768 520 639 193 
769 195 640 194 
770 194 640 520 
771 196 521 195 
772 521 640 195 
773 197 641 196 
774 196 641 521 
775 198 522 197 
776 522 641 197 
777 199 642 198 
778 198 642 522 
779 200 523 199 
780 523 642 199 
781 201 643 200 
782 200 643 523 
783 202 524 201 
784 524 643 201 
785 203 644 202 
786 202 644 524 
787 204 525 203 
788 525 644 203 
789 205 645 204 
790 204 645 525 
791 206 526 205 
792 526 645 205 
793 207 646 206 
794 206 646 526 
795 208 527 207 
796 527 646 207 
797 209 647 208 
798 208 647 527 
799 210 528 209 
800 528 647 209 
801 211 648 210 
802 210 648 528 
803 212 529 211 
804 529 648 211 
805 213 680 212 
806 212 680 529 
807 214 681 213 
808 213 681 680 
809 215 485 214 
810 485 681 214 
811 216 677 215 
812 215 677 485 
813 216 730 677 
814 218 671 217 
815 671 730 217 
816 219 531 218 
817 531 671 218 
818 220 668 219 
819 219 668 531 
820 220 728 668 
821 485 677 670 
822 670 678 485 
823 678 681 485 
824 486 548 547 
825 486 549 548 
826 486 649 549 
827 487 556 554 
828 554 649 487 
829 487 650 556 
830 488 560 558 
831 558 650 488 
832 488 651 560 
833 489 564 562 
834 562 651 489 
835 489 652 564 
836 490 568 566 
837 566 652 490 
838 490 653 568 
839 491 572 570 
840 570 653 491 
841 491 654 572 
842 492 576 574 
843 574 654 492 
844 492 655 576 
845 493 580 578 
846 578 655 493 
847 493 656 580 
848 494 584 582 
849 582 656 494 
850 494 657 584 
851 495 588 586 
852 586 657 495 
853 495 658 588 
854 496 592 590 
855 590 658 496 
856 496 659 592 
857 497 596 594 
858 594 659 497 
859 497 660 596 
860 498 600 598 
861 598 660 498 
862 498 661 600 
863 499 604 602 
864 602 661 499 
865 499 662 604 
866 500 608 606 
867 606 662 500 
868 500 663 608 
869 501 612 610 
870 610 663 501 
871 501 664 612 
872 502 616 614 
873 614 664 502 
874 502 665 616 
875 503 620 618 
876 618 665 503 
877 503 666 620 
878 504 624 622 
879 622 666 504 
880 504 667 624 
881 626 667 505 
882 505 724 626 
883 679 724 505 
884 542 543 506 
885 506 720 542 
886 543 544 506 
887 544 679 506 
888 538 539 507 
889 507 721 538 
890 539 542 507 
891 542 720 507 
892 535 676 508 
893 508 722 535 
894 627 722 508 
895 509 725 627 
896 628 629 509 
897 629 725 509 
898 510 723 628 
899 630 673 510 
900 673 723 510 
901 511 682 630 
902 631 718 511 
903 511 718 682 
904 512 717 631 
905 632 716 512 
906 716 717 512 
907 513 715 632 
908 633 714 513 
909 714 715 513 
910 514 713 633 
911 634 712 514 
912 712 713 514 
913 515 711 634 
914 635 710 515 
915 710 711 515 
916 516 709 635 
917 636 708 516 
918 708 709 516 
919 517 707 636 
920 637 706 517 
921 706 707 517 
922 518 705 637 
923 638 704 518 
924 704 705 518 
925 519 703 638 
926 639 702 519 
927 702 703 519 
928 520 701 639 
929 640 700 520 
930 700 701 520 
931 521 699 640 
932 641 698 521 
933 698 699 521 
934 522 697 641 
935 642 696 522 
936 696 697 522 
937 523 695 642 
938 643 694 523 
939 694 695 523 
940 524 693 643 
941 644 692 524 
942 692 693 524 
943 525 691 644 
944 645 690 525 
945 690 691 525 
946 526 689 645 
947 646 688 526 
948 688 689 526 
949 527 687 646 
950 647 686 527 
951 686 687 527 
952 528 685 647 
953 648 684 528 
954 684 685 528 
955 529 683 648 
956 680 719 529 
957 529 719 683 
958 547 672 530 
959 672 732 530 
960 530 732 674 
961 668 669 531 
962 669 670 531 
963 670 671 531 
964 534 535 532 
965 535 536 532 
966 536 675 532 
967 536 538 533 
968 533 675 536 
969 538 721 533 
970 533 729 675 
971 534 676 535 
972 534 727 676 
973 535 537 536 
974 535 722 537 
975 537 538 536 
976 537 539 538 
977 537 540 539 
978 537 722 540 
979 540 541 539 
980 541 542 539 
981 540 725 541 
982 540 722 627 
983 627 725 540 
984 541 543 542 
985 541 629 543 
986 541 725 629 
987 543 545 544 
988 543 629 545 
989 545 546 544 
990 546 724 544 
991 544 724 679 
992 545 673 546 
993 629 723 545 
994 545 723 673 
995 626 724 546 
996 546 726 626 
997 673 726 546 
998 548 672 547 
999 549 550 548 
1000 550 551 548 
1001 551 672 548 
1002 549 552 550 
1003 549 554 552 
1004 549 649 554 
1005 550 553 551 
1006 552 719 550 
1007 550 719 553 
1008 553 678 551 
1009 551 731 672 
1010 678 731 551 
1011 554 555 552 
1012 555 683 552 
1013 683 719 552 
1014 553 681 678 
1015 680 681 553 
1016 553 719 680 
1017 554 556 555 
1018 556 557 555 
1019 557 684 555 
1020 555 684 683 
1021 556 558 557 
1022 556 650 558 
1023 558 559 557 
1024 559 685 557 
1025 557 685 684 
1026 558 560 559 
1027 560 561 559 
1028 561 686 559 
1029 559 686 685 
1030 560 562 561 
1031 560 651 562 
1032 562 563 561 
1033 563 687 561 
1034 561 687 686 
1035 562 564 563 
1036 564 565 563 
1037 565 688 563 
1038 563 688 687 
1039 564 566 565 
1040 564 652 566 
1041 566 567 565 
1042 567 689 565 
1043 565 689 688 
1044 566 568 567 
1045 568 569 567 
1046 569 690 567 
1047 567 690 689 
1048 568 570 569 
1049 568 653 570 
1050 570 571 569 
1051 571 691 569 
1052 569 691 690 
1053 570 572 571 
1054 572 573 571 
1055 573 692 571 
1056 571 692 691 
1057 572 574 573 
1058 572 654 574 
1059 574 575 573 
1060 575 693 573 
1061 573 693 692 
1062 574 576 575 
1063 576 577 575 
1064 577 694 575 
1065 575 694 693 
1066 576 578 577 
1067 576 655 578 
1068 578 579 577 
1069 579 695 577 
1070 577 695 694 
1071 578 580 579 
1072 580 581 579 
1073 581 696 579 
1074 579 696 695 
1075 580 582 581 
1076 580 656 582 
1077 582 583 581 
1078 583 697 581 
1079 581 697 696 
1080 582 584 583 
1081 584 585 583 
1082 585 698 583 
1083 583 698 697 
1084 584 586 585 
1085 584 657 586 
1086 586 587 585 
1087 587 699 585 
1088 585 699 698 
1089 586 588 587 
1090 588 589 587 
1091 589 700 587 
1092 587 700 699 
1093 588 590 589 
1094 588 658 590 
1095 590 591 589 
1096 591 701 589 
1097 589 701 700 
1098 590 592 591 
1099 592 593 591 
1100 593 702 591 
1101 591 702 701 
1102 592 594 593 
1103 592 659 594 
1104 594 595 593 
1105 595 703 593 
1106 593 703 702 
1107 594 596 595 
1108 596 597 595 
1109 597 704 595 
1110 595 704 703 
1111 596 598 597 
1112 596 660 598 
1113 598 599 597 
1114 599 705 597 
1115 597 705 704 
1116 598 600 599 
1117 600 601 599 
1118 601 706 599 
1119 599 706 705 
1120 600 602 601 
1121 600 661 602 
1122 602 603 601 
1123 603 707 601 
1124 601 707 706 
1125 602 604 603 
1126 604 605 603 
1127 605 708 603 
1128 603 708 707 
1129 604 606 605 
1130 604 662 606 
1131 606 607 605 
1132 607 709 605 
1133 605 709 708 
1134 606 608 607 
1135 608 609 607 
1136 609 710 607 
1137 607 710 709 
1138 608 610 609 
1139 608 663 610 
1140 610 611 609 
1141 611 711 609 
1142 609 711 710 
1143 610 612 611 
1144 612 613 611 
1145 613 712 611 
1146 611 712 711 
1147 612 614 613 
1148 612 664 614 
1149 614 615 613 
1150 615 713 613 
1151 613 713 712 
1152 614 616 615 
1153 616 617 615 
1154 617 714 615 
1155 615 714 713 
1156 616 618 617 
1157 616 665 618 
1158 618 619 617 
1159 619 715 617 
1160 617 715 714 
1161 618 620 619 
1162 620 621 619 
1163 621 716 619 
1164 619 716 715 
1165 620 622 621 
1166 620 666 622 
1167 622 623 621 
1168 623 717 621 
1169 621 717 716 
1170 622 624 623 
1171 624 625 623 
1172 625 718 623 
1173 623 718 717 
1174 624 626 625 
1175 624 667 626 
1176 626 726 625 
1177 682 718 625 
1178 625 726 682 
1179 628 723 629 
1180 630 682 673 
1181 717 718 631 
1182 715 716 632 
1183 713 714 633 
1184 711 712 634 
1185 709 710 635 
1186 707 708 636 
1187 705 706 637 
1188 703 704 638 
1189 701 702 639 
1190 699 700 640 
1191 697 698 641 
1192 695 696 642 
1193 693 694 643 
1194 691 692 644 
1195 689 690 645 
1196 687 688 646 
1197 685 686 647 
1198 683 684 648 
1199 668 674 669 
1200 668 728 674 
1201 669 731 670 
1202 674 732 669 
1203 669 732 731 
1204 670 677 671 
1205 670 731 678 
1206 677 730 671 
1207 731 732 672 
1208 682 726 673 
3 1 4 6451
1209 1497 1606 1363 1612 
1210 1035 632 1369 1447 
1211 1323 1572 1140 1669 
1212 1062 1425 1326 1599 
1213 746 1504 250 1519 
1214 785 1342 1542 1544 
1215 1441 1563 1418 1618 
1216 1363 1606 1341 1612 
1217 1039 1160 636 1367 
1218 636 1160 516 1367 
1219 1338 1418 1563 1618 
1220 338 337 336 1304 
1221 562 563 564 1306 
1222 578 1566 1322 1666 
1223 632 513 1035 1369 
1224 513 1157 1035 1369 
1225 557 558 556 1305 
1226 901 832 829 1308 
1227 322 321 320 1308 
1228 516 1367 1160 1674 
1229 998 1453 1341 1612 
1230 447 1572 1323 1669 
1231 515 1159 1368 1446 
1232 1322 1566 801 1666 
1233 1283 1415 1527 1626 
1234 336 1304 337 1477 
1235 1034 1366 631 1447 
1236 337 1304 338 1467 
1237 562 563 1306 1468 
1238 564 1306 563 1463 
1239 557 1305 556 1448 
1240 557 558 1305 1471 
1241 635 1038 515 1446 
1242 515 1038 1159 1446 
1243 343 1309 344 1431 
1244 829 1308 832 1476 
1245 321 1308 322 1475 
1246 320 1308 321 1454 
1247 832 1308 901 1455 
1248 757 1406 411 1577 
1249 1293 1370 1337 1718 
1250 1180 1080 1078 1299 
1251 631 512 1156 1447 
1252 1156 1034 631 1447 
1253 1323 1423 1140 1572 
1254 290 1542 1342 1544 
1255 1283 1426 1415 1626 
1256 1372 1534 1526 1625 
1257 757 411 835 1577 
1258 343 1309 1431 1483 
1259 1180 1080 1299 1472 
1260 1078 1299 1080 1449 
1261 1337 1370 1293 1714 
1262 250 1504 1355 1519 
1263 746 1355 1504 1519 
1264 1283 1527 1426 1626 
1265 894 502 1415 1711 
1266 818 1336 1452 1456 
1267 796 932 798 1298 
1268 342 344 343 1309 
1269 1293 1441 1370 1718 
1270 1293 1563 1405 1616 
1271 1207 1300 1236 1517 
1272 1300 1516 1236 1517 
1273 713 1516 1300 1517 
1274 713 1300 712 1517 
1275 1372 1526 1315 1625 
1276 989 1606 1497 1612 
1277 1261 1535 1518 1536 
1278 746 844 250 1504 
1279 844 413 250 1504 
1280 557 1305 1448 1471 
1281 309 1461 1336 1462 
1282 1020 1140 1572 1669 
1283 1062 1326 1063 1599 
1284 796 1298 798 1499 
1285 1373 1444 723 1560 
1286 1291 1324 1546 1685 
1287 1323 1291 1547 1686 
1288 1415 1436 1283 1527 
1289 578 1424 1322 1566 
1290 1291 1423 1324 1685 
1291 1323 1423 1291 1686 
1292 835 411 248 1577 
1293 337 1304 1467 1477 
1294 563 1463 1306 1468 
1295 1358 1552 626 1559 
1296 798 1298 932 1481 
1297 785 1430 1342 1544 
1298 1292 1372 1315 1630 
1299 1408 1578 1099 1700 
1300 1308 321 1454 1475 
1301 832 1308 1455 1476 
1302 1179 1238 1136 1307 
1303 1367 1446 1160 1674 
1304 1293 1418 1441 1563 
1305 1098 1099 1408 1578 
1306 1327 1409 1283 1729 
1307 342 1309 343 1483 
1308 1261 1518 1277 1536 
1309 1501 1545 1367 1674 
1310 1299 1080 1449 1472 
1311 1315 1372 1292 1526 
1312 1283 1409 1327 1438 
1313 1287 1353 1410 1429 
1314 251 1361 747 1564 
1315 1051 1257 1197 1529 
1316 447 1443 1323 1572 
1317 1158 1207 1236 1517 
1318 1158 1236 1516 1517 
1319 514 1516 713 1517 
1320 514 713 712 1517 
1321 1247 1062 1314 1425 
1322 578 493 1566 1666 
1323 1287 1353 1429 1591 
1324 1350 1545 1501 1674 
1325 1247 1314 1062 1599 
1326 1294 1490 1545 1600 
1327 1238 1307 1179 1470 
1328 352 1355 250 1504 
1329 1312 1545 1490 1600 
1330 746 1355 868 1504 
1331 1181 1498 1362 1567 
1332 614 1415 502 1711 
1333 1321 1428 1366 1442 
1334 1247 1425 1314 1540 
1335 1362 1465 349 1567 
1336 1136 1307 1238 1469 
1337 1415 1359 1527 1626 
1338 1321 1279 1428 1442 
1339 614 502 664 1711 
1340 1351 1578 1408 1700 
1341 741 801 1566 1666 
1342 1335 1448 1449 1655 
1343 1362 1498 1181 1621 
1344 370 1488 1360 1551 
1345 1247 1540 1314 1624 
1346 343 1431 1345 1483 
1347 1291 1546 1319 1685 
1348 801 1322 1440 1566 
1349 1315 1380 1372 1625 
1350 1318 1547 1291 1686 
1351 1372 1380 1315 1608 
1352 1092 1594 1409 1702 
1353 1091 1594 1092 1702 
1354 1359 1436 1415 1527 
1355 1098 1408 1099 1700 
1356 713 712 1300 1716 
1357 1160 1367 1233 1446 
1358 703 1591 1410 1703 
1359 812 965 810 1304 
1360 894 1415 953 1711 
1361 1293 1418 1563 1616 
1362 691 569 690 1301 
1363 699 585 698 1302 
1364 1210 1120 1222 1302 
1365 1311 1405 1563 1616 
1366 1410 1429 1353 1591 
1367 818 1452 1305 1456 
1368 447 394 1572 1669 
1369 1327 1283 1527 1729 
1370 439 315 440 1307 
1371 1292 1315 1392 1630 
1372 957 825 935 1306 
1373 1283 1438 1327 1527 
1374 1293 1405 1418 1616 
1375 1315 1608 1380 1630 
1376 798 1298 1481 1499 
1377 1232 1217 1134 1301 
1378 932 1298 796 1589 
1379 715 1369 632 1447 
1380 1035 1369 1209 1447 
1381 1372 1608 1315 1630 
1382 1298 1563 1441 1618 
1383 1329 1485 1484 1667 
1384 1233 1446 1367 1604 
1385 938 818 960 1305 
1386 698 699 1302 1585 
1387 1210 1302 1222 1585 
1388 690 691 1301 1587 
1389 1380 1372 1625 1641 
1390 394 1020 1572 1669 
1391 1434 1601 1411 1651 
1392 456 1362 349 1567 
1393 934 1552 1358 1559 
1394 1518 1536 1535 1714 
1395 1330 1480 1479 1657 
1396 579 1322 578 1690 
1397 439 1307 440 1581 
1398 579 580 578 1322 
1399 1280 1411 1434 1601 
1400 957 1306 935 1583 
1401 608 1579 1414 1699 
1402 1125 1324 1123 1685 
1403 1140 1323 1189 1686 
1404 1123 1125 1124 1324 
1405 1139 1189 1140 1323 
1406 703 704 1591 1703 
1407 1217 1301 1232 1587 
1408 769 667 1552 1559 
1409 1366 1428 1279 1442 
1410 459 1411 1633 1698 
1411 614 1359 1415 1711 
1412 810 812 1304 1458 
1413 576 1328 575 1689 
1414 1289 1449 1448 1655 
1415 574 575 576 1328 
1416 344 1406 1309 1577 
1417 309 1299 1461 1462 
1418 352 250 413 1504 
1419 746 868 844 1504 
1420 1345 1459 1483 1643 
1421 1351 1282 1408 1439 
1422 1283 1347 1409 1438 
1423 1281 1484 1485 1667 
1424 1330 1458 810 1480 
1425 608 610 1414 1579 
1426 1061 1374 1425 1540 
1427 1282 1352 1414 1437 
1428 569 690 1301 1460 
1429 1348 1283 1415 1436 
1430 938 818 1305 1456 
1431 810 1304 965 1480 
1432 557 1448 1335 1471 
1433 440 1307 315 1451 
1434 825 1306 957 1450 
1435 1316 1291 1417 1665 
1436 1296 1550 1488 1605 
1437 1337 1571 1270 1613 
1438 747 1361 251 1504 
1439 1282 1352 1437 1579 
1440 1307 1238 1469 1470 
1441 1134 1301 1217 1466 
1442 818 960 1305 1452 
1443 1351 1282 1439 1578 
1444 1317 1291 1417 1688 
1445 1286 1479 1480 1657 
1446 699 585 1302 1464 
1447 934 769 1552 1559 
1448 585 698 1302 1479 
1449 1134 1232 1301 1492 
1450 1210 1120 1302 1493 
1451 569 1301 691 1494 
1452 1313 1411 1601 1651 
1453 1414 1579 1352 1699 
1454 1120 1222 1302 1496 
1455 315 1307 439 1485 
1456 825 935 1306 1484 
1457 1283 1347 1438 1594 
1458 370 372 1488 1551 
1459 580 1322 579 1502 
1460 436 309 437 1299 
1461 1125 1124 1324 1509 
1462 1189 1323 1139 1510 
1463 1488 1550 1310 1605 
1464 785 1342 783 1542 
1465 579 1502 1322 1690 
1466 1324 1125 1509 1685 
1467 1189 1323 1510 1686 
1468 493 741 1566 1666 
1469 1348 1283 1436 1593 
1470 575 1328 574 1513 
1471 1197 1529 1266 1569 
1472 1181 1147 1498 1567 
1473 344 1309 1406 1431 
1474 575 1328 1513 1689 
1475 370 1360 1488 1596 
1476 1179 1307 1136 1581 
1477 562 1306 564 1583 
1478 818 1336 816 1452 
1479 715 1369 1447 1593 
1480 1209 1447 1369 1594 
1481 459 1633 460 1698 
1482 1291 1443 1417 1665 
1483 901 1308 829 1582 
1484 322 1308 320 1582 
1485 1291 1440 1417 1688 
1486 703 1429 1410 1591 
1487 1051 1197 1254 1529 
1488 771 720 1394 1541 
1489 1415 1593 618 1701 
1490 1180 1299 1078 1562 
1491 516 1160 1446 1674 
1492 1299 1561 1078 1562 
1493 894 953 766 1711 
1494 260 1006 1374 1419 
1495 1279 1421 1357 1515 
1496 308 1336 309 1461 
1497 1185 1604 1411 1698 
1498 309 1336 310 1462 
1499 1408 1439 1098 1578 
1500 1236 1300 1207 1615 
1501 820 1336 818 1456 
1502 1304 810 1458 1480 
1503 1324 1319 1546 1685 
1504 349 1465 1362 1602 
1505 1318 1323 1547 1686 
1506 938 1305 960 1553 
1507 953 1415 1626 1711 
1508 1406 1577 836 1732 
1509 390 1029 1549 1567 
1510 1062 1314 1425 1599 
1511 616 618 1415 1593 
1512 309 1299 436 1461 
1513 1315 1380 1610 1630 
1514 309 437 1299 1462 
1515 1365 1548 1295 1598 
1516 1356 1280 1367 1501 
1517 1339 1481 1486 1631 
1518 1608 1610 1380 1630 
1519 636 1367 516 1674 
1520 338 1304 336 1632 
1521 673 723 1444 1560 
1522 1105 1604 1185 1698 
1523 1288 1483 1459 1643 
1524 1335 1449 1080 1472 
1525 556 1305 558 1553 
1526 1409 1594 1347 1702 
1527 1534 1625 1372 1641 
1528 810 1330 807 1458 
1529 1291 1546 1424 1689 
1530 1372 1292 1526 1534 
1531 723 1373 545 1444 
1532 1291 1424 1547 1690 
1533 1291 1317 1417 1704 
1534 1350 1294 1545 1674 
1535 1289 1486 1481 1631 
1536 1296 1487 1550 1605 
1537 610 1437 1414 1579 
1538 1295 1465 1355 1533 
1539 1312 1505 1376 1600 
1540 825 1450 1329 1484 
1541 712 1517 1300 1716 
1542 315 1329 1451 1485 
1543 1296 1488 1344 1605 
1544 1226 1446 1233 1604 
1545 600 1364 498 1445 
1546 960 1553 1305 1555 
1547 626 1358 1559 1640 
1548 858 1551 417 1557 
1549 1283 1348 1415 1426 
1550 1363 1394 1290 1430 
1551 1359 1626 1415 1711 
1552 1226 1531 1446 1604 
1553 338 1565 1304 1632 
1554 667 626 1552 1559 
1555 595 1429 703 1591 
1556 1298 932 1481 1589 
1557 1295 1354 1465 1533 
1558 1351 1491 1294 1531 
1559 1294 1490 1352 1532 
1560 1310 1550 1487 1605 
1561 1332 1466 1454 1660 
1562 1305 1553 556 1555 
1563 1287 1429 1410 1580 
1564 1323 1547 1443 1704 
1565 713 1300 1516 1716 
1566 344 1309 342 1577 
1567 1412 1527 1283 1729 
1568 1288 1496 1467 1573 
1569 1298 1441 1401 1618 
1570 1061 1425 1247 1540 
1571 1296 1344 1488 1524 
1572 894 766 502 1711 
1573 766 664 502 1711 
1574 1331 1467 1496 1573 
1575 585 1464 1330 1479 
1576 1134 1466 1332 1492 
1577 569 1333 1460 1494 
1578 1349 1294 1491 1531 
1579 1294 1350 1490 1532 
1580 1348 1487 1296 1523 
1581 1295 1355 1465 1601 
1582 1296 1488 1347 1524 
1583 1287 1410 1420 1580 
1584 1337 1518 1370 1714 
1585 1353 1295 1498 1514 
1586 464 1408 363 1735 
1587 290 1342 1432 1544 
1588 1303 1410 1429 1580 
1589 824 1329 825 1450 
1590 315 1329 316 1451 
1591 394 1122 275 1572 
1592 394 1020 1122 1572 
1593 1337 1518 1270 1571 
1594 823 825 1329 1484 
1595 315 1451 1307 1485 
1596 315 314 1329 1485 
1597 825 1306 1450 1484 
1598 464 363 1528 1735 
1599 690 1301 1460 1587 
1600 1120 1493 1331 1496 
1601 498 1364 928 1445 
1602 1006 428 1196 1419 
1603 585 1330 584 1479 
1604 1134 1301 1466 1492 
1605 1294 1352 1490 1600 
1606 569 1460 1301 1494 
1607 586 1330 585 1464 
1608 1296 1347 1488 1550 
1609 1410 1591 1353 1703 
1610 569 1333 568 1460 
1611 1134 1130 1332 1466 
1612 1197 1257 1266 1529 
1613 1306 957 1450 1583 
1614 1315 1292 1392 1526 
1615 823 825 824 1329 
1616 314 316 315 1329 
1617 1291 1417 1443 1704 
1618 1294 1367 1545 1674 
1619 584 585 586 1330 
1620 1282 1376 1505 1600 
1621 1291 1547 1318 1690 
1622 1301 1217 1466 1587 
1623 1302 699 1464 1585 
1624 1296 1487 1348 1550 
1625 352 250 1355 1519 
1626 868 1355 746 1519 
1627 917 1358 1457 1620 
1628 1120 1116 1331 1493 
1629 1134 1332 1142 1492 
1630 570 1333 569 1494 
1631 1319 1546 1291 1689 
1632 290 288 1342 1542 
1633 1143 1120 1331 1496 
1634 1040 520 1163 1388 
1635 520 640 1163 1388 
1636 585 1302 1464 1479 
1637 1222 1302 1496 1585 
1638 1295 1465 1354 1548 
1639 308 310 309 1336 
1640 1143 1120 1116 1331 
1641 1142 1134 1130 1332 
1642 570 568 569 1333 
1643 456 349 1362 1602 
1644 820 816 818 1336 
1645 1307 439 1485 1581 
1646 1336 1456 1462 1568 
1647 810 874 1330 1480 
1648 1292 1373 1444 1506 
1649 1295 1353 1498 1548 
1650 1349 1633 1411 1698 
1651 1063 1326 1062 1425 
1652 385 1409 1096 1652 
1653 279 1025 399 1382 
1654 1025 279 1135 1382 
1655 1312 1376 1507 1600 
1656 1295 1365 1598 1724 
1657 812 1304 1458 1565 
1658 464 1528 1327 1735 
1659 400 1026 1076 1383 
1660 1372 1380 1608 1641 
1661 928 498 661 1364 
1662 783 1342 785 1430 
1663 497 660 927 1365 
1664 1305 938 1456 1553 
1665 1357 1421 1279 1442 
1666 1294 1490 1350 1545 
1667 858 255 417 1551 
1668 858 751 255 1551 
1669 1347 1409 1438 1594 
1670 1303 1420 1410 1580 
1671 927 1365 660 1445 
1672 1348 1593 1415 1701 
1673 1294 1491 1351 1600 
1674 1294 1349 1491 1545 
1675 1362 1549 1029 1567 
1676 1279 1515 1357 1556 
1677 885 1384 488 1663 
1678 1120 1302 1493 1496 
1679 1344 1279 1421 1442 
1680 1285 1454 1466 1660 
1681 1424 1546 1328 1689 
1682 1266 1257 1278 1529 
1683 960 1305 1452 1555 
1684 337 1467 1331 1477 
1685 1284 1476 1494 1576 
1686 649 487 884 1389 
1687 1198 1253 1370 1628 
1688 415 851 749 1376 
1689 415 749 253 1376 
1690 1292 1392 1457 1630 
1691 800 493 741 1566 
1692 858 1360 859 1551 
1693 417 370 1360 1551 
1694 874 807 810 1330 
1695 1280 1350 1364 1435 
1696 858 1360 1551 1557 
1697 417 1551 1360 1557 
1698 885 488 651 1663 
1699 651 761 885 1663 
1700 1322 1547 1424 1690 
1701 1293 1413 1325 1525 
1702 1322 1424 578 1690 
1703 1092 1438 1409 1594 
1704 769 667 505 1552 
1705 950 1622 1415 1701 
1706 1366 1428 1321 1603 
1707 1535 1536 1325 1714 
1708 1324 1423 1123 1685 
1709 1140 1423 1323 1686 
1710 1338 1563 1418 1616 
1711 596 660 1365 1445 
1712 1351 1439 1408 1578 
1713 1348 1436 1415 1593 
1714 1419 1639 1341 1725 
1715 1281 1462 1456 1568 
1716 1039 1233 1160 1367 
1717 769 505 897 1552 
1718 328 1642 1417 1665 
1719 632 715 513 1369 
1720 1157 1209 1035 1369 
1721 1372 1489 1292 1534 
1722 1333 1494 1476 1576 
1723 1447 1523 716 1593 
1724 1206 1524 1447 1594 
1725 576 1424 1328 1689 
1726 1290 1570 1404 1733 
1727 1063 1326 1425 1709 
1728 1363 1606 1342 1692 
1729 1341 1606 1363 1692 
1730 997 989 1497 1612 
1731 884 759 649 1389 
1732 1279 1605 1407 1609 
1733 616 1415 618 1701 
1734 1414 1437 1352 1579 
1735 1326 1425 1314 1599 
1736 697 1403 1502 1636 
1737 390 1549 1362 1567 
1738 1309 1483 1391 1643 
1739 1290 1341 1404 1570 
1740 852 853 1376 1588 
1741 1220 1246 1321 1726 
1742 1288 1391 1483 1643 
1743 962 1511 1400 1635 
1744 1076 281 400 1383 
1745 1417 1642 1316 1665 
1746 1291 1318 1416 1690 
1747 771 720 507 1394 
1748 1295 1548 1498 1601 
1749 1319 1291 1416 1689 
1750 1415 1436 616 1593 
1751 1334 1469 1238 1470 
1752 608 1414 610 1699 
1753 334 1400 1503 1635 
1754 697 1502 696 1636 
1755 655 493 800 1566 
1756 334 1503 332 1635 
1757 1279 1574 1321 1640 
1758 1294 1545 1491 1600 
1759 1318 1291 1416 1686 
1760 1291 1319 1416 1685 
1761 798 1481 1339 1499 
1762 1020 1140 1122 1572 
1763 1446 1604 1294 1674 
1764 1309 1391 1473 1643 
1765 1282 1507 1376 1600 
1766 859 1360 858 1557 
1767 370 417 1360 1557 
1768 1182 1421 1584 1706 
1769 1280 1478 1411 1601 
1770 1292 1444 1392 1506 
1771 830 1396 1508 1642 
1772 1296 1447 1369 1593 
1773 1369 1447 1296 1594 
1774 830 1508 878 1642 
1775 962 958 1511 1635 
1776 285 1542 290 1544 
1777 1299 1180 1472 1562 
1778 410 247 926 1391 
1779 1288 1473 1391 1643 
1780 545 1392 1444 1506 
1781 1280 1367 1501 1545 
1782 1064 1062 1063 1599 
1783 1061 1082 1374 1540 
1784 1078 1299 1449 1561 
1785 447 331 1323 1704 
1786 1290 1404 1530 1733 
1787 1363 1497 1342 1606 
1788 324 1512 1396 1642 
1789 954 1622 950 1701 
1790 1409 1615 1176 1652 
1791 1356 1367 1280 1478 
1792 928 661 763 1364 
1793 440 1307 1451 1659 
1794 564 1306 1463 1583 
1795 917 1457 1358 1552 
1796 286 990 1419 1664 
1797 288 1432 1342 1623 
1798 497 927 745 1365 
1799 320 1308 1454 1582 
1800 1286 1480 1477 1657 
1801 1308 901 1455 1582 
1802 324 326 1512 1642 
1803 1226 1104 1531 1604 
1804 1182 1421 1087 1584 
1805 1498 1548 1313 1601 
1806 260 428 1006 1419 
1807 1286 1400 1477 1480 
1808 343 454 1345 1431 
1809 1290 1570 1363 1692 
1810 1491 1545 1312 1600 
1811 370 1488 371 1596 
1812 1371 1526 1292 1534 
1813 1211 1510 1403 1636 
1814 1402 1509 1235 1637 
1815 1299 436 1461 1561 
1816 1332 1454 321 1475 
1817 832 1455 1333 1476 
1818 437 1299 1462 1562 
1819 884 1389 487 1555 
1820 1136 1307 1469 1581 
1821 1280 1364 1350 1501 
1822 1376 1588 853 1611 
1823 471 1311 1486 1597 
1824 981 1337 1536 1613 
1825 600 1364 1445 1590 
1826 715 1447 716 1593 
1827 1209 1206 1447 1594 
1828 1292 1357 1427 1489 
1829 459 1411 1434 1633 
1830 1199 1373 510 1560 
1831 1371 1427 1357 1489 
1832 692 1513 1402 1637 
1833 1306 935 1583 1663 
1834 1211 1223 1510 1636 
1835 1225 1235 1509 1637 
1836 1307 440 1581 1659 
1837 600 661 498 1364 
1838 1497 1542 1342 1664 
1839 660 497 596 1365 
1840 1295 1548 1365 1591 
1841 1304 965 1480 1632 
1842 1246 1427 1321 1726 
1843 331 448 447 1323 
1844 1292 1427 1371 1489 
1845 447 1323 1443 1704 
1846 1305 556 1448 1555 
1847 514 1158 1516 1517 
1848 1292 1457 1372 1630 
1849 1411 1604 1349 1698 
1850 693 1513 692 1637 
1851 1310 1407 1515 1605 
1852 851 1376 415 1586 
1853 1280 1349 1411 1478 
1854 1007 1540 1247 1624 
1855 1301 1232 1587 1695 
1856 691 1301 1587 1695 
1857 1302 698 1585 1696 
1858 1210 1302 1585 1696 
1859 785 1542 779 1544 
1860 1290 1341 1570 1692 
1861 562 1306 1583 1663 
1862 999 998 1341 1612 
1863 1290 1394 1363 1733 
1864 1349 1280 1411 1434 
1865 1290 1363 1570 1733 
1866 1475 1476 1284 1576 
1867 1294 1545 1367 1604 
1868 1279 1358 1574 1640 
1869 787 1430 1394 1734 
1870 747 1361 846 1564 
1871 356 1361 251 1564 
1872 1179 1307 1581 1659 
1873 1477 1480 1304 1657 
1874 520 1388 1040 1554 
1875 1284 1475 1396 1476 
1876 558 1305 1471 1553 
1877 684 1335 557 1448 
1878 390 1362 456 1567 
1879 1279 1515 1407 1605 
1880 1292 1321 1427 1574 
1881 1369 1550 1296 1593 
1882 1238 1200 1334 1470 
1883 1291 1443 1323 1547 
1884 542 1394 720 1541 
1885 1307 1179 1470 1659 
1886 1304 338 1467 1565 
1887 1444 1552 724 1640 
1888 796 1298 1499 1710 
1889 1298 796 1589 1710 
1890 1029 1181 1362 1567 
1891 605 604 1501 1532 
1892 935 1306 1484 1663 
1893 1279 1344 1421 1515 
1894 563 1334 1463 1468 
1895 1293 1525 1325 1714 
1896 399 1382 1025 1562 
1897 545 1444 1373 1506 
1898 974 1541 1394 1610 
1899 698 1302 1479 1696 
1900 1080 1335 1234 1449 
1901 451 1331 337 1467 
1902 1386 1467 1288 1496 
1903 1283 1550 1369 1593 
1904 1311 1486 1383 1631 
1905 1279 1321 1428 1640 
1906 622 1343 1428 1712 
1907 1371 1292 1489 1534 
1908 829 1582 1308 1707 
1909 322 1308 1582 1707 
1910 400 1026 1383 1561 
1911 1540 1624 477 1641 
1912 1279 1428 1358 1640 
1913 425 1357 1489 1607 
1914 447 394 275 1572 
1915 1364 1601 1435 1614 
1916 1356 1280 1501 1590 
1917 1232 1301 1492 1695 
1918 1302 1210 1493 1696 
1919 1289 1383 1486 1631 
1920 1301 691 1494 1695 
1921 1367 1604 1446 1674 
1922 471 1311 302 1486 
1923 1410 1420 1212 1621 
1924 1170 1238 1334 1469 
1925 756 410 926 1391 
1926 331 448 1323 1503 
1927 1203 1335 1080 1472 
1928 1353 1287 1410 1621 
1929 1417 1635 1317 1688 
1930 966 1445 1364 1614 
1931 605 1532 1501 1674 
1932 655 578 493 1566 
1933 1308 1454 1375 1660 
1934 771 1394 974 1541 
1935 1293 1401 1499 1563 
1936 1344 1279 1442 1584 
1937 1293 1500 1413 1525 
1938 1096 1409 1176 1652 
1939 1354 1287 1406 1598 
1940 1328 1424 1291 1546 
1941 557 1335 685 1471 
1942 1261 1262 1277 1518 
1943 1280 1435 1364 1601 
1944 417 255 370 1551 
1945 858 859 751 1551 
1946 1284 1494 1402 1576 
1947 1304 1477 1400 1480 
1948 488 1384 885 1553 
1949 1310 1407 1605 1609 
1950 1311 1383 1495 1631 
1951 1167 1044 524 1402 
1952 1167 524 644 1402 
1953 1042 641 522 1403 
1954 1164 641 1042 1403 
1955 1149 1181 1498 1621 
1956 1306 562 1468 1663 
1957 940 798 1339 1499 
1958 1008 1371 262 1624 
1959 1298 1499 1401 1563 
1960 1295 1445 1364 1590 
1961 1149 1181 1147 1498 
1962 251 747 850 1564 
1963 251 850 414 1564 
1964 1311 302 1486 1500 
1965 1285 1375 1454 1660 
1966 622 1428 1559 1712 
1967 1287 1354 1406 1602 
1968 1358 1444 1392 1457 
1969 1212 1410 1113 1420 
1970 1200 1170 1238 1334 
1971 1344 1584 1421 1706 
1972 336 1304 1477 1632 
1973 1358 1292 1444 1457 
1974 1291 1424 1322 1547 
1975 393 1019 274 1397 
1976 1019 1121 274 1397 
1977 276 1128 396 1398 
1978 1022 396 1128 1398 
1979 787 1394 971 1734 
1980 800 741 801 1566 
1981 1359 1414 612 1437 
1982 1296 1550 1369 1594 
1983 1313 1411 1478 1601 
1984 1308 1375 1455 1660 
1985 1246 1321 1427 1560 
1986 1100 1098 1439 1578 
1987 1150 1029 270 1567 
1988 1029 390 270 1567 
1989 1365 1548 1287 1591 
1990 614 1415 1359 1436 
1991 610 609 1437 1579 
1992 331 1503 1323 1704 
1993 1350 1501 604 1532 
1994 1300 1236 1516 1615 
1995 1207 1300 1517 1615 
1996 1306 1484 1384 1667 
1997 1308 1476 1475 1576 
1998 1301 1402 1494 1576 
1999 342 1309 1483 1577 
2000 955 1635 1417 1688 
2001 1293 1325 1413 1543 
2002 1284 1402 1492 1576 
2003 742 246 880 1400 
2004 246 408 880 1400 
2005 457 349 1465 1567 
2006 1308 322 1475 1707 
2007 491 654 887 1399 
2008 1279 1407 1422 1609 
2009 829 1308 1476 1707 
2010 612 1414 1359 1711 
2011 1290 1540 1432 1625 
2012 1309 1433 1431 1580 
2013 887 739 491 1399 
2014 1321 1292 1444 1574 
2015 1342 1430 783 1734 
2016 1056 1374 1419 1639 
2017 1339 1486 302 1500 
2018 1281 1384 1484 1667 
2019 1325 1536 1535 1595 
2020 1373 1506 1292 1526 
2021 950 1426 1415 1622 
2022 1056 1639 1419 1725 
2023 1281 1484 1377 1485 
2024 981 914 1337 1613 
2025 1297 853 1588 1611 
2026 1289 1495 1383 1631 
2027 1113 1420 1410 1649 
2028 1301 1492 1402 1576 
2029 1363 1430 1290 1692 
2030 1342 1430 1363 1692 
2031 1297 1588 1376 1611 
2032 1341 1290 1404 1639 
2033 247 926 1391 1565 
2034 1409 1412 1283 1729 
2035 1431 1433 1287 1580 
2036 1347 1283 1409 1596 
2037 1300 1439 1615 1735 
2038 656 494 888 1395 
2039 888 494 776 1395 
2040 379 1374 1082 1540 
2041 1245 1371 1066 1427 
2042 1279 1556 1357 1574 
2043 837 1406 1598 1705 
2044 672 548 1401 1618 
2045 1308 1396 1475 1476 
2046 1284 1476 1399 1494 
2047 1417 328 1665 1704 
2048 510 1199 628 1373 
2049 1282 1414 1352 1505 
2050 1309 1406 1431 1433 
2051 1341 1570 1363 1612 
2052 1285 1381 1463 1575 
2053 1321 1560 682 1640 
2054 1379 1481 1289 1486 
2055 922 980 1325 1543 
2056 1293 1337 1401 1718 
2057 1285 1470 1385 1575 
2058 718 1428 1603 1640 
2059 1357 1556 1421 1736 
2060 1427 1444 1373 1560 
2061 798 924 1339 1481 
2062 1226 1233 1104 1604 
2063 672 1401 1441 1618 
2064 1212 1420 1113 1621 
2065 305 1311 471 1597 
2066 1306 1463 1381 1575 
2067 1214 1113 1410 1649 
2068 1306 1384 1468 1667 
2069 1321 1442 1366 1603 
2070 1283 1412 1409 1596 
2071 673 723 545 1444 
2072 1307 1385 1470 1575 
2073 301 302 1339 1486 
2074 877 406 243 1396 
2075 1359 1437 612 1716 
2076 773 877 243 1396 
2077 1446 1531 1294 1604 
2078 256 1407 752 1717 
2079 1282 1351 1408 1735 
2080 1341 1290 1639 1692 
2081 370 372 371 1488 
2082 619 716 1523 1593 
2083 1285 1455 1375 1660 
2084 1206 1095 1524 1594 
2085 1369 1550 1283 1594 
2086 1292 1506 1392 1526 
2087 987 1542 1497 1664 
2088 860 1487 1551 1622 
2089 1193 1371 1245 1427 
2090 1392 1444 1292 1457 
2091 1286 1479 1395 1480 
2092 302 300 1339 1500 
2093 1285 1463 1470 1575 
2094 981 1536 1337 1543 
2095 1157 1369 513 1516 
2096 1159 515 1368 1517 
2097 1283 1348 1426 1622 
2098 321 443 1332 1475 
2099 832 1333 961 1476 
2100 321 1332 442 1454 
2101 832 936 1333 1455 
2102 1287 1548 1365 1598 
2103 1288 1388 1496 1573 
2104 1291 1546 1316 1713 
2105 1354 1295 1548 1598 
2106 1280 1350 1435 1545 
2107 762 1381 652 1645 
2108 1362 1465 1313 1548 
2109 1300 1527 1719 1735 
2110 1287 1431 1406 1433 
2111 1280 1367 1545 1604 
2112 1220 1321 1246 1560 
2113 1334 1470 1463 1575 
2114 346 1602 1406 1705 
2115 1198 1370 1529 1628 
2116 1376 1505 852 1588 
2117 1449 1568 1335 1655 
2118 860 1551 1487 1609 
2119 1421 1442 1087 1584 
2120 301 302 300 1339 
2121 1358 1422 934 1559 
2122 738 1375 242 1648 
2123 930 1340 842 1473 
2124 1345 1483 1580 1643 
2125 758 1401 530 1710 
2126 476 1489 1346 1647 
2127 937 1435 1634 1638 
2128 1294 1350 1532 1674 
2129 1302 1496 1388 1573 
2130 1300 1719 1439 1735 
2131 563 1334 688 1463 
2132 1324 1284 1509 1512 
2133 1284 1396 1316 1508 
2134 1324 1291 1546 1665 
2135 530 758 794 1401 
2136 1284 1316 1396 1512 
2137 363 1408 1507 1735 
2138 337 1331 450 1477 
2139 925 1417 1642 1713 
2140 1290 1425 1540 1625 
2141 1310 1487 1551 1609 
2142 598 1445 1514 1590 
2143 1394 1430 1363 1734 
2144 290 1342 288 1432 
2145 545 1392 544 1444 
2146 1321 1442 1220 1726 
2147 1323 1286 1503 1510 
2148 987 1004 1497 1542 
2149 1168 1390 645 1646 
2150 1368 1437 711 1579 
2151 1447 1524 1206 1584 
2152 1413 1500 424 1525 
2153 1282 1579 1368 1600 
2154 1306 1381 1450 1575 
2155 1165 523 1043 1416 
2156 1165 642 523 1416 
2157 523 643 1166 1416 
2158 1166 1043 523 1416 
2159 1340 842 1473 1732 
2160 779 473 970 1544 
2161 900 771 507 1394 
2162 1307 1451 1385 1575 
2163 687 1334 563 1468 
2164 390 456 1362 1549 
2165 1338 1311 1563 1616 
2166 928 1364 966 1445 
2167 510 628 723 1373 
2168 1285 1450 1381 1575 
2169 1340 1429 1433 1580 
2170 1082 260 1006 1374 
2171 343 1345 453 1483 
2172 949 842 1340 1732 
2173 1286 1317 1400 1511 
2174 1056 1374 1006 1419 
2175 1065 1373 1427 1599 
2176 1285 1385 1451 1575 
2177 1070 1320 1254 1569 
2178 466 1409 1596 1702 
2179 1212 1410 1621 1703 
2180 1444 1560 1321 1640 
2181 963 980 1543 1721 
2182 1443 1665 328 1704 
2183 1220 1442 1321 1603 
2184 544 1392 545 1506 
2185 949 1340 1433 1732 
2186 1316 1642 1417 1713 
2187 790 1610 1608 1630 
2188 1360 1487 1310 1550 
2189 1356 1501 1367 1629 
2190 356 354 1504 1633 
2191 1287 1420 1410 1621 
2192 1435 1545 1350 1638 
2193 356 1504 1361 1633 
2194 1365 1445 1295 1591 
2195 798 924 940 1339 
2196 1361 1490 1312 1545 
2197 1330 1573 1480 1657 
2198 1317 1286 1400 1503 
2199 1292 1427 1357 1574 
2200 1261 1535 1536 1595 
2201 1377 1456 1281 1462 
2202 622 1428 1343 1617 
2203 1410 1429 702 1730 
2204 1373 1427 1292 1444 
2205 1331 1467 1386 1496 
2206 1061 1247 1082 1540 
2207 510 1373 723 1560 
2208 1290 1326 1625 1722 
2209 328 329 1443 1704 
2210 718 625 1428 1640 
2211 1287 1420 1362 1431 
2212 1220 1321 1560 1603 
2213 1293 1401 1337 1543 
2214 1281 1468 1384 1667 
2215 968 1365 745 1724 
2216 846 1504 845 1638 
2217 1291 1440 1546 1713 
2218 328 1443 329 1665 
2219 846 1361 1504 1638 
2220 1291 1416 1424 1690 
2221 1203 1234 1080 1335 
2222 1336 1461 1299 1462 
2223 1393 1448 1289 1449 
2224 244 740 1417 1642 
2225 1352 1579 1282 1600 
2226 1318 1286 1403 1502 
2227 1345 1431 1309 1483 
2228 1291 1424 1416 1689 
2229 476 1346 257 1647 
2230 1316 1546 1291 1665 
2231 1302 1388 1464 1573 
2232 1183 1206 1524 1584 
2233 1286 1318 1403 1510 
2234 1319 1284 1402 1509 
2235 593 702 1410 1429 
2236 1357 1427 1321 1574 
2237 1284 1319 1402 1513 
2238 934 769 897 1552 
2239 1291 1423 1416 1686 
2240 1291 1416 1423 1685 
2241 981 1337 914 1543 
2242 941 957 1381 1450 
2243 1337 1370 1571 1718 
2244 441 1385 440 1451 
2245 260 1082 379 1374 
2246 1165 642 1416 1636 
2247 643 1166 1416 1637 
2248 457 456 349 1567 
2249 1346 1620 973 1647 
2250 1421 1515 470 1556 
2251 837 1598 840 1705 
2252 685 686 1471 1661 
2253 1082 1244 1061 1374 
2254 1387 1471 686 1661 
2255 1365 1445 927 1724 
2256 549 1482 1589 1618 
2257 1356 1590 1501 1629 
2258 1410 1420 1303 1649 
2259 834 244 740 1417 
2260 774 245 407 1417 
2261 1314 1624 1540 1641 
2262 1335 1568 1448 1655 
2263 1279 1366 1584 1605 
2264 1288 1464 1388 1573 
2265 1341 1453 1570 1612 
2266 1282 1578 1351 1600 
2267 860 1551 859 1622 
2268 1253 1370 1628 1715 
2269 1296 1584 1366 1605 
2270 1286 1510 1323 1547 
2271 1324 1509 1284 1546 
2272 614 1436 1359 1716 
2273 449 1503 1397 1669 
2274 1398 1512 444 1670 
2275 596 1445 1365 1591 
2276 860 1592 1551 1609 
2277 1374 1432 1290 1540 
2278 1284 1512 1324 1546 
2279 1484 1575 1329 1667 
2280 1323 1503 1286 1547 
2281 1237 1338 1192 1495 
2282 1152 1498 1356 1537 
2283 1084 1314 1247 1599 
2284 755 1380 259 1608 
2285 449 448 1503 1669 
2286 463 1507 1408 1700 
2287 1399 1513 574 1675 
2288 1417 1665 1443 1704 
2289 445 444 1512 1670 
2290 1280 1349 1478 1604 
2291 1124 1509 1398 1670 
2292 1397 1510 1139 1669 
2293 1408 1439 1282 1735 
2294 574 1399 572 1513 
2295 1124 1141 1398 1509 
2296 1346 1489 298 1556 
2297 1117 1139 1397 1510 
2298 720 542 507 1394 
2299 1283 1348 1550 1593 
2300 337 451 450 1331 
2301 936 961 832 1333 
2302 321 443 442 1332 
2303 1284 1513 1508 1546 
2304 804 1440 1417 1713 
2305 452 451 1467 1672 
2306 1247 1314 1084 1624 
2307 1345 1580 1459 1643 
2308 452 1467 1386 1672 
2309 1417 1440 804 1688 
2310 689 1390 690 1460 
2311 582 1502 1395 1666 
2312 951 1422 1343 1712 
2313 1327 1615 1409 1652 
2314 1321 1444 1427 1560 
2315 580 1502 582 1666 
2316 1286 1511 1502 1547 
2317 1367 1294 1604 1674 
2318 462 1507 463 1700 
2319 842 930 949 1340 
2320 563 687 688 1334 
2321 951 1343 1422 1609 
2322 1282 1437 1368 1579 
2323 1282 1507 1351 1735 
2324 801 1440 1322 1688 
2325 673 1560 1444 1640 
2326 1395 1511 875 1666 
2327 260 1374 287 1419 
2328 1093 1438 1092 1594 
2329 941 1450 1381 1455 
2330 1279 1422 1605 1609 
2331 779 1542 285 1544 
2332 441 1385 1451 1454 
2333 598 600 1445 1590 
2334 617 616 1436 1593 
2335 1181 1549 1362 1621 
2336 1343 1559 1428 1712 
2337 868 1355 1435 1504 
2338 714 1436 1369 1593 
2339 1322 1291 1547 1688 
2340 1139 1117 1397 1669 
2341 1141 1124 1398 1670 
2342 1290 1425 1374 1540 
2343 609 711 1437 1579 
2344 939 945 1505 1699 
2345 446 1324 445 1665 
2346 305 302 1311 1500 
2347 574 572 1399 1675 
2348 1341 1419 1374 1639 
2349 802 875 1511 1666 
2350 684 685 557 1335 
2351 1279 1422 1358 1428 
2352 1414 1505 945 1699 
2353 1245 1371 1008 1624 
2354 1181 1186 1549 1621 
2355 1343 1487 951 1538 
2356 1386 1459 1288 1483 
2357 469 1488 1344 1539 
2358 1294 1368 1579 1600 
2359 834 407 244 1417 
2360 588 590 1378 1474 
2361 1219 1439 1368 1578 
2362 262 1371 475 1624 
2363 1286 1403 1479 1657 
2364 1261 1262 1518 1535 
2365 598 1514 1445 1591 
2366 1317 1547 1291 1688 
2367 578 1322 580 1666 
2368 1332 1454 1576 1660 
2369 1390 1460 689 1463 
2370 948 1508 1399 1675 
2371 1290 1530 1326 1722 
2372 1123 1324 1124 1670 
2373 1140 1139 1323 1669 
2374 1378 1474 590 1668 
2375 348 1602 346 1705 
2376 447 1323 448 1669 
2377 445 1324 446 1670 
2378 683 1393 1448 1482 
2379 1415 1622 1348 1701 
2380 403 1662 822 1673 
2381 1283 1550 1348 1622 
2382 1203 1171 1387 1472 
2383 1295 1354 1533 1598 
2384 1315 1392 1506 1526 
2385 700 699 1388 1464 
2386 747 846 850 1564 
2387 356 251 414 1564 
2388 1218 1217 1390 1466 
2389 774 245 1417 1635 
2390 1254 1529 1320 1628 
2391 1295 1590 1364 1601 
2392 425 475 1371 1489 
2393 667 626 505 1552 
2394 1279 1584 1344 1605 
2395 1336 1456 1377 1462 
2396 1164 641 1403 1696 
2397 1167 1402 644 1695 
2398 1342 1497 783 1542 
2399 725 541 1326 1530 
2400 774 407 834 1417 
2401 588 1378 590 1668 
2402 1203 1472 1387 1661 
2403 574 1328 576 1675 
2404 352 1434 1355 1504 
2405 1364 1445 1295 1614 
2406 1438 1516 1236 1615 
2407 947 1490 1350 1520 
2408 939 1352 1490 1520 
2409 462 1491 1351 1521 
2410 647 1172 1650 1661 
2411 1207 1517 1439 1615 
2412 1368 1439 1282 1578 
2413 1370 1628 1293 1714 
2414 1525 1535 1320 1569 
2415 1296 1523 1447 1593 
2416 794 530 1401 1627 
2417 1447 1524 1296 1594 
2418 476 298 1346 1489 
2419 1301 1390 1466 1660 
2420 1279 1422 1407 1574 
2421 467 1488 1347 1596 
2422 287 1419 1374 1623 
2423 1218 1466 1390 1470 
2424 1347 1488 467 1539 
2425 1213 1353 1498 1537 
2426 278 1644 1154 1659 
2427 889 1654 658 1668 
2428 1295 1601 1364 1614 
2429 846 1361 747 1504 
2430 356 251 1361 1504 
2431 1292 1457 1358 1574 
2432 624 1559 1428 1640 
2433 440 1451 1385 1659 
2434 933 1566 1328 1675 
2435 1351 1507 1408 1735 
2436 814 1658 401 1671 
2437 1204 1449 1393 1495 
2438 466 1596 467 1702 
2439 1329 1575 1485 1667 
2440 1203 1387 1171 1661 
2441 1328 1508 1513 1546 
2442 1285 1466 1390 1660 
2443 1330 1479 1573 1657 
2444 320 318 1375 1454 
2445 1282 1368 1578 1600 
2446 1185 1478 1411 1604 
2447 911 901 1375 1455 
2448 1267 1270 1571 1613 
2449 1237 1205 1192 1338 
2450 1307 1382 1485 1667 
2451 1322 1440 1291 1688 
2452 1123 1423 1324 1572 
2453 1123 1572 1324 1670 
2454 1407 1574 1422 1620 
2455 1289 1461 1449 1655 
2456 1312 1491 1361 1545 
2457 541 1506 1326 1722 
2458 1310 1488 1360 1550 
2459 1281 1485 1382 1667 
2460 1297 1528 1376 1719 
2461 1381 1450 957 1583 
2462 1322 1502 1511 1547 
2463 1302 1479 1403 1657 
2464 302 471 305 1311 
2465 1029 1150 1181 1567 
2466 956 1328 933 1713 
2467 1228 1554 1649 1708 
2468 343 454 453 1345 
2469 1398 1509 1284 1512 
2470 1428 1559 1358 1640 
2471 700 1464 1388 1474 
2472 1353 1287 1548 1591 
2473 1315 1541 899 1610 
2474 1335 1448 1393 1449 
2475 1311 1405 1500 1563 
2476 1435 1601 1355 1614 
2477 1332 1576 1466 1660 
2478 1324 1572 446 1670 
2479 802 1322 801 1666 
2480 1279 1428 1366 1605 
2481 377 470 1515 1556 
2482 801 1322 802 1688 
2483 1399 1508 1284 1513 
2484 939 1352 1520 1699 
2485 462 1521 1351 1700 
2486 439 1382 438 1485 
2487 1029 1362 1181 1549 
2488 240 736 822 1662 
2489 403 240 822 1662 
2490 1395 1502 1286 1511 
2491 548 549 1589 1618 
2492 1270 1518 1337 1536 
2493 1313 1498 1362 1548 
2494 941 826 1450 1455 
2495 935 946 1384 1484 
2496 1049 1653 529 1683 
2497 441 1451 317 1454 
2498 352 1355 1465 1519 
2499 749 253 1376 1611 
2500 348 1465 1354 1519 
2501 998 1606 1341 1725 
2502 673 682 1560 1640 
2503 1355 1519 868 1533 
2504 1434 1504 354 1633 
2505 1296 1447 1366 1584 
2506 1326 1599 1373 1678 
2507 1326 1404 1290 1425 
2508 990 284 982 1664 
2509 1131 1179 1385 1470 
2510 1456 1471 1281 1568 
2511 1280 1590 1356 1601 
2512 683 1448 552 1482 
2513 1328 1424 576 1566 
2514 434 1421 1556 1736 
2515 1356 1498 1152 1720 
2516 1287 1431 1362 1602 
2517 689 1460 567 1463 
2518 564 566 1381 1463 
2519 1295 1445 1365 1724 
2520 684 1448 683 1653 
2521 974 899 1541 1610 
2522 1387 1468 686 1471 
2523 1344 1488 469 1728 
2524 948 956 1508 1675 
2525 1018 1672 392 1677 
2526 1291 1440 1328 1546 
2527 1229 1459 1388 1496 
2528 770 679 898 1392 
2529 1294 1578 1368 1600 
2530 1335 1448 1305 1471 
2531 1397 1503 1286 1510 
2532 434 1421 470 1556 
2533 933 1328 956 1675 
2534 527 647 1172 1650 
2535 626 724 1552 1640 
2536 1366 1605 1428 1617 
2537 1314 1526 1534 1625 
2538 1370 1518 1337 1571 
2539 1277 1518 1270 1536 
2540 1290 1625 1394 1722 
2541 1328 1566 576 1675 
2542 1173 648 1049 1653 
2543 889 495 658 1654 
2544 1213 1353 1537 1703 
2545 348 1519 1354 1705 
2546 1366 1296 1605 1617 
2547 690 1460 1390 1587 
2548 1324 1443 1291 1665 
2549 814 239 401 1658 
2550 1281 1472 1462 1568 
2551 1288 1467 1458 1573 
2552 1328 1546 1440 1713 
2553 1320 1518 1260 1535 
2554 1287 1433 1406 1598 
2555 1342 783 1497 1734 
2556 1401 1618 548 1710 
2557 1192 1495 1338 1616 
2558 1293 1500 1405 1563 
2559 1340 1433 1309 1580 
2560 1349 1280 1434 1545 
2561 683 1448 1393 1653 
2562 1376 1719 1528 1735 
2563 366 1528 1412 1729 
2564 1212 1621 1213 1703 
2565 266 385 1096 1652 
2566 1096 1012 266 1652 
2567 1229 1388 1222 1496 
2568 1280 1364 1590 1601 
2569 845 1504 1435 1638 
2570 1228 1649 1214 1708 
2571 1309 1340 1580 1643 
2572 1369 1438 1227 1594 
2573 1177 1439 1408 1615 
2574 1219 1100 1439 1578 
2575 1525 1569 1320 1619 
2576 1075 1597 1495 1616 
2577 709 1532 1446 1579 
2578 1446 1531 1226 1578 
2579 946 1456 1384 1484 
2580 1205 1192 1338 1616 
2581 1409 1438 1176 1615 
2582 1054 1198 1253 1370 
2583 1390 1466 1217 1587 
2584 1044 524 1402 1637 
2585 1351 1491 462 1727 
2586 470 469 1515 1706 
2587 522 1042 1403 1636 
2588 629 725 541 1326 
2589 1204 1081 1449 1495 
2590 967 1391 1458 1473 
2591 1449 1461 1299 1655 
2592 470 1515 1421 1706 
2593 434 1556 1357 1736 
2594 1347 1283 1550 1594 
2595 925 804 1417 1713 
2596 605 604 603 1501 
2597 939 1490 1352 1723 
2598 1136 1191 1382 1469 
2599 560 562 1384 1468 
2600 1432 1625 1540 1641 
2601 1326 1290 1404 1530 
2602 286 284 990 1664 
2603 320 1454 1375 1582 
2604 1375 1455 901 1582 
2605 358 1564 1491 1633 
2606 868 1435 1355 1614 
2607 724 1444 544 1552 
2608 595 703 704 1591 
2609 1388 1464 699 1585 
2610 519 1161 638 1410 
2611 438 1382 1462 1485 
2612 1283 1426 1550 1622 
2613 435 1461 1383 1486 
2614 328 244 1417 1642 
2615 592 496 1340 1558 
2616 1348 1415 1426 1622 
2617 935 1484 1384 1663 
2618 1017 1161 519 1410 
2619 548 1618 1589 1710 
2620 1377 1484 1329 1485 
2621 902 1297 1426 1656 
2622 917 1358 934 1552 
2623 476 296 1489 1647 
2624 1049 648 529 1653 
2625 344 1406 346 1431 
2626 1358 1444 1292 1574 
2627 1360 1550 1426 1622 
2628 457 1567 1465 1651 
2629 1324 446 1572 1665 
2630 1098 1408 1177 1439 
2631 1281 1456 1384 1471 
2632 1218 1132 1466 1470 
2633 1287 1406 1431 1602 
2634 964 1389 1452 1481 
2635 1289 1383 1449 1461 
2636 955 1417 804 1688 
2637 980 1325 1543 1721 
2638 1315 1610 899 1630 
2639 1176 1409 1092 1438 
2640 342 340 1391 1483 
2641 1281 1382 1462 1472 
2642 1347 1539 467 1702 
2643 702 1429 593 1730 
2644 754 1372 258 1647 
2645 917 1392 972 1457 
2646 700 587 1464 1474 
2647 951 1487 1343 1609 
2648 808 1473 1378 1668 
2649 452 1386 1467 1483 
2650 1393 1449 1204 1653 
2651 815 1452 816 1658 
2652 1350 1520 604 1634 
2653 815 1379 1452 1658 
2654 931 1391 967 1473 
2655 1283 1426 1360 1550 
2656 546 1444 724 1640 
2657 1288 1459 1388 1474 
2658 1355 1434 352 1651 
2659 1287 1429 1365 1591 
2660 902 1426 1557 1656 
2661 684 1335 1448 1653 
2662 1278 1260 1320 1518 
2663 916 820 1456 1662 
2664 1234 1204 1449 1653 
2665 297 1371 475 1489 
2666 1399 1476 1333 1494 
2667 1427 1526 1371 1599 
2668 527 1172 1047 1650 
2669 1288 1391 1458 1467 
2670 262 1371 1008 1607 
2671 564 1463 1381 1583 
2672 814 735 239 1658 
2673 1363 1430 1342 1734 
2674 256 752 1407 1592 
2675 793 973 1620 1647 
2676 916 1456 1377 1662 
2677 474 1432 1374 1540 
2678 1385 1470 1179 1659 
2679 910 1490 1564 1638 
2680 434 470 377 1556 
2681 1429 1580 1340 1730 
2682 937 847 1435 1638 
2683 743 495 889 1654 
2684 1382 1485 439 1581 
2685 1459 1474 1288 1643 
2686 390 456 270 1567 
2687 245 330 1417 1635 
2688 683 1393 1482 1683 
2689 714 617 1436 1593 
2690 1084 1314 1599 1624 
2691 1551 1592 1310 1609 
2692 308 1461 306 1658 
2693 946 1384 1456 1553 
2694 1350 1490 947 1638 
2695 1321 1444 1358 1574 
2696 686 1468 561 1471 
2697 444 1398 443 1475 
2698 1293 1413 1500 1563 
2699 1357 1489 1292 1574 
2700 1292 1371 1427 1526 
2701 306 1461 1379 1658 
2702 392 272 1153 1677 
2703 1153 1018 392 1677 
2704 1295 1598 1533 1724 
2705 1369 1436 1283 1593 
2706 931 1391 1473 1577 
2707 408 880 1400 1635 
2708 1188 1459 1229 1496 
2709 1077 1449 1383 1561 
2710 1293 1499 1413 1563 
2711 1417 1635 330 1704 
2712 1204 1495 1393 1683 
2713 305 1500 1311 1687 
2714 933 1328 1566 1713 
2715 1388 1459 1229 1554 
2716 312 1462 310 1662 
2717 948 961 1399 1476 
2718 1237 1495 1204 1683 
2719 738 242 404 1648 
2720 404 876 738 1648 
2721 1379 1486 306 1671 
2722 1152 1478 1356 1720 
2723 807 808 1458 1654 
2724 592 1340 496 1668 
2725 1289 1481 1389 1631 
2726 1220 1560 1033 1603 
2727 1403 1479 697 1502 
2728 312 1377 1462 1662 
2729 1111 1459 1138 1677 
2730 908 762 652 1645 
2731 652 490 908 1645 
2732 852 854 853 1588 
2733 438 1462 1382 1562 
2734 301 306 1486 1671 
2735 449 450 1397 1477 
2736 1378 1458 808 1654 
2737 451 1331 1467 1672 
2738 723 545 1373 1506 
2739 278 397 1154 1644 
2740 1023 1154 397 1644 
2741 380 1008 262 1624 
2742 1368 1446 1294 1579 
2743 1294 1446 1368 1578 
2744 1356 1514 706 1537 
2745 962 1480 1400 1511 
2746 707 1367 1501 1629 
2747 815 1481 1379 1671 
2748 1138 1459 1386 1677 
2749 1214 1649 1410 1708 
2750 1383 1461 435 1561 
2751 1307 1469 1382 1667 
2752 441 440 317 1451 
2753 1285 1454 1385 1466 
2754 863 1426 950 1622 
2755 941 826 957 1450 
2756 1097 1013 386 1408 
2757 267 386 1013 1408 
2758 964 932 1389 1481 
2759 1302 1403 1493 1657 
2760 1580 1643 1340 1730 
2761 1193 1245 1066 1427 
2762 459 1434 355 1633 
2763 1293 1628 1405 1714 
2764 363 1507 1528 1735 
2765 1486 1563 1339 1631 
2766 541 1326 1530 1722 
2767 464 365 1327 1528 
2768 640 1163 1388 1585 
2769 385 1011 1096 1409 
2770 385 265 1011 1409 
2771 1322 1318 1547 1690 
2772 685 1471 1335 1661 
2773 596 598 1445 1591 
2774 305 1311 1597 1687 
2775 547 758 530 1710 
2776 469 1539 1344 1706 
2777 1121 274 1397 1669 
2778 276 1128 1398 1670 
2779 1138 1386 1496 1672 
2780 636 516 708 1674 
2781 941 912 826 1455 
2782 916 1377 1484 1673 
2783 467 371 1488 1596 
2784 1375 1450 911 1455 
2785 1319 1328 1546 1689 
2786 425 434 478 1357 
2787 937 1435 1364 1634 
2788 1305 1471 1456 1568 
2789 318 1451 1375 1454 
2790 1075 1383 1077 1495 
2791 567 689 690 1460 
2792 259 1380 755 1544 
2793 1138 1496 1143 1672 
2794 672 1441 551 1618 
2795 441 317 319 1454 
2796 1136 1469 1382 1581 
2797 1318 696 1502 1636 
2798 312 1485 1377 1673 
2799 946 1456 938 1553 
2800 601 1590 706 1629 
2801 1213 1498 1353 1621 
2802 860 871 1592 1609 
2803 243 773 1396 1707 
2804 559 686 561 1471 
2805 1395 1479 1330 1480 
2806 484 1525 1325 1721 
2807 916 1484 823 1673 
2808 257 1647 1346 1717 
2809 1336 1658 310 1662 
2810 1171 1469 1387 1472 
2811 1222 1496 1388 1585 
2812 1384 1468 562 1663 
2813 1283 1438 1369 1594 
2814 314 1485 312 1673 
2815 1298 1589 1482 1618 
2816 310 1336 308 1658 
2817 771 900 974 1394 
2818 1228 1229 1459 1554 
2819 1287 1433 1429 1580 
2820 1220 1248 1246 1726 
2821 1204 1081 1079 1449 
2822 946 827 1456 1484 
2823 366 365 1528 1729 
2824 951 1559 1422 1712 
2825 987 1497 1004 1606 
2826 633 1036 513 1516 
2827 1036 1157 513 1516 
2828 634 1159 1037 1517 
2829 1159 634 515 1517 
2830 718 1428 1366 1603 
2831 1298 1389 1481 1631 
2832 808 930 1473 1668 
2833 1339 1481 1379 1486 
2834 342 1483 1391 1577 
2835 1135 1382 279 1581 
2836 1420 1580 1303 1649 
2837 440 1385 441 1659 
2838 257 1346 476 1717 
2839 554 1448 1389 1482 
2840 1315 899 1541 1630 
2841 290 285 288 1542 
2842 438 437 1462 1562 
2843 484 424 483 1525 
2844 654 887 1399 1675 
2845 1063 1425 1060 1709 
2846 566 1460 1381 1463 
2847 816 1658 1336 1662 
2848 967 1458 811 1473 
2849 595 593 703 1429 
2850 1078 1449 1077 1561 
2851 816 1336 820 1662 
2852 652 1381 762 1583 
2853 1168 645 526 1646 
2854 565 689 567 1463 
2855 554 1389 549 1482 
2856 934 1422 1358 1620 
2857 1108 269 388 1411 
2858 1108 1015 269 1411 
2859 1285 1463 1390 1470 
2860 1458 1467 1304 1573 
2861 610 612 1414 1437 
2862 1191 1382 1469 1472 
2863 436 435 1461 1561 
2864 951 1343 1538 1712 
2865 1385 1466 1131 1470 
2866 1215 1366 1447 1584 
2867 497 1365 745 1558 
2868 1318 1502 696 1690 
2869 1336 816 1452 1658 
2870 707 601 706 1629 
2871 1301 1460 1390 1660 
2872 614 616 1415 1436 
2873 962 965 1400 1480 
2874 682 1560 1321 1603 
2875 1320 1569 1070 1619 
2876 698 697 1403 1479 
2877 462 1507 1351 1727 
2878 808 1458 1378 1473 
2879 877 406 1396 1642 
2880 1299 1449 1335 1472 
2881 1203 1335 1472 1661 
2882 1352 1505 939 1723 
2883 935 1384 946 1663 
2884 1295 1514 1445 1590 
2885 757 249 411 1406 
2886 1202 1498 1152 1537 
2887 298 378 476 1346 
2888 1223 1318 1510 1636 
2889 1225 1509 1319 1637 
2890 249 757 843 1406 
2891 1278 1518 1320 1529 
2892 1290 1610 1394 1625 
2893 1321 1292 1427 1444 
2894 963 1543 1413 1721 
2895 438 1462 313 1485 
2896 435 304 1461 1486 
2897 1235 1402 1492 1509 
2898 1211 1493 1403 1510 
2899 1366 1442 1279 1584 
2900 1198 1529 1254 1628 
2901 645 1390 1168 1587 
2902 605 1501 603 1674 
2903 1399 1476 961 1681 
2904 1462 1472 1299 1568 
2905 903 859 1557 1622 
2906 1345 1459 1386 1483 
2907 452 1467 339 1483 
2908 1297 1527 1412 1528 
2909 1383 1449 1077 1495 
2910 693 1319 1513 1637 
2911 1012 1096 1176 1652 
2912 1354 1465 348 1602 
2913 1286 1493 1403 1657 
2914 1319 1509 1225 1685 
2915 1223 1510 1318 1686 
2916 662 604 1520 1634 
2917 700 1474 1388 1554 
2918 692 1494 1402 1513 
2919 629 1326 541 1506 
2920 1289 1448 1389 1452 
2921 967 1458 1391 1565 
2922 1357 1515 1421 1556 
2923 815 1452 1379 1481 
2924 1280 1545 1349 1604 
2925 1320 1405 1628 1714 
2926 1218 1132 1217 1466 
2927 693 1513 1319 1689 
2928 443 1475 1398 1680 
2929 1215 1447 1206 1584 
2930 1198 1071 1253 1628 
2931 607 1532 709 1579 
2932 1101 1226 1531 1578 
2933 1355 1601 1434 1651 
2934 1057 1341 1453 1731 
2935 1234 1449 1335 1653 
2936 1057 1639 1341 1731 
2937 924 1481 815 1671 
2938 340 1391 1467 1565 
2939 1028 433 1405 1619 
2940 787 1394 1430 1610 
2941 328 326 1642 1665 
2942 604 1520 1350 1532 
2943 1178 1236 1207 1615 
2944 1208 1442 1366 1584 
2945 1317 332 1503 1635 
2946 683 555 552 1448 
2947 1235 1402 1232 1492 
2948 1210 1403 1211 1493 
2949 927 745 1365 1724 
2950 431 1372 296 1647 
2951 738 242 1375 1582 
2952 692 691 1402 1494 
2953 496 1340 1558 1668 
2954 1068 1028 433 1405 
2955 1366 1447 1296 1617 
2956 1394 1625 1610 1722 
2957 1389 1481 932 1589 
2958 964 1452 819 1481 
2959 471 435 1383 1486 
2960 928 763 966 1364 
2961 1293 1413 1499 1543 
2962 1362 1549 456 1602 
2963 380 1083 1008 1624 
2964 1317 1503 332 1704 
2965 700 587 699 1464 
2966 1465 1548 1362 1602 
2967 922 1325 980 1721 
2968 1448 1452 1289 1655 
2969 1293 1401 1441 1718 
2970 1372 1608 1534 1641 
2971 452 339 341 1483 
2972 483 424 1500 1525 
2973 1311 1338 1563 1631 
2974 949 1558 1340 1668 
2975 1280 1355 1435 1601 
2976 560 1471 1384 1553 
2977 1389 1448 554 1555 
2978 807 1458 1330 1654 
2979 888 656 1395 1666 
2980 1345 1431 454 1697 
2981 590 1340 592 1668 
2982 1364 1435 1350 1634 
2983 434 1357 425 1607 
2984 1171 1231 1469 1472 
2985 1170 1334 1200 1650 
2986 874 875 1395 1480 
2987 1397 1477 450 1679 
2988 469 1515 1344 1728 
2989 1245 1008 1083 1624 
2990 560 1468 1384 1471 
2991 332 1635 1317 1704 
2992 1191 1382 1472 1562 
2993 308 1336 1461 1658 
2994 823 1329 824 1673 
2995 314 316 1329 1673 
2996 1075 1383 1495 1597 
2997 1093 1227 1438 1594 
2998 380 262 475 1624 
2999 971 1394 1676 1734 
3000 1081 1077 1449 1495 
3001 1340 590 1474 1668 
3002 1431 1549 454 1697 
3003 469 468 1488 1539 
3004 943 951 1487 1538 
3005 972 770 898 1392 
3006 1355 1533 868 1614 
3007 1361 1504 1434 1633 
3008 1364 1501 1280 1590 
3009 1495 1597 1311 1616 
3010 1465 1567 1313 1651 
3011 1324 1509 1398 1512 
3012 939 1505 1352 1699 
3013 1272 1270 1518 1571 
3014 1321 1442 1357 1574 
3015 582 584 1395 1479 
3016 700 701 1474 1554 
3017 1336 310 1462 1662 
3018 462 1351 1507 1700 
3019 1410 702 1708 1730 
3020 820 1336 1456 1662 
3021 949 1433 1340 1558 
3022 1290 1530 1394 1733 
3023 1362 1431 1420 1549 
3024 1356 1537 706 1629 
3025 1171 1241 1231 1472 
3026 1046 1168 526 1646 
3027 554 552 1448 1482 
3028 952 1433 1365 1598 
3029 1378 1464 588 1474 
3030 1355 352 1465 1651 
3031 1304 1467 1331 1573 
3032 259 472 969 1608 
3033 854 852 1505 1588 
3034 570 572 1399 1494 
3035 1328 1508 1399 1513 
3036 619 715 716 1593 
3037 1209 1095 1206 1594 
3038 1386 1459 1138 1496 
3039 1177 1615 1408 1652 
3040 1228 1554 1459 1649 
3041 903 1557 1426 1622 
3042 425 1489 1371 1607 
3043 1056 1006 1196 1419 
3044 1205 1616 1338 1684 
3045 464 463 363 1408 
3046 710 1446 1368 1579 
3047 1221 1368 1446 1578 
3048 1315 1610 1625 1722 
3049 1329 1648 824 1673 
3050 316 1648 1329 1673 
3051 1152 1356 1478 1629 
3052 647 1650 1387 1661 
3053 1065 1427 1066 1599 
3054 688 1334 687 1650 
3055 1349 1545 1434 1633 
3056 947 1520 1350 1634 
3057 878 1642 1508 1713 
3058 281 1383 1076 1597 
3059 340 1467 338 1565 
3060 1334 1646 1200 1650 
3061 874 1480 1395 1682 
3062 622 1523 1343 1712 
3063 812 1458 967 1565 
3064 1373 1526 1427 1599 
3065 995 1453 1194 1725 
3066 1154 1644 1385 1659 
3067 1116 1117 1397 1493 
3068 1141 1142 1398 1492 
3069 1087 1421 1182 1706 
3070 939 1490 942 1520 
3071 461 1491 462 1521 
3072 1457 1620 1346 1647 
3073 1331 1304 1573 1657 
3074 1260 1278 1320 1569 
3075 460 1491 461 1521 
3076 942 1490 947 1520 
3077 1292 1346 1457 1574 
3078 658 1654 1378 1668 
3079 370 1557 1360 1596 
3080 278 1385 1644 1659 
3081 1360 859 1551 1622 
3082 739 491 1399 1681 
3083 1304 1458 1330 1480 
3084 1340 1474 590 1730 
3085 1363 1570 1341 1692 
3086 1358 1428 1422 1559 
3087 363 1408 463 1507 
3088 679 506 898 1392 
3089 454 1431 455 1549 
3090 1377 1456 916 1484 
3091 381 477 1624 1641 
3092 1412 1528 366 1656 
3093 1365 1433 952 1558 
3094 964 1452 1389 1555 
3095 544 1444 1392 1552 
3096 1323 1503 1397 1510 
3097 688 1646 1334 1650 
3098 994 919 1497 1542 
3099 1191 1469 1231 1472 
3100 947 937 1634 1638 
3101 796 1499 1401 1710 
3102 686 1468 1387 1650 
3103 560 558 1471 1553 
3104 963 1499 1413 1543 
3105 1049 1393 1653 1683 
3106 922 1325 1536 1543 
3107 722 1404 1570 1733 
3108 1320 1628 1370 1714 
3109 697 1479 583 1502 
3110 779 785 783 1542 
3111 1336 1462 1299 1568 
3112 473 779 285 1544 
3113 624 626 1559 1640 
3114 1321 1603 1428 1640 
3115 722 1530 1404 1733 
3116 1369 1436 714 1516 
3117 1435 1504 1361 1638 
3118 744 1558 949 1668 
3119 1395 1479 584 1682 
3120 401 1658 1379 1671 
3121 1379 1461 306 1486 
3122 1322 1502 1395 1511 
3123 292 1432 474 1540 
3124 711 1437 1368 1517 
3125 340 1467 1391 1483 
3126 556 554 1448 1555 
3127 570 1494 1399 1681 
3128 716 1523 1447 1617 
3129 1314 1534 1624 1641 
3130 588 1464 587 1474 
3131 1314 1526 1326 1599 
3132 1165 1416 1224 1636 
3133 1166 1216 1416 1637 
3134 642 695 1416 1636 
3135 643 1416 694 1637 
3136 1191 1472 1180 1562 
3137 1188 1138 1459 1496 
3138 1313 1465 1362 1567 
3139 1316 1508 1642 1713 
3140 455 456 1549 1602 
3141 549 1482 1389 1589 
3142 1281 1382 1469 1667 
3143 822 1662 1377 1673 
3144 403 1377 1662 1673 
3145 1087 1442 1421 1726 
3146 704 1537 1514 1703 
3147 947 847 937 1638 
3148 393 1019 1397 1679 
3149 396 1398 1022 1680 
3150 859 1360 1557 1622 
3151 312 1462 1377 1485 
3152 626 1552 1358 1640 
3153 1188 1114 1229 1459 
3154 1376 362 1586 1727 
3155 560 561 1468 1471 
3156 795 1401 796 1499 
3157 1401 1543 795 1627 
3158 808 811 1458 1473 
3159 588 1464 1378 1654 
3160 1116 1493 1397 1679 
3161 1398 1492 1142 1680 
3162 1339 1563 1481 1631 
3163 1198 1370 1054 1529 
3164 1387 1650 1172 1661 
3165 1515 1605 1344 1728 
3166 410 1391 756 1577 
3167 1300 1516 1438 1615 
3168 687 1468 686 1650 
3169 852 1376 1586 1723 
3170 593 1410 703 1429 
3171 402 310 1658 1662 
3172 1111 1345 1459 1677 
3173 378 1346 298 1556 
3174 954 943 1487 1538 
3175 1439 1517 1300 1615 
3176 468 467 1488 1539 
3177 1589 1618 1298 1710 
3178 902 1426 903 1557 
3179 471 1486 1383 1597 
3180 864 256 752 1717 
3181 1387 1469 1171 1650 
3182 1358 1457 1346 1574 
3183 1293 1325 1543 1714 
3184 452 451 339 1467 
3185 324 322 1396 1475 
3186 402 310 308 1658 
3187 1320 1525 1405 1714 
3188 829 830 1396 1476 
3189 334 1400 336 1477 
3190 925 1417 740 1642 
3191 1415 1426 950 1626 
3192 685 686 559 1471 
3193 837 1433 1406 1732 
3194 1358 1457 1392 1552 
3195 962 905 1480 1511 
3196 898 1392 506 1541 
3197 683 1482 719 1683 
3198 1416 1636 695 1690 
3199 694 1637 1416 1689 
3200 973 1346 1647 1717 
3201 819 1452 815 1481 
3202 1326 1526 1373 1599 
3203 889 1378 1654 1668 
3204 1224 1636 1416 1686 
3205 1416 1637 1216 1685 
3206 1370 1418 1293 1628 
3207 789 1608 790 1610 
3208 1218 1133 1132 1470 
3209 915 1658 816 1662 
3210 927 968 745 1724 
3211 684 555 683 1448 
3212 1303 1474 1459 1643 
3213 1285 1390 1460 1660 
3214 1365 1429 594 1591 
3215 684 685 1335 1661 
3216 827 916 1456 1484 
3217 814 1379 1658 1671 
3218 1321 1279 1442 1574 
3219 622 1428 624 1559 
3220 915 816 820 1662 
3221 703 593 702 1410 
3222 586 1464 588 1654 
3223 1376 1588 1297 1719 
3224 946 827 821 1456 
3225 370 368 1557 1596 
3226 1303 1580 1429 1730 
3227 1111 1459 1345 1649 
3228 1341 1453 998 1725 
3229 1400 1480 965 1632 
3230 1396 1476 830 1508 
3231 1309 1577 1406 1732 
3232 1360 1551 1487 1622 
3233 1170 1171 1469 1650 
3234 258 1372 431 1647 
3235 972 1392 792 1457 
3236 352 1465 350 1519 
3237 1065 1427 1373 1560 
3238 1375 1285 1451 1575 
3239 1375 1450 1285 1575 
3240 1361 1491 1312 1564 
3241 1312 1490 1361 1564 
3242 1344 1442 1421 1584 
3243 725 1326 629 1678 
3244 1300 1437 1439 1719 
3245 1386 1483 452 1677 
3246 1213 1498 1202 1537 
3247 1299 1336 1568 1655 
3248 350 1465 348 1519 
3249 1235 1492 1190 1509 
3250 1314 1540 1425 1625 
3251 1118 1493 1211 1510 
3252 1303 1643 1580 1730 
3253 257 753 1647 1717 
3254 941 1455 1381 1645 
3255 590 592 1340 1730 
3256 1376 1507 362 1727 
3257 1152 1537 1356 1629 
3258 1370 1693 670 1715 
3259 441 1385 1454 1644 
3260 334 1400 1477 1503 
3261 1349 1434 1411 1633 
3262 1282 1719 1376 1735 
3263 960 1452 964 1555 
3264 529 1653 1393 1683 
3265 1445 1514 1295 1591 
3266 324 1475 1396 1512 
3267 1246 1067 1065 1427 
3268 1131 1385 1179 1659 
3269 1357 1442 1279 1574 
3270 899 1392 972 1541 
3271 1354 1598 1406 1705 
3272 1279 1407 1556 1574 
3273 1280 1501 1350 1545 
3274 501 893 765 1414 
3275 765 663 501 1414 
3276 571 1494 692 1513 
3277 1299 1449 1383 1461 
3278 852 1505 1376 1723 
3279 1310 1605 1515 1728 
3280 1333 961 1476 1681 
3281 1234 1335 1203 1661 
3282 443 1332 1475 1680 
3283 700 589 587 1474 
3284 649 1389 759 1589 
3285 469 1344 1515 1706 
3286 1283 1412 1360 1426 
3287 944 1422 951 1559 
3288 767 894 665 1415 
3289 502 665 894 1415 
3290 444 1398 1475 1512 
3291 1214 1113 1212 1410 
3292 560 1384 562 1663 
3293 589 588 587 1474 
3294 698 1479 1403 1696 
3295 1350 1634 1435 1638 
3296 1148 1152 1498 1720 
3297 1310 1344 1605 1728 
3298 304 306 1461 1486 
3299 698 583 697 1479 
3300 449 1477 1397 1503 
3301 1089 1087 1442 1584 
3302 453 452 1483 1677 
3303 917 1392 1457 1552 
3304 1205 1418 1616 1684 
3305 1253 1054 1370 1715 
3306 1079 1081 1077 1449 
3307 356 1564 358 1633 
3308 684 1335 1653 1661 
3309 312 313 1462 1485 
3310 266 465 385 1652 
3311 1394 1363 1676 1734 
3312 1298 1482 1389 1631 
3313 459 355 460 1633 
3314 1374 1432 474 1623 
3315 584 1330 586 1682 
3316 807 1330 874 1682 
3317 706 1514 1356 1590 
3318 1370 1441 670 1718 
3319 941 1381 957 1583 
3320 1007 1082 1247 1540 
3321 776 1395 494 1682 
3322 425 297 475 1489 
3323 1305 1452 1448 1655 
3324 1188 1138 1114 1459 
3325 1143 1331 1116 1679 
3326 1130 1142 1332 1680 
3327 570 568 1333 1681 
3328 1339 940 1499 1694 
3329 1326 725 1530 1709 
3330 672 551 548 1618 
3331 1102 1098 1177 1439 
3332 438 1382 439 1581 
3333 689 1390 1463 1646 
3334 1099 1103 1521 1531 
3335 606 608 1520 1532 
3336 392 1672 1386 1677 
3337 937 1364 1435 1614 
3338 697 581 696 1502 
3339 1386 1672 1018 1677 
3340 1324 1512 445 1665 
3341 972 1392 899 1630 
3342 1094 1176 1092 1438 
3343 1571 1613 1337 1718 
3344 1331 1467 1304 1477 
3345 1205 1338 1237 1683 
3346 307 435 304 1461 
3347 717 1447 1366 1617 
3348 709 1446 710 1579 
3349 1221 1446 1226 1578 
3350 438 311 313 1462 
3351 1354 1548 1465 1602 
3352 936 1455 941 1645 
3353 948 1476 1399 1508 
3354 1342 1542 288 1664 
3355 911 1450 1375 1648 
3356 852 1376 853 1611 
3357 1370 670 1571 1718 
3358 441 1454 442 1644 
3359 603 707 708 1367 
3360 1305 1384 1456 1471 
3361 1375 1451 318 1648 
3362 636 708 1367 1674 
3363 793 1620 1457 1647 
3364 955 958 1635 1688 
3365 1293 1405 1525 1714 
3366 260 287 428 1419 
3367 1232 1492 1402 1695 
3368 867 868 1519 1533 
3369 1300 1438 1436 1527 
3370 1283 1436 1438 1527 
3371 1403 1493 1210 1696 
3372 344 346 345 1431 
3373 1343 1422 1279 1428 
3374 1054 677 1693 1715 
3375 1362 1498 1313 1567 
3376 1402 1494 691 1695 
3377 967 809 811 1458 
3378 1227 1369 1157 1516 
3379 1159 1368 1219 1517 
3380 714 513 1369 1516 
3381 711 1368 515 1517 
3382 1361 1545 1435 1638 
3383 967 1391 931 1577 
3384 907 973 1346 1620 
3385 723 1373 629 1506 
3386 1378 1458 1330 1573 
3387 1304 1458 1391 1467 
3388 1303 1649 1554 1708 
3389 450 1331 451 1679 
3390 442 1332 443 1680 
3391 961 1333 936 1681 
3392 911 1375 901 1582 
3393 320 1375 318 1582 
3394 962 958 805 1511 
3395 1070 1254 1197 1569 
3396 972 1392 898 1541 
3397 1234 1204 1079 1449 
3398 821 827 916 1456 
3399 448 1323 1503 1669 
3400 1292 1427 1373 1526 
3401 1338 1482 719 1618 
3402 947 764 1520 1634 
3403 707 1367 603 1501 
3404 1331 450 1477 1679 
3405 592 1558 1340 1730 
3406 1305 1389 1448 1452 
3407 1303 1388 1459 1474 
3408 922 1595 1325 1721 
3409 1218 1470 1390 1646 
3410 1326 1425 1290 1625 
3411 1314 1425 1326 1625 
3412 708 603 1367 1674 
3413 1215 1206 1183 1584 
3414 1378 1330 1464 1573 
3415 1346 1574 1407 1620 
3416 1338 1616 1418 1684 
3417 373 469 1488 1728 
3418 1332 442 1454 1644 
3419 1299 1462 1382 1472 
3420 936 1333 1455 1645 
3421 631 1366 1034 1603 
3422 1420 1549 1186 1621 
3423 1346 1292 1489 1574 
3424 755 259 969 1608 
3425 637 706 1537 1629 
3426 1371 1066 1427 1599 
3427 1254 1320 1070 1628 
3428 1381 1460 566 1645 
3429 1234 1653 1335 1661 
3430 689 1463 688 1646 
3431 1406 1433 837 1598 
3432 981 1536 921 1613 
3433 313 439 438 1485 
3434 1376 1505 1312 1723 
3435 445 1512 1324 1670 
3436 935 827 946 1484 
3437 478 1357 434 1556 
3438 1321 1357 1442 1726 
3439 910 1564 846 1638 
3440 336 1477 1400 1632 
3441 1054 1693 1370 1715 
3442 1409 1596 1412 1729 
3443 520 700 640 1388 
3444 1040 1163 1229 1388 
3445 874 1330 1480 1682 
3446 1346 1457 1358 1620 
3447 690 1390 689 1587 
3448 592 1429 1558 1730 
3449 1396 1475 322 1707 
3450 1190 1235 1232 1492 
3451 1118 1210 1211 1493 
3452 438 279 399 1382 
3453 1131 1466 1385 1644 
3454 1205 1338 1683 1684 
3455 829 1476 1396 1707 
3456 692 571 691 1494 
3457 700 1388 699 1585 
3458 1229 1222 1388 1585 
3459 949 1340 930 1668 
3460 940 1339 924 1694 
3461 1229 1222 1188 1496 
3462 1208 1089 1442 1584 
3463 1325 1525 1413 1721 
3464 1007 261 1540 1624 
3465 1334 688 1463 1646 
3466 1136 1382 1191 1581 
3467 1280 1355 1434 1435 
3468 1392 1541 899 1630 
3469 1372 1489 296 1647 
3470 1227 1438 1369 1516 
3471 1280 1434 1355 1601 
3472 824 1450 911 1648 
3473 638 1410 1161 1703 
3474 1309 1580 1483 1643 
3475 346 1431 1406 1602 
3476 316 318 1451 1648 
3477 1368 1439 1219 1517 
3478 566 564 1381 1583 
3479 962 905 965 1480 
3480 919 783 1497 1542 
3481 1446 1532 709 1674 
3482 1343 1523 622 1617 
3483 379 474 1374 1540 
3484 1311 1563 1486 1631 
3485 1328 574 1513 1675 
3486 1323 1443 1423 1572 
3487 687 1334 1468 1650 
3488 1310 1487 1360 1551 
3489 1360 1488 1310 1551 
3490 484 421 1325 1525 
3491 1312 1507 1376 1727 
3492 301 1339 300 1694 
3493 1456 1568 1336 1655 
3494 1191 1231 1241 1472 
3495 1521 1531 1105 1698 
3496 603 1501 1367 1674 
3497 1057 1453 1341 1725 
3498 1360 1412 1283 1596 
3499 1432 1540 292 1641 
3500 1352 1600 1505 1723 
3501 1348 1296 1550 1593 
3502 1259 1535 423 1569 
3503 307 304 306 1461 
3504 718 1366 1428 1617 
3505 868 1435 845 1504 
3506 956 1508 1328 1713 
3507 1218 1200 1470 1646 
3508 311 312 313 1462 
3509 1277 1262 1270 1518 
3510 464 1327 365 1729 
3511 1260 1518 1262 1535 
3512 1406 1602 1354 1705 
3513 955 774 1417 1635 
3514 1363 1522 536 1676 
3515 1124 1324 1509 1670 
3516 1323 1139 1510 1669 
3517 1063 1062 1060 1425 
3518 487 649 554 1389 
3519 1077 1383 1075 1597 
3520 645 1390 689 1646 
3521 1296 1524 1447 1584 
3522 1322 1424 1291 1440 
3523 560 559 561 1471 
3524 1346 1489 1357 1574 
3525 840 1354 1533 1705 
3526 662 1520 764 1634 
3527 568 566 1460 1645 
3528 941 1381 762 1645 
3529 1218 1390 1217 1587 
3530 1054 1529 1370 1693 
3531 278 1385 441 1644 
3532 420 1255 1263 1535 
3533 455 1549 1431 1602 
3534 535 1570 1453 1612 
3535 342 1391 340 1577 
3536 1211 1223 1119 1510 
3537 1225 1235 1127 1509 
3538 1282 1439 1437 1719 
3539 696 1636 1318 1690 
3540 1324 1423 1291 1443 
3541 570 1333 1494 1681 
3542 1116 1331 1493 1679 
3543 1332 1142 1492 1680 
3544 1287 1354 1548 1598 
3545 1282 1505 1376 1719 
3546 1345 453 1483 1677 
3547 973 1647 753 1717 
3548 964 817 819 1452 
3549 1330 584 1479 1682 
3550 1289 1389 1482 1631 
3551 1319 1637 693 1689 
3552 1299 1568 1449 1655 
3553 626 546 724 1640 
3554 1280 1478 1367 1604 
3555 1193 1371 1427 1607 
3556 1200 1334 1470 1646 
3557 1130 1466 1131 1644 
3558 1279 1407 1515 1556 
3559 1305 1448 1568 1655 
3560 1491 1564 1361 1633 
3561 1505 1588 1376 1719 
3562 1237 1338 1495 1683 
3563 914 795 1543 1627 
3564 1280 1435 1361 1545 
3565 1290 1380 1430 1610 
3566 1135 1191 1025 1382 
3567 1318 1636 1223 1686 
3568 1225 1637 1319 1685 
3569 1420 1549 1431 1697 
3570 1341 1639 1057 1725 
3571 737 824 1648 1673 
3572 241 1648 316 1673 
3573 1420 1431 1345 1697 
3574 1340 1558 1429 1730 
3575 1329 823 1484 1673 
3576 410 340 247 1391 
3577 554 552 555 1448 
3578 884 964 759 1389 
3579 314 1329 1485 1673 
3580 1338 1618 1563 1631 
3581 604 1501 1350 1634 
3582 258 1372 754 1608 
3583 354 1434 352 1504 
3584 580 1322 1502 1666 
3585 1361 1564 1490 1638 
3586 1346 1556 1407 1574 
3587 1026 1077 1076 1383 
3588 693 573 692 1513 
3589 1208 1442 1220 1603 
3590 1200 1646 1169 1650 
3591 956 1328 1508 1675 
3592 688 646 1646 1650 
3593 840 1533 1519 1705 
3594 1288 1378 1464 1573 
3595 1333 1576 1476 1660 
3596 1288 1458 1378 1573 
3597 1305 1568 1456 1655 
3598 1218 1390 1168 1646 
3599 534 535 1453 1612 
3600 922 1536 1325 1595 
3601 851 852 749 1376 
3602 362 415 253 1376 
3603 840 1533 1354 1598 
3604 930 1340 1473 1668 
3605 1304 1480 1573 1657 
3606 449 335 1477 1503 
3607 1308 1454 1332 1475 
3608 754 431 923 1647 
3609 359 462 1491 1727 
3610 924 1339 1481 1671 
3611 1514 1537 1353 1703 
3612 444 1475 323 1512 
3613 1380 1610 1290 1625 
3614 400 281 435 1383 
3615 645 689 526 1646 
3616 1476 1576 1308 1660 
3617 1398 1284 1492 1576 
3618 1295 1355 1601 1614 
3619 908 941 762 1645 
3620 1371 1489 1357 1607 
3621 1283 1436 1369 1438 
3622 1143 1672 1331 1679 
3623 939 913 1490 1723 
3624 1523 1538 1343 1712 
3625 808 811 809 1458 
3626 1357 1489 1346 1556 
3627 1309 1433 1340 1732 
3628 1398 1475 1284 1576 
3629 1170 1469 1334 1650 
3630 278 441 397 1644 
3631 902 1426 1297 1626 
3632 1368 1437 1282 1439 
3633 985 995 1194 1725 
3634 1407 1422 865 1620 
3635 802 1511 1322 1666 
3636 824 1329 1450 1648 
3637 1084 1247 1062 1599 
3638 1270 1536 1337 1613 
3639 316 1451 1329 1648 
3640 1463 1575 1306 1667 
3641 1331 1143 1496 1672 
3642 802 1322 1511 1688 
3643 345 343 344 1431 
3644 453 1345 454 1697 
3645 1280 1434 1361 1435 
3646 1344 1584 1296 1605 
3647 1239 637 1537 1629 
3648 1334 1575 1463 1667 
3649 534 1453 992 1612 
3650 1239 1537 1152 1629 
3651 1313 1465 1355 1601 
3652 1286 1317 1511 1547 
3653 831 1476 948 1508 
3654 672 1401 548 1710 
3655 246 1400 742 1632 
3656 1339 301 1486 1671 
3657 1337 1613 914 1627 
3658 940 1413 963 1499 
3659 590 592 496 1668 
3660 595 594 1429 1591 
3661 1358 1422 1279 1574 
3662 807 1654 1330 1682 
3663 1318 1286 1502 1547 
3664 549 1389 554 1589 
3665 1344 1539 1524 1706 
3666 1330 1654 586 1682 
3667 1013 267 1408 1700 
3668 819 817 815 1452 
3669 334 1477 335 1503 
3670 1329 1450 1306 1484 
3671 629 1326 1506 1678 
3672 1316 1284 1508 1546 
3673 265 1011 1409 1702 
3674 688 687 646 1650 
3675 1307 1451 1329 1485 
3676 1385 1454 1332 1466 
3677 1290 1430 1394 1610 
3678 300 1339 1500 1694 
3679 610 611 612 1437 
3680 1293 1418 1405 1628 
3681 420 1535 1263 1595 
3682 1306 1463 1334 1468 
3683 1208 1366 1442 1603 
3684 1347 1596 1409 1702 
3685 586 1330 1464 1654 
3686 1297 1426 1412 1527 
3687 1400 1511 1317 1635 
3688 1353 1621 1410 1703 
3689 1284 1319 1513 1546 
3690 1318 1502 1403 1636 
3691 362 1507 1376 1528 
3692 948 1399 961 1681 
3693 614 615 616 1436 
3694 1339 1671 924 1694 
3695 1060 1425 1404 1709 
3696 1333 568 1460 1645 
3697 705 1514 704 1537 
3698 1284 1316 1512 1546 
3699 1291 1424 1328 1440 
3700 756 926 967 1391 
3701 449 1397 450 1679 
3702 443 1398 444 1680 
3703 1130 1332 1466 1644 
3704 830 1476 831 1508 
3705 1337 914 1543 1627 
3706 754 258 431 1647 
3707 1317 1503 1400 1635 
3708 1286 1318 1510 1547 
3709 1306 1575 1484 1667 
3710 1319 1284 1509 1546 
3711 1424 1440 1322 1566 
3712 705 706 1514 1537 
3713 471 1383 435 1597 
3714 422 1535 1525 1569 
3715 1316 1508 1396 1642 
3716 1339 1481 1298 1499 
3717 582 1395 584 1682 
3718 1147 1498 1567 1720 
3719 1344 1488 1310 1605 
3720 1293 1405 1500 1525 
3721 1431 1549 1362 1602 
3722 1317 1286 1503 1547 
3723 348 1465 349 1602 
3724 568 1645 1333 1681 
3725 1130 1332 1644 1680 
3726 636 1039 1367 1629 
3727 1365 1429 1287 1433 
3728 946 821 938 1456 
3729 1114 1228 1229 1459 
3730 874 1395 875 1682 
3731 324 323 1475 1512 
3732 964 1389 932 1589 
3733 570 1399 572 1681 
3734 323 444 443 1475 
3735 937 1435 849 1614 
3736 362 1528 1376 1611 
3737 1293 1543 1337 1714 
3738 249 1406 843 1705 
3739 615 617 616 1436 
3740 910 1564 1490 1723 
3741 611 610 609 1437 
3742 1490 1545 1361 1638 
3743 1380 1608 789 1610 
3744 737 823 824 1673 
3745 314 241 316 1673 
3746 1102 1100 1098 1439 
3747 1332 1466 1301 1492 
3748 1093 1094 1092 1438 
3749 1208 1088 1220 1442 
3750 1294 1349 1545 1604 
3751 438 437 311 1462 
3752 358 1491 1564 1727 
3753 1290 1394 1530 1722 
3754 1331 1672 451 1679 
3755 838 1433 837 1732 
3756 1318 1322 1502 1690 
3757 1346 1358 1574 1620 
3758 1390 1463 1334 1470 
3759 1213 1149 1498 1621 
3760 1291 1423 1323 1443 
3761 1319 1324 1509 1685 
3762 1323 1318 1510 1686 
3763 948 831 961 1476 
3764 1308 1576 1454 1660 
3765 1328 1319 1513 1689 
3766 1396 1512 1316 1642 
3767 1170 1200 1169 1650 
3768 388 1108 1411 1698 
3769 1295 1353 1548 1591 
3770 951 862 1487 1609 
3771 994 1497 1004 1542 
3772 1117 1116 1397 1679 
3773 1141 1398 1142 1680 
3774 464 1652 1327 1729 
3775 661 763 1364 1634 
3776 1282 1437 1414 1719 
3777 1298 1481 1563 1631 
3778 1413 1499 940 1694 
3779 1321 1427 1357 1726 
3780 1392 1444 1358 1552 
3781 1527 1528 1297 1719 
3782 542 1394 1541 1722 
3783 1528 1719 1527 1735 
3784 875 1395 1480 1511 
3785 296 431 258 1372 
3786 582 1479 1395 1502 
3787 1294 1579 1352 1600 
3788 1411 1478 1349 1604 
3789 1068 1069 1028 1405 
3790 449 335 450 1477 
3791 1312 1490 1352 1600 
3792 598 1514 599 1590 
3793 865 1422 1407 1609 
3794 1399 1494 572 1513 
3795 836 837 1406 1732 
3796 1237 1081 1204 1495 
3797 483 424 303 1500 
3798 1141 1492 1398 1509 
3799 1397 1493 1117 1510 
3800 457 1567 1651 1691 
3801 1330 1464 1302 1479 
3802 1321 1358 1444 1640 
3803 1414 1505 1282 1719 
3804 1352 1312 1600 1723 
3805 307 436 435 1461 
3806 1353 1548 1287 1621 
3807 861 1487 860 1622 
3808 425 1371 475 1607 
3809 679 1392 770 1552 
3810 1554 1708 701 1730 
3811 962 805 905 1511 
3812 296 1489 1372 1534 
3813 475 1371 1534 1624 
3814 1205 1683 1174 1684 
3815 964 819 932 1481 
3816 1063 1678 1326 1709 
3817 1082 1007 261 1540 
3818 1505 1600 1312 1723 
3819 1494 1576 1333 1660 
3820 864 419 256 1717 
3821 1403 1510 1318 1636 
3822 1319 1509 1402 1637 
3823 597 1514 598 1591 
3824 1349 1294 1531 1604 
3825 1334 1463 1306 1667 
3826 378 476 1346 1717 
3827 714 1436 713 1516 
3828 904 950 1426 1626 
3829 1087 1421 1086 1726 
3830 1408 1507 1351 1700 
3831 291 1432 292 1641 
3832 712 1437 711 1517 
3833 301 1671 1339 1694 
3834 364 1528 362 1611 
3835 1338 719 1482 1683 
3836 1253 1628 1071 1715 
3837 1320 1529 1370 1628 
3838 553 1683 1338 1684 
3839 1301 1466 1576 1660 
3840 305 1405 1500 1687 
3841 1305 1448 1335 1568 
3842 496 1558 744 1668 
3843 1392 1506 543 1541 
3844 1380 1430 786 1544 
3845 630 1560 682 1603 
3846 713 1516 1436 1716 
3847 434 1357 1607 1736 
3848 1281 1471 1387 1568 
3849 1402 1513 1319 1637 
3850 1331 1573 1496 1657 
3851 1245 1371 1193 1607 
3852 471 304 435 1486 
3853 1307 1485 1575 1667 
3854 907 1346 973 1717 
3855 1311 1486 1339 1500 
3856 1303 1459 1580 1643 
3857 422 1569 1525 1619 
3858 581 697 583 1502 
3859 1299 1472 1335 1568 
3860 1380 1432 291 1641 
3861 1465 1519 1355 1533 
3862 917 972 792 1457 
3863 1279 1422 1343 1605 
3864 497 594 1365 1558 
3865 1362 1420 1287 1621 
3866 1281 1387 1472 1568 
3867 1470 1575 1334 1667 
3868 1259 283 423 1535 
3869 1333 1645 936 1681 
3870 630 1033 1560 1603 
3871 442 1644 1332 1680 
3872 1353 1295 1514 1591 
3873 1218 1168 1046 1646 
3874 1394 1610 1541 1722 
3875 1412 1426 1283 1527 
3876 1279 1343 1428 1605 
3877 972 1392 917 1552 
3878 615 713 714 1436 
3879 291 1432 1380 1544 
3880 1203 1241 1171 1472 
3881 1255 283 1259 1535 
3882 300 1500 1413 1694 
3883 1057 1194 1453 1725 
3884 711 712 611 1437 
3885 289 474 1432 1623 
3886 1367 1478 1240 1604 
3887 1401 1499 795 1543 
3888 910 1586 1564 1723 
3889 702 701 1708 1730 
3890 706 1590 1356 1629 
3891 1446 1532 1294 1579 
3892 1294 1531 1446 1578 
3893 723 1373 628 1678 
3894 1309 1340 1473 1732 
3895 1371 1314 1526 1534 
3896 931 967 811 1473 
3897 261 379 1082 1540 
3898 1387 1471 1335 1568 
3899 1103 1105 1521 1531 
3900 604 606 1520 1532 
3901 1564 1586 358 1727 
3902 607 709 710 1579 
3903 1221 1226 1101 1578 
3904 260 379 474 1374 
3905 1244 1082 1006 1374 
3906 300 424 1413 1500 
3907 1246 1427 1065 1560 
3908 1355 1313 1601 1651 
3909 870 1445 966 1614 
3910 659 497 745 1558 
3911 1296 1347 1550 1594 
3912 878 925 1642 1713 
3913 1219 1368 1221 1578 
3914 710 1368 711 1579 
3915 1541 1610 1315 1722 
3916 1335 1449 1299 1568 
3917 1387 1335 1472 1568 
3918 968 952 1365 1598 
3919 483 1500 303 1525 
3920 796 1401 795 1710 
3921 998 1005 1606 1725 
3922 812 809 967 1458 
3923 1352 1505 1414 1699 
3924 356 1361 1564 1633 
3925 1439 1719 1282 1735 
3926 1056 1057 1639 1725 
3927 804 955 925 1417 
3928 1302 1573 1479 1657 
3929 700 701 589 1474 
3930 297 1371 1489 1534 
3931 687 561 686 1468 
3932 372 1488 1551 1728 
3933 1215 1208 1366 1584 
3934 1307 1575 1470 1667 
3935 1068 1405 433 1687 
3936 1345 1677 1111 1697 
3937 539 1676 1394 1733 
3938 1301 1576 1494 1660 
3939 454 345 455 1431 
3940 1354 1287 1548 1602 
3941 669 1613 1571 1718 
3942 792 1457 1392 1630 
3943 1407 1592 865 1609 
3944 1410 1649 1303 1708 
3945 649 554 1389 1589 
3946 1326 1526 1314 1625 
3947 1315 1526 1326 1625 
3948 1296 1344 1524 1584 
3949 1303 1459 1554 1649 
3950 383 1009 1144 1421 
3951 459 1434 1411 1651 
3952 1344 1515 1279 1605 
3953 594 1429 1365 1558 
3954 1428 1605 1343 1617 
3955 612 1359 614 1711 
3956 936 912 941 1455 
3957 1245 1066 1371 1599 
3958 441 319 442 1454 
3959 960 817 964 1452 
3960 1284 1476 1396 1508 
3961 381 1624 1534 1641 
3962 1354 1519 1465 1533 
3963 1313 1355 1465 1651 
3964 659 745 890 1558 
3965 813 1413 299 1721 
3966 420 283 1255 1535 
3967 981 921 914 1613 
3968 1332 1475 1398 1576 
3969 1487 1550 1360 1622 
3970 870 1445 1614 1724 
3971 1501 1532 1350 1674 
3972 1249 479 1000 1419 
3973 1284 1396 1475 1512 
3974 1332 1398 1492 1576 
3975 1069 1405 1616 1628 
3976 1361 846 1564 1638 
3977 714 1369 715 1593 
3978 1209 1369 1227 1594 
3979 1343 1605 1422 1609 
3980 1267 1571 668 1613 
3981 718 1428 623 1617 
3982 407 328 244 1417 
3983 840 867 1519 1533 
3984 428 479 1249 1419 
3985 612 614 1359 1716 
3986 291 1380 259 1544 
3987 755 1380 786 1544 
3988 245 330 407 1417 
3989 1286 1400 1480 1511 
3990 330 328 1417 1704 
3991 1220 1442 1088 1726 
3992 362 363 1507 1528 
3993 1360 1550 1488 1596 
3994 972 792 1392 1630 
3995 1004 1497 989 1606 
3996 1320 1535 1260 1569 
3997 487 1389 554 1555 
3998 797 1499 963 1543 
3999 1296 1348 1523 1593 
4000 583 1479 582 1502 
4001 1347 1296 1524 1594 
4002 1370 1293 1418 1441 
4003 373 469 468 1488 
4004 1330 1458 1304 1573 
4005 1351 1521 1491 1531 
4006 1490 1520 1352 1532 
4007 943 951 862 1487 
4008 1361 1434 1280 1545 
4009 1119 1118 1211 1510 
4010 1235 1190 1127 1509 
4011 1348 1538 1523 1701 
4012 1524 1539 1347 1702 
4013 1358 1321 1574 1640 
4014 259 1380 294 1608 
4015 755 789 1380 1608 
4016 430 1500 1405 1525 
4017 1282 1505 1352 1600 
4018 846 747 845 1504 
4019 356 354 251 1504 
4020 871 865 1592 1609 
4021 1326 1315 1625 1722 
4022 1496 1573 1302 1657 
4023 383 263 1009 1421 
4024 875 1480 905 1511 
4025 1349 1531 1521 1698 
4026 376 1592 1407 1728 
4027 1141 1190 1492 1509 
4028 1117 1493 1118 1510 
4029 1100 1099 1098 1578 
4030 608 609 610 1579 
4031 1298 1563 1618 1631 
4032 572 1494 571 1513 
4033 1136 1231 1191 1469 
4034 1404 1709 627 1731 
4035 1064 1373 1599 1678 
4036 1309 1473 1340 1643 
4037 1357 1427 1371 1607 
4038 1233 1367 1240 1604 
4039 524 692 644 1402 
4040 1167 1235 1044 1402 
4041 641 697 522 1403 
4042 1164 1042 1211 1403 
4043 952 1433 949 1558 
4044 689 565 688 1463 
4045 731 670 1441 1718 
4046 358 1564 252 1586 
4047 910 748 1564 1586 
4048 951 1422 872 1609 
4049 1202 1148 1152 1498 
4050 571 692 573 1513 
4051 1355 1295 1533 1614 
4052 725 1326 1678 1709 
4053 475 1371 297 1534 
4054 1187 1212 1113 1621 
4055 341 453 452 1483 
4056 393 274 449 1397 
4057 444 276 396 1398 
4058 745 1365 952 1558 
4059 1065 1067 1066 1427 
4060 1227 1236 1438 1516 
4061 1152 1478 1240 1629 
4062 579 696 1502 1690 
4063 1286 1477 1400 1503 
4064 1125 1225 1509 1685 
4065 1223 1189 1510 1686 
4066 1286 1479 1403 1502 
4067 1309 1431 1345 1580 
4068 1219 1439 1207 1517 
4069 1299 1461 1336 1655 
4070 1342 288 1623 1664 
4071 1075 1597 1616 1687 
4072 1426 1557 1360 1622 
4073 684 1653 528 1661 
4074 1337 1536 1518 1714 
4075 1346 1292 1457 1489 
4076 1264 921 1536 1613 
4077 1335 1471 1305 1568 
4078 485 1693 677 1715 
4079 1352 1490 1312 1723 
4080 1352 1294 1532 1579 
4081 1294 1351 1531 1578 
4082 1226 1160 1233 1446 
4083 742 880 962 1400 
4084 887 948 739 1399 
4085 714 617 615 1436 
4086 1491 1521 1349 1531 
4087 1350 1520 1490 1532 
4088 334 408 1400 1635 
4089 1351 1578 1294 1600 
4090 621 1523 716 1617 
4091 575 1513 693 1689 
4092 922 1536 981 1543 
4093 611 609 711 1437 
4094 491 572 654 1399 
4095 1286 1403 1493 1510 
4096 1284 1492 1402 1509 
4097 1165 1043 1224 1416 
4098 642 695 523 1416 
4099 1166 1216 1043 1416 
4100 643 523 694 1416 
4101 837 1433 838 1598 
4102 1354 840 1598 1705 
4103 1347 467 1596 1702 
4104 410 340 1391 1577 
4105 453 1677 1345 1697 
4106 1320 1619 1070 1628 
4107 678 1441 1370 1715 
4108 1284 1402 1494 1513 
4109 954 863 950 1622 
4110 1131 1133 1179 1470 
4111 340 247 1391 1565 
4112 964 1389 884 1555 
4113 1313 1478 1411 1720 
4114 952 838 949 1433 
4115 1305 1448 1389 1555 
4116 1245 1008 1371 1607 
4117 1295 1514 1590 1601 
4118 553 719 1338 1683 
4119 1389 1452 1305 1555 
4120 910 906 1586 1723 
4121 345 1431 346 1602 
4122 1244 1374 1056 1639 
4123 1325 1535 421 1595 
4124 1290 1430 1380 1432 
4125 712 1437 1517 1716 
4126 475 1371 262 1607 
4127 292 289 474 1432 
4128 1249 1196 428 1419 
4129 1362 1287 1548 1621 
4130 346 1406 249 1705 
4131 1422 1559 1343 1712 
4132 733 813 282 1721 
4133 360 358 1586 1727 
4134 1347 1550 1283 1596 
4135 833 830 831 1508 
4136 933 1566 1440 1713 
4137 1065 1373 1199 1560 
4138 1077 1383 1026 1561 
4139 560 1384 488 1553 
4140 1019 1117 1121 1397 
4141 1128 1141 1022 1398 
4142 698 1403 697 1696 
4143 1211 1403 1210 1696 
4144 260 474 287 1374 
4145 1006 1056 1244 1374 
4146 692 1402 691 1695 
4147 1232 1402 1235 1695 
4148 1191 1025 1382 1562 
4149 360 1586 362 1727 
4150 324 1396 406 1642 
4151 683 552 719 1482 
4152 1319 1509 1324 1546 
4153 786 1430 1380 1610 
4154 861 860 859 1622 
4155 1323 1510 1318 1547 
4156 907 793 973 1620 
4157 719 553 1338 1618 
4158 998 1453 995 1725 
4159 1327 1527 1438 1615 
4160 877 1396 830 1642 
4161 1519 1533 1354 1705 
4162 1363 1676 536 1733 
4163 992 983 534 1612 
4164 1413 1499 1339 1563 
4165 1270 1264 1536 1613 
4166 906 852 1586 1723 
4167 684 528 685 1661 
4168 1407 1620 865 1717 
4169 947 1634 1350 1638 
4170 851 852 1376 1586 
4171 362 415 1376 1586 
4172 843 1406 837 1705 
4173 1151 1478 1152 1720 
4174 507 1394 539 1676 
4175 520 700 1388 1554 
4176 1040 1388 1229 1554 
4177 937 966 1364 1614 
4178 399 438 1382 1562 
4179 343 345 454 1431 
4180 1362 1548 1498 1621 
4181 1325 1525 421 1535 
4182 836 838 837 1732 
4183 324 325 323 1512 
4184 455 1431 345 1602 
4185 435 400 1383 1561 
4186 376 374 1592 1728 
4187 1077 1076 1383 1597 
4188 1220 1246 1033 1560 
4189 246 334 408 1400 
4190 1298 1618 1401 1710 
4191 1339 1486 1311 1563 
4192 967 1391 926 1565 
4193 716 715 632 1447 
4194 1206 1035 1209 1447 
4195 1308 1475 1332 1576 
4196 464 465 1652 1729 
4197 322 324 1396 1707 
4198 829 1396 830 1707 
4199 885 1384 946 1553 
4200 1413 1339 1500 1563 
4201 540 1404 1530 1709 
4202 1356 1590 1514 1601 
4203 813 299 282 1721 
4204 1332 1454 1308 1576 
4205 1361 1545 1491 1633 
4206 656 582 494 1395 
4207 1306 1450 1329 1575 
4208 348 1354 1602 1705 
4209 724 546 544 1444 
4210 320 319 318 1454 
4211 1329 1451 1307 1575 
4212 911 912 901 1455 
4213 888 776 875 1395 
4214 1298 1481 1339 1563 
4215 360 358 252 1586 
4216 910 906 748 1586 
4217 1304 1480 1330 1573 
4218 1227 1236 1094 1438 
4219 602 1501 1364 1590 
4220 902 1557 750 1656 
4221 1302 1464 1330 1573 
4222 954 1487 861 1622 
4223 542 539 1394 1722 
4224 334 335 333 1503 
4225 1069 1028 1405 1619 
4226 600 602 1364 1590 
4227 1207 1219 1102 1439 
4228 479 286 990 1419 
4229 1331 1477 1304 1657 
4230 594 596 1365 1591 
4231 778 994 919 1497 
4232 758 795 794 1401 
4233 723 629 545 1506 
4234 1301 1466 1332 1576 
4235 1358 1552 1444 1640 
4236 1327 1438 1409 1615 
4237 962 1400 965 1632 
4238 934 1422 944 1559 
4239 336 1400 334 1632 
4240 911 738 1375 1582 
4241 318 1375 242 1582 
4242 838 1433 952 1598 
4243 1094 1438 1236 1615 
4244 954 943 861 1487 
4245 468 467 371 1488 
4246 365 1327 1528 1729 
4247 564 565 566 1463 
4248 1325 1595 421 1721 
4249 1207 1439 1102 1615 
4250 1330 1479 1302 1573 
4251 1329 1484 1306 1575 
4252 1320 1370 1518 1714 
4253 1337 1543 1536 1714 
4254 1060 1404 1425 1639 
4255 324 243 406 1396 
4256 1357 1556 1346 1574 
4257 1307 1485 1329 1575 
4258 1372 1457 1292 1489 
4259 649 549 554 1589 
4260 1318 1502 1322 1547 
4261 701 1474 1554 1730 
4262 672 1441 1401 1718 
4263 773 830 877 1396 
4264 1434 1545 1361 1633 
4265 1497 1522 997 1612 
4266 1312 1376 1586 1727 
4267 1459 1580 1345 1649 
4268 1328 1513 1319 1546 
4269 1613 1627 1337 1718 
4270 1293 1499 1401 1543 
4271 1205 1237 1174 1683 
4272 765 663 1414 1699 
4273 452 1386 392 1672 
4274 1013 1408 1098 1700 
4275 629 1506 1373 1678 
4276 1376 1312 1586 1723 
4277 1055 1249 1000 1419 
4278 566 1381 652 1583 
4279 1332 1492 1301 1576 
4280 602 661 600 1364 
4281 1092 1409 1011 1702 
4282 665 767 1415 1701 
4283 1258 1264 921 1536 
4284 594 596 497 1365 
4285 654 1399 572 1675 
4286 1426 1527 1297 1626 
4287 1365 1433 1287 1598 
4288 848 947 1490 1638 
4289 1306 1468 1334 1667 
4290 1000 479 990 1419 
4291 460 357 1491 1633 
4292 799 963 980 1543 
4293 1445 1533 1295 1614 
4294 1289 1389 1448 1482 
4295 474 287 1374 1623 
4296 295 1534 1608 1641 
4297 543 1392 544 1506 
4298 1121 1397 1117 1669 
4299 1141 1398 1128 1670 
4300 1326 1526 1315 1722 
4301 647 1387 686 1661 
4302 1338 1495 1311 1616 
4303 925 834 740 1417 
4304 1191 1382 1135 1581 
4305 1326 1506 1526 1722 
4306 1374 1425 1290 1639 
4307 1339 1499 1298 1563 
4308 544 1392 543 1541 
4309 1345 1483 1309 1580 
4310 484 1325 421 1721 
4311 622 623 1428 1617 
4312 662 764 891 1634 
4313 891 499 662 1634 
4314 781 991 984 1497 
4315 582 1395 656 1666 
4316 1315 1526 1506 1722 
4317 1420 1649 1110 1697 
4318 875 888 1395 1666 
4319 1523 1605 1296 1617 
4320 1536 1543 1325 1714 
4321 972 770 1392 1552 
4322 984 994 778 1497 
4323 1303 1410 1708 1730 
4324 1289 1448 1393 1482 
4325 1285 1381 1460 1463 
4326 1385 1285 1466 1470 
4327 1289 1449 1383 1495 
4328 1395 1479 1286 1502 
4329 514 1036 633 1516 
4330 514 1158 1036 1516 
4331 634 1037 1158 1517 
4332 634 1158 514 1517 
4333 939 913 942 1490 
4334 461 359 462 1491 
4335 460 357 461 1491 
4336 942 848 947 1490 
4337 1204 1393 1049 1683 
4338 951 944 872 1422 
4339 1286 1480 1395 1511 
4340 1447 1523 1296 1617 
4341 444 323 325 1512 
4342 1285 1460 1390 1463 
4343 1321 682 1603 1640 
4344 1390 1466 1285 1470 
4345 1375 1285 1450 1455 
4346 629 1373 723 1678 
4347 1071 1628 1418 1715 
4348 1285 1375 1451 1454 
4349 870 1614 1533 1724 
4350 1333 1455 1381 1660 
4351 1044 1402 1235 1637 
4352 524 692 1402 1637 
4353 1211 1403 1042 1636 
4354 697 522 1403 1636 
4355 1281 1469 1382 1472 
4356 1313 1567 1498 1720 
4357 1404 1341 1639 1731 
4358 968 1598 1365 1724 
4359 1289 1393 1449 1495 
4360 1185 1411 1108 1698 
4361 1369 1438 1436 1516 
4362 717 1366 718 1617 
4363 1303 1580 1459 1649 
4364 1281 1387 1469 1472 
4365 1381 1450 1285 1455 
4366 1310 1488 1344 1728 
4367 1285 1451 1385 1454 
4368 962 1400 880 1635 
4369 1260 1266 1278 1569 
4370 560 561 562 1468 
4371 466 1596 1409 1729 
4372 1333 1381 1460 1660 
4373 1437 1439 1368 1517 
4374 669 668 1571 1613 
4375 1288 1378 1458 1473 
4376 1407 1515 376 1728 
4377 1398 1492 1284 1509 
4378 1286 1493 1397 1510 
4379 1182 1087 1089 1584 
4380 1343 1605 1523 1617 
4381 1288 1458 1391 1473 
4382 1034 1366 1208 1603 
4383 833 831 948 1508 
4384 1378 1288 1464 1474 
4385 449 333 335 1503 
4386 1518 1529 1271 1693 
4387 1289 1452 1389 1481 
4388 718 1366 631 1603 
4389 1289 1379 1452 1481 
4390 1218 1200 1133 1470 
4391 678 670 1370 1441 
4392 1311 1500 1339 1563 
4393 1362 1548 1287 1602 
4394 1284 1475 1398 1512 
4395 1397 1477 1286 1503 
4396 1386 1288 1459 1496 
4397 1363 1342 1497 1734 
4398 1272 1267 1270 1571 
4399 1284 1494 1399 1513 
4400 1152 1151 1240 1478 
4401 1388 1459 1288 1496 
4402 1245 1599 1371 1624 
4403 650 556 1553 1555 
4404 1240 1478 1367 1629 
4405 1388 1464 1288 1474 
4406 401 1379 306 1671 
4407 1353 1514 1498 1537 
4408 1498 1514 1356 1537 
4409 1094 1093 1227 1438 
4410 1281 1384 1468 1471 
4411 536 1522 1363 1612 
4412 537 1530 722 1733 
4413 669 1627 1613 1718 
4414 403 312 1377 1673 
4415 1422 1428 1343 1559 
4416 822 1377 916 1673 
4417 1341 1404 1570 1731 
4418 1102 1219 1100 1439 
4419 368 1412 1557 1596 
4420 1281 1468 1387 1471 
4421 588 658 1378 1668 
4422 1230 1253 1071 1715 
4423 1312 1490 1564 1723 
4424 1356 1478 1280 1601 
4425 815 1379 814 1671 
4426 1069 1616 1405 1687 
4427 1421 1515 1344 1706 
4428 449 448 333 1503 
4429 1284 1399 1476 1508 
4430 529 1393 683 1683 
4431 1234 1048 1653 1661 
4432 1362 1549 1420 1621 
4433 763 937 966 1364 
4434 1411 1478 1185 1720 
4435 902 903 750 1557 
4436 1350 1545 1490 1638 
4437 1313 1651 1567 1691 
4438 1172 1171 1387 1661 
4439 863 904 950 1426 
4440 1327 1652 1409 1729 
4441 537 722 1570 1733 
4442 261 477 1540 1624 
4443 445 444 325 1512 
4444 1351 1507 1282 1600 
4445 1185 1106 1478 1604 
4446 650 556 558 1553 
4447 1018 1386 1138 1672 
4448 1312 1564 1491 1727 
4449 889 808 1378 1668 
4450 1311 1495 1338 1631 
4451 868 849 1435 1614 
4452 852 749 1376 1611 
4453 362 1376 253 1611 
4454 330 329 328 1704 
4455 902 1611 1297 1656 
4456 342 341 340 1483 
4457 1314 1625 1534 1641 
4458 1240 1233 1039 1367 
4459 636 708 707 1367 
4460 1377 1281 1456 1484 
4461 552 554 549 1482 
4462 540 1404 722 1530 
4463 1221 1219 1159 1368 
4464 1157 1227 1209 1369 
4465 715 714 513 1369 
4466 515 711 710 1368 
4467 922 799 980 1543 
4468 1281 1377 1462 1485 
4469 1391 1458 1304 1565 
4470 1320 1518 1370 1529 
4471 1310 1515 1407 1728 
4472 1269 1261 1536 1595 
4473 1360 1283 1550 1596 
4474 1384 1456 1281 1484 
4475 1379 1289 1461 1486 
4476 745 968 952 1365 
4477 1281 1462 1382 1485 
4478 1383 1461 1289 1486 
4479 1391 1467 1288 1483 
4480 1215 1208 1034 1366 
4481 964 759 1389 1589 
4482 1036 1227 1157 1516 
4483 1159 1219 1037 1517 
4484 711 515 634 1517 
4485 714 633 513 1516 
4486 1443 1572 446 1665 
4487 1386 1288 1467 1483 
4488 1383 1449 1299 1561 
4489 1239 517 637 1629 
4490 1434 1435 1355 1504 
4491 1343 1523 1487 1538 
4492 718 717 631 1366 
4493 1488 1524 1344 1539 
4494 598 599 600 1590 
4495 661 1364 602 1634 
4496 1304 1467 1391 1565 
4497 1487 1523 1348 1538 
4498 1374 1639 1290 1692 
4499 1347 1524 1488 1539 
4500 1028 237 433 1619 
4501 1065 1373 1064 1678 
4502 539 1530 1394 1722 
4503 841 1533 840 1598 
4504 1230 1071 1418 1715 
4505 1305 1456 1384 1553 
4506 237 1405 433 1619 
4507 1177 1102 1439 1615 
4508 659 890 496 1558 
4509 455 347 456 1602 
4510 1313 1601 1478 1720 
4511 939 1505 856 1723 
4512 1348 1550 1487 1622 
4513 1094 1176 1438 1615 
4514 1361 1435 1434 1504 
4515 508 722 1404 1731 
4516 361 1507 462 1727 
4517 438 279 1382 1581 
4518 815 817 816 1452 
4519 1100 1219 1221 1578 
4520 609 710 711 1579 
4521 517 1239 1201 1629 
4522 1192 1075 1495 1616 
4523 1353 1213 1621 1703 
4524 1093 1092 1091 1594 
4525 618 616 617 1593 
4526 785 779 970 1544 
4527 473 285 290 1544 
4528 1303 1459 1388 1554 
4529 762 1381 941 1583 
4530 581 579 696 1502 
4531 955 774 834 1417 
4532 588 589 590 1474 
4533 378 298 478 1556 
4534 595 594 593 1429 
4535 1299 1461 1383 1561 
4536 534 983 532 1612 
4537 536 1522 533 1676 
4538 689 1390 645 1587 
4539 640 1388 700 1585 
4540 1229 1388 1163 1585 
4541 449 1397 274 1669 
4542 444 276 1398 1670 
4543 1363 1394 1676 1733 
4544 788 1610 790 1630 
4545 602 1501 604 1634 
4546 596 597 598 1591 
4547 462 361 463 1507 
4548 916 820 821 1456 
4549 1384 1471 1305 1553 
4550 1438 1527 1300 1615 
4551 939 945 856 1505 
4552 496 890 744 1558 
4553 508 627 1243 1731 
4554 807 808 809 1458 
4555 610 1414 663 1699 
4556 959 1626 1588 1711 
4557 544 506 1392 1541 
4558 1213 1149 1202 1498 
4559 308 307 306 1461 
4560 1388 1474 1303 1554 
4561 1127 1125 1225 1509 
4562 1119 1223 1189 1510 
4563 875 905 805 1511 
4564 616 665 1415 1701 
4565 583 582 581 1502 
4566 782 1676 1522 1734 
4567 1308 1475 1396 1707 
4568 540 1530 725 1709 
4569 1111 1114 1138 1459 
4570 1396 1476 1308 1707 
4571 295 1534 1372 1608 
4572 358 1491 357 1633 
4573 267 463 1408 1700 
4574 1382 1462 1299 1562 
4575 1168 1390 1218 1587 
4576 638 703 1410 1703 
4577 1408 1615 1327 1652 
4578 459 353 1434 1651 
4579 334 336 335 1477 
4580 1000 996 1055 1419 
4581 466 265 1409 1702 
4582 1277 1269 1261 1536 
4583 575 573 693 1513 
4584 1228 1459 1112 1649 
4585 1155 631 1034 1603 
4586 1488 1550 1347 1596 
4587 1401 1499 1298 1710 
4588 1533 1614 1445 1724 
4589 615 1436 614 1716 
4590 441 1385 278 1659 
4591 1430 1432 1342 1544 
4592 931 1577 1473 1732 
4593 410 342 340 1577 
4594 1234 1203 1048 1661 
4595 1551 1592 372 1728 
4596 1069 1405 1068 1687 
4597 1290 1425 1404 1639 
4598 948 1399 887 1675 
4599 1286 1477 1397 1657 
4600 542 539 507 1394 
4601 1106 1240 1478 1604 
4602 1307 1470 1385 1659 
4603 1215 1089 1208 1584 
4604 592 1429 594 1558 
4605 1299 1472 1382 1562 
4606 312 311 310 1462 
4607 1250 1268 1195 1693 
4608 853 1297 902 1611 
4609 788 899 1610 1630 
4610 597 704 1514 1591 
4611 1065 1064 1373 1599 
4612 716 1447 717 1617 
4613 1119 1117 1118 1510 
4614 1141 1127 1190 1509 
4615 949 1433 838 1732 
4616 294 259 291 1380 
4617 789 786 755 1380 
4618 948 956 833 1508 
4619 873 865 1422 1620 
4620 352 1434 353 1651 
4621 1290 1432 1380 1625 
4622 573 572 571 1513 
4623 1303 1429 1410 1730 
4624 599 1514 706 1590 
4625 459 388 1411 1698 
4626 672 1401 530 1627 
4627 1161 1410 1212 1703 
4628 464 363 365 1528 
4629 838 952 839 1598 
4630 1060 1404 1059 1709 
4631 1403 1479 1302 1696 
4632 1131 1154 1385 1659 
4633 289 1432 288 1623 
4634 953 1626 959 1711 
4635 1351 1600 1491 1727 
4636 987 994 1004 1542 
4637 636 1367 707 1629 
4638 1317 1635 1417 1704 
4639 1429 1433 1365 1558 
4640 1094 1236 1178 1615 
4641 1379 1336 1461 1655 
4642 1286 1397 1493 1657 
4643 324 323 322 1475 
4644 968 839 952 1598 
4645 572 1399 491 1681 
4646 797 940 963 1499 
4647 1178 1207 1102 1615 
4648 1311 1500 1405 1687 
4649 1385 1451 1307 1659 
4650 1367 1478 1356 1629 
4651 829 831 830 1476 
4652 937 1364 763 1634 
4653 553 680 1683 1684 
4654 1440 1566 1328 1713 
4655 900 1394 507 1676 
4656 967 756 1391 1577 
4657 848 1490 910 1638 
4658 455 345 347 1602 
4659 1240 1367 1039 1629 
4660 781 991 1497 1522 
4661 281 435 1383 1597 
4662 794 1401 795 1627 
4663 870 869 1533 1614 
4664 582 494 1395 1682 
4665 485 670 1693 1715 
4666 1198 1254 1071 1628 
4667 679 544 506 1392 
4668 776 875 1395 1682 
4669 1022 1398 1141 1680 
4670 1117 1397 1019 1679 
4671 555 684 557 1448 
4672 811 808 930 1473 
4673 631 1155 511 1603 
4674 795 1499 797 1543 
4675 1295 1533 1445 1724 
4676 1075 1077 1081 1495 
4677 1170 1171 1231 1469 
4678 922 918 1595 1721 
4679 1363 1612 1570 1733 
4680 1379 1452 1336 1655 
4681 714 715 617 1593 
4682 1093 1209 1227 1594 
4683 1077 1075 1076 1597 
4684 334 333 332 1503 
4685 457 1465 351 1651 
4686 1312 1600 1507 1727 
4687 1374 1419 1341 1692 
4688 855 1297 853 1588 
4689 1267 531 668 1571 
4690 303 1500 430 1525 
4691 1315 1541 1392 1630 
4692 1297 1528 1412 1656 
4693 682 673 726 1640 
4694 1356 1601 1498 1720 
4695 1328 1513 1399 1675 
4696 1289 1393 1495 1631 
4697 1404 1425 1326 1709 
4698 1402 1492 1301 1695 
4699 1302 1493 1403 1696 
4700 1432 1380 1625 1641 
4701 1301 1494 1402 1695 
4702 988 1606 1419 1664 
4703 1381 1455 1285 1660 
4704 294 1380 291 1641 
4705 920 1522 782 1676 
4706 868 849 845 1435 
4707 1029 1181 1186 1549 
4708 1378 1473 1288 1643 
4709 1310 1551 1488 1728 
4710 1306 1468 1384 1663 
4711 1436 1438 1300 1516 
4712 375 1515 469 1728 
4713 830 833 878 1508 
4714 1300 1439 1437 1517 
4715 1398 1509 1324 1670 
4716 324 326 325 1512 
4717 1323 1510 1397 1669 
4718 1412 1426 1297 1656 
4719 516 1160 635 1446 
4720 1160 1038 635 1446 
4721 722 1570 1404 1731 
4722 420 421 1535 1595 
4723 754 791 1372 1647 
4724 611 612 1437 1716 
4725 1278 1262 1260 1518 
4726 1381 1285 1460 1660 
4727 1334 1468 1387 1667 
4728 1146 1411 1185 1720 
4729 598 600 498 1445 
4730 431 257 753 1647 
4731 922 866 1536 1595 
4732 744 949 930 1668 
4733 367 1412 368 1596 
4734 378 257 476 1717 
4735 376 1556 1407 1717 
4736 1191 1241 1180 1472 
4737 351 1465 352 1651 
4738 865 872 1422 1609 
4739 1312 1491 1600 1727 
4740 1422 1574 1358 1620 
4741 553 1618 1441 1684 
4742 1289 1482 1393 1631 
4743 786 1380 789 1610 
4744 142 660 498 1445 
4745 1156 632 1035 1447 
4746 1334 1387 1469 1667 
4747 1261 1260 1262 1535 
4748 632 1156 512 1447 
4749 1078 1079 1077 1449 
4750 1436 1527 1359 1716 
4751 602 1364 1501 1634 
4752 1346 1489 1457 1647 
4753 1457 1489 1372 1647 
4754 550 719 1482 1618 
4755 1346 1620 1407 1717 
4756 550 1482 549 1618 
4757 857 1611 902 1656 
4758 280 1561 436 1562 
4759 280 436 437 1562 
4760 869 868 1533 1614 
4761 615 713 1436 1716 
4762 354 353 352 1434 
4763 924 819 815 1481 
4764 1155 1033 511 1603 
4765 1567 1691 1147 1720 
4766 332 1503 333 1704 
4767 1371 1526 1314 1599 
4768 1350 1501 1364 1634 
4769 376 1515 1407 1556 
4770 1345 1649 1420 1697 
4771 788 789 790 1610 
4772 1359 1297 1527 1626 
4773 1400 1477 1304 1632 
4774 1387 1468 1281 1667 
4775 974 1394 787 1610 
4776 818 816 817 1452 
4777 1397 1503 1323 1669 
4778 1112 1214 1228 1649 
4779 1324 1512 1398 1670 
4780 1304 1480 1400 1632 
4781 375 470 469 1515 
4782 945 1505 1414 1588 
4783 678 1684 1441 1715 
4784 464 365 465 1729 
4785 327 446 445 1665 
4786 246 334 1400 1632 
4787 1313 1498 1601 1720 
4788 1395 1480 1330 1682 
4789 860 1487 862 1609 
4790 853 855 902 1297 
4791 331 333 1503 1704 
4792 331 332 333 1704 
4793 703 519 638 1410 
4794 555 556 554 1448 
4795 1297 1359 1527 1719 
4796 1233 1240 1106 1604 
4797 777 1258 921 1536 
4798 810 809 812 1458 
4799 1333 1476 1399 1681 
4800 431 476 257 1647 
4801 945 1414 959 1588 
4802 911 901 738 1582 
4803 320 318 242 1582 
4804 760 1553 960 1555 
4805 1387 1281 1469 1667 
4806 531 1267 1256 1571 
4807 874 905 875 1480 
4808 422 423 1535 1569 
4809 1395 1502 1322 1666 
4810 1256 531 1571 1693 
4811 1398 1475 1332 1680 
4812 1336 1452 1379 1658 
4813 466 367 1596 1729 
4814 1289 1379 1461 1655 
4815 1324 1546 1512 1665 
4816 1017 1212 1161 1410 
4817 997 989 1004 1497 
4818 907 973 753 1717 
4819 1327 1528 1527 1735 
4820 778 919 783 1497 
4821 1322 1511 1395 1666 
4822 194 1163 520 640 
4823 197 1042 641 522 
4824 88 392 272 1153 
4825 1042 1164 197 641 
4826 88 392 1153 1018 
4827 1036 1158 514 181 
4828 635 515 1038 184 
4829 632 513 179 1035 
4830 1011 1096 74 385 
4831 266 75 1096 385 
4832 275 394 93 1122 
4833 84 1150 1029 270 
4834 396 276 96 1128 
4835 393 91 274 1019 
4836 1159 1038 515 184 
4837 77 1097 1013 386 
4838 390 84 1029 270 
4839 265 1011 74 385 
4840 386 1013 77 267 
4841 202 1167 524 644 
4842 200 1166 523 643 
4843 634 514 1158 182 
4844 1163 1040 194 520 
4845 1037 1159 634 183 
4846 516 636 186 1160 
4847 514 633 1036 181 
4848 1038 1160 635 185 
4849 1039 186 636 1160 
4850 516 635 1160 185 
4851 1036 633 513 180 
4852 513 1157 1036 180 
4853 513 1157 179 1035 
4854 1156 632 178 1035 
4855 269 1108 81 1015 
4856 1019 91 274 1121 
4857 397 99 278 1154 
4858 1022 396 96 1128 
4859 1167 1044 202 524 
4860 99 397 1023 1154 
4861 1165 199 523 642 
4862 1158 1037 634 182 
4863 1159 515 634 183 
4864 75 1096 1012 266 
4865 199 1043 1165 523 
4866 200 1166 1043 523 
4867 1020 93 394 1122 
4868 1108 269 81 388 
4869 28 880 742 246 
4870 250 37 844 746 
4871 891 662 145 764 
4872 850 251 39 747 
4873 851 42 415 749 
4874 765 501 148 893 
4875 766 502 150 894 
4876 894 665 151 767 
4877 413 250 37 844 
4878 28 880 246 408 
4879 145 499 662 891 
4880 414 251 39 850 
4881 253 415 42 749 
4882 663 501 148 765 
4883 664 502 150 766 
4884 665 894 151 502 
4885 858 46 417 255 
4886 822 240 17 736 
4887 876 20 404 738 
4888 762 652 126 908 
4889 738 20 404 242 
4890 908 652 126 490 
4891 46 858 751 255 
4892 240 822 17 403 
4893 1025 279 102 1135 
4894 399 279 102 1025 
4895 885 651 123 761 
4896 488 651 123 885 
4897 1399 1508 1328 1675 
4898 566 652 564 1583 
4899 1076 400 105 1026 
4900 451 337 339 1467 
4901 998 1005 989 1606 
4902 249 411 34 757 
4903 1075 1616 1074 1687 
4904 632 1156 178 512 
4905 745 659 140 497 
4906 788 899 974 1610 
4907 34 249 757 843 
4908 304 301 306 1486 
4909 938 960 760 1553 
4910 134 888 656 494 
4911 888 134 776 494 
4912 818 817 960 1452 
4913 457 1651 458 1691 
4914 1418 1616 1405 1628 
4915 553 1338 1618 1684 
4916 1088 1089 1087 1442 
4917 1194 1052 985 1725 
4918 1399 1494 1333 1681 
4919 945 765 1414 1699 
4920 950 1415 767 1701 
4921 1397 1493 1331 1679 
4922 1332 1492 1398 1680 
4923 1130 1644 1129 1680 
4924 309 311 437 1462 
4925 366 1528 364 1656 
4926 653 1645 568 1681 
4927 1393 1448 1335 1653 
4928 1375 1454 1308 1582 
4929 916 827 823 1484 
4930 406 23 877 243 
4931 773 877 23 243 
4932 1381 1463 1306 1583 
4933 938 821 818 1456 
4934 508 1404 627 1731 
4935 1308 1455 1375 1582 
4936 307 309 436 1461 
4937 570 571 572 1494 
4938 1141 1190 1142 1492 
4939 1116 1118 1117 1493 
4940 314 313 312 1485 
4941 1112 1459 1111 1649 
4942 559 557 685 1471 
4943 1079 1080 1234 1449 
4944 1136 1191 1135 1581 
4945 1138 1188 1143 1496 
4946 1416 1636 1318 1686 
4947 1319 1637 1416 1685 
4948 1570 1612 536 1733 
4949 1256 671 531 1693 
4950 1072 1069 1616 1628 
4951 971 1394 900 1676 
4952 296 1372 295 1534 
4953 582 583 584 1479 
4954 458 459 1411 1651 
4955 374 372 1592 1728 
4956 678 731 670 1441 
4957 331 333 448 1503 
4958 1416 1637 1319 1689 
4959 1330 1479 1395 1682 
4960 1318 1636 1416 1690 
4961 308 309 307 1461 
4962 1373 1506 1326 1678 
4963 648 1049 211 1173 
4964 659 745 140 890 
4965 1378 1288 1474 1643 
4966 1334 1463 1390 1646 
4967 1109 1549 1186 1697 
4968 1390 1470 1334 1646 
4969 1340 1433 1429 1558 
4970 446 1443 447 1572 
4971 1379 1461 1336 1658 
4972 1259 1260 1535 1569 
4973 820 818 821 1456 
4974 1332 1454 1385 1644 
4975 826 825 957 1450 
4976 440 315 317 1451 
4977 1306 1450 1381 1583 
4978 1301 1466 1390 1587 
4979 1109 1186 1110 1697 
4980 245 26 774 407 
4981 1330 1458 1378 1654 
4982 1487 1605 1343 1609 
4983 1390 1460 1301 1587 
4984 1381 1455 1333 1645 
4985 311 309 310 1462 
4986 790 1608 1372 1630 
4987 1507 1600 1351 1727 
4988 1331 1477 1397 1679 
4989 809 810 807 1458 
4990 678 1370 670 1715 
4991 1289 1452 1379 1655 
4992 1057 1052 1194 1725 
4993 1184 1539 1010 1706 
4994 997 999 989 1612 
4995 1375 1450 1329 1648 
4996 1326 1506 1373 1526 
4997 1329 1451 1375 1648 
4998 922 980 918 1721 
4999 1185 1105 1106 1604 
5000 300 1413 299 1694 
5001 586 1654 657 1682 
5002 806 1654 807 1682 
5003 1385 1466 1332 1644 
5004 393 1397 449 1679 
5005 396 444 1398 1680 
5006 902 1297 855 1626 
5007 1182 1184 1010 1706 
5008 1377 1456 1336 1662 
5009 805 1511 958 1688 
5010 1336 1462 1377 1662 
5011 1228 1114 1112 1459 
5012 1384 1484 1306 1663 
5013 1303 1708 1554 1730 
5014 466 367 369 1596 
5015 1101 1531 1099 1578 
5016 607 608 1532 1579 
5017 586 587 588 1464 
5018 503 620 1538 1701 
5019 1333 1460 1381 1645 
5020 948 739 1399 1681 
5021 865 1407 752 1592 
5022 1268 1529 1195 1693 
5023 1090 1539 1184 1702 
5024 624 1428 625 1640 
5025 503 618 620 1701 
5026 1274 1268 1250 1693 
5027 1512 1546 1316 1665 
5028 1090 1184 1091 1702 
5029 1386 1459 1345 1677 
5030 267 463 386 1408 
5031 1339 1499 1413 1694 
5032 902 904 1426 1626 
5033 420 113 1263 1255 
5034 1087 1144 1421 1706 
5035 1310 1605 1487 1609 
5036 105 281 400 1076 
5037 299 300 424 1413 
5038 340 339 338 1467 
5039 385 466 265 1409 
5040 1049 648 211 529 
5041 1193 1607 1427 1726 
5042 1300 1527 1436 1716 
5043 824 826 911 1450 
5044 259 294 472 1608 
5045 755 969 789 1608 
5046 1363 1522 1497 1612 
5047 1335 1449 1393 1653 
5048 369 367 368 1596 
5049 129 887 491 654 
5050 316 318 317 1451 
5051 712 611 1437 1716 
5052 934 873 1422 1620 
5053 1156 177 631 1034 
5054 1340 1474 1378 1668 
5055 1478 1601 1356 1720 
5056 631 512 177 1156 
5057 887 739 129 491 
5058 953 1415 950 1626 
5059 839 837 838 1598 
5060 295 1372 258 1608 
5061 754 1372 790 1608 
5062 560 558 559 1471 
5063 1086 1726 1421 1736 
5064 1423 1685 1416 1686 
5065 576 1566 492 1675 
5066 569 567 690 1460 
5067 205 526 1168 645 
5068 139 496 659 890 
5069 346 411 249 1406 
5070 120 649 487 884 
5071 1112 1114 1111 1459 
5072 191 638 519 1161 
5073 783 1430 784 1734 
5074 937 849 966 1614 
5075 1017 191 519 1161 
5076 1009 1144 70 383 
5077 834 774 26 407 
5078 1013 1097 1098 1408 
5079 627 508 722 1404 
5080 1335 1471 1387 1661 
5081 797 963 799 1543 
5082 757 837 843 1406 
5083 1092 1096 1011 1409 
5084 1363 536 1612 1733 
5085 1017 1410 519 1708 
5086 1413 1500 1339 1694 
5087 287 286 1419 1623 
5088 666 1538 620 1712 
5089 1187 1113 1420 1621 
5090 622 666 620 1712 
5091 1391 1483 1309 1577 
5092 1115 1672 1143 1679 
5093 1407 1556 1346 1717 
5094 1176 1615 1177 1652 
5095 1341 1570 1453 1731 
5096 1208 1089 1088 1442 
5097 555 557 556 1448 
5098 900 971 787 1394 
5099 1386 1467 1331 1672 
5100 1290 1432 1374 1692 
5101 1393 1338 1495 1631 
5102 1030 1111 1677 1697 
5103 1387 1472 1335 1661 
5104 534 532 535 1612 
5105 369 467 466 1596 
5106 553 680 719 1683 
5107 430 1525 1405 1619 
5108 1021 1572 1123 1670 
5109 1340 1378 1474 1643 
5110 630 511 1033 1603 
5111 899 972 898 1541 
5112 567 568 566 1460 
5113 1097 1177 1098 1408 
5114 269 459 388 1411 
5115 1498 1548 1353 1621 
5116 787 1430 786 1610 
5117 376 256 1407 1592 
5118 1413 1543 1325 1721 
5119 1096 1092 1176 1409 
5120 575 574 573 1513 
5121 1401 1627 672 1718 
5122 205 526 1046 1168 
5123 496 139 744 890 
5124 922 981 799 1543 
5125 1297 1588 1359 1719 
5126 622 623 624 1428 
5127 649 120 759 884 
5128 263 1009 70 383 
5129 791 790 1372 1630 
5130 1125 1127 1124 1509 
5131 1119 1189 1139 1510 
5132 1302 1464 1388 1585 
5133 1340 1473 1378 1643 
5134 1290 1430 1432 1692 
5135 1342 1432 1430 1692 
5136 332 330 1635 1704 
5137 1146 1015 1185 1411 
5138 1382 1469 1307 1581 
5139 1132 1134 1217 1466 
5140 372 1551 418 1592 
5141 866 1269 1536 1595 
5142 860 882 1551 1592 
5143 962 742 1400 1632 
5144 1359 1588 1297 1626 
5145 346 344 411 1406 
5146 328 326 244 1642 
5147 1418 1628 1370 1715 
5148 493 800 132 655 
5149 14 239 401 814 
5150 348 346 249 1705 
5151 1588 1626 1359 1711 
5152 132 741 800 493 
5153 239 14 735 814 
5154 246 336 334 1632 
5155 797 795 796 1499 
5156 1015 1108 1185 1411 
5157 1193 1066 1067 1427 
5158 1059 1404 1060 1639 
5159 519 703 702 1410 
5160 1311 1616 1597 1687 
5161 705 597 704 1514 
5162 1272 1518 1271 1693 
5163 879 956 933 1713 
5164 319 320 321 1454 
5165 584 586 657 1682 
5166 582 584 494 1682 
5167 806 807 874 1682 
5168 1022 1141 1142 1680 
5169 1130 1129 1142 1680 
5170 570 572 491 1681 
5171 570 653 568 1681 
5172 1115 1143 1116 1679 
5173 1117 1019 1116 1679 
5174 248 835 33 411 
5175 776 874 875 1682 
5176 832 901 912 1455 
5177 1130 1132 1131 1466 
5178 352 350 250 1519 
5179 636 1201 1039 1629 
5180 599 705 706 1514 
5181 1177 1408 1097 1652 
5182 1393 1482 1338 1631 
5183 411 835 33 757 
5184 581 580 579 1502 
5185 867 868 746 1519 
5186 144 763 661 1634 
5187 350 348 412 1519 
5188 348 412 1519 1705 
5189 574 576 492 1675 
5190 574 654 572 1675 
5191 500 606 608 1520 
5192 1107 1099 1103 1521 
5193 500 1520 608 1699 
5194 1107 1099 1521 1700 
5195 1172 647 527 208 
5196 1014 1103 1105 1521 
5197 662 604 606 1520 
5198 1014 1521 1105 1698 
5199 1047 1172 527 208 
5200 1141 1128 1124 1670 
5201 1021 1123 1124 1670 
5202 1139 1121 1117 1669 
5203 1140 1020 1139 1669 
5204 963 1413 940 1694 
5205 580 582 656 1666 
5206 493 578 580 1666 
5207 137 889 495 658 
5208 743 137 889 495 
5209 840 867 881 1519 
5210 840 1519 881 1705 
5211 501 610 612 1414 
5212 476 296 298 1489 
5213 608 610 663 1699 
5214 1013 1098 1099 1700 
5215 1055 1196 1249 1419 
5216 1203 1080 1241 1472 
5217 702 519 1410 1708 
5218 1155 631 176 1034 
5219 843 837 840 1705 
5220 1017 1214 1212 1410 
5221 296 297 1489 1534 
5222 616 618 665 1701 
5223 1091 1092 1011 1702 
5224 533 1522 920 1676 
5225 1017 1214 1410 1708 
5226 502 614 616 1415 
5227 875 802 888 1666 
5228 801 1440 933 1566 
5229 621 622 1523 1617 
5230 1015 1411 1146 1691 
5231 463 464 386 1408 
5232 1272 1571 1518 1693 
5233 1258 1270 1264 1536 
5234 1294 1532 1446 1674 
5235 1278 1271 1518 1529 
5236 334 332 408 1635 
5237 332 330 245 1635 
5238 539 1394 1530 1733 
5239 345 346 347 1602 
5240 777 866 1269 1536 
5241 1360 1426 1412 1557 
5242 1263 1535 1261 1595 
5243 1105 1185 1108 1698 
5244 269 458 459 1411 
5245 1528 1611 364 1656 
5246 564 563 565 1463 
5247 949 838 842 1732 
5248 985 998 995 1725 
5249 636 517 1201 1629 
5250 602 601 1501 1590 
5251 1201 187 636 1039 
5252 1311 1495 1383 1597 
5253 1380 294 1608 1641 
5254 546 545 544 1444 
5255 699 587 585 1464 
5256 636 517 187 1201 
5257 1151 1185 1478 1720 
5258 1389 1482 1298 1589 
5259 1182 1183 1524 1584 
5260 856 1505 852 1723 
5261 758 795 1401 1710 
5262 1031 1060 1059 1709 
5263 362 1507 361 1727 
5264 511 631 176 1155 
5265 612 501 1414 1711 
5266 31 926 410 247 
5267 383 1421 1144 1706 
5268 290 288 289 1432 
5269 325 1512 326 1665 
5270 1309 1473 1391 1577 
5271 364 362 253 1611 
5272 853 902 857 1611 
5273 852 853 749 1611 
5274 590 1474 589 1730 
5275 578 576 1424 1566 
5276 484 483 421 1525 
5277 504 622 1559 1712 
5278 1065 1064 1032 1678 
5279 1298 1481 1389 1589 
5280 374 372 418 1592 
5281 964 932 759 1589 
5282 891 763 144 1634 
5283 144 661 499 1634 
5284 778 781 984 1497 
5285 757 836 837 1406 
5286 860 871 882 1592 
5287 326 324 406 1642 
5288 243 1396 324 1707 
5289 830 1396 773 1707 
5290 475 1534 381 1624 
5291 959 945 893 1414 
5292 299 1413 813 1694 
5293 1307 1485 1382 1581 
5294 1030 1110 1111 1697 
5295 544 1392 679 1552 
5296 553 1441 678 1684 
5297 1256 1265 671 1693 
5298 740 834 25 244 
5299 1140 1423 1123 1572 
5300 407 25 834 244 
5301 1383 1486 1311 1597 
5302 296 258 295 1372 
5303 790 754 791 1372 
5304 959 1588 1414 1711 
5305 950 953 894 1415 
5306 695 1689 1416 1690 
5307 695 694 1416 1689 
5308 1087 1182 1144 1706 
5309 923 431 753 1647 
5310 877 830 878 1642 
5311 1239 188 517 1201 
5312 352 351 350 1465 
5313 426 421 1595 1721 
5314 1416 1685 1216 1686 
5315 1224 1416 1216 1686 
5316 350 349 348 1465 
5317 386 1408 464 1652 
5318 802 1511 805 1688 
5319 356 358 357 1633 
5320 1416 1689 1424 1690 
5321 1420 1431 1287 1580 
5322 1345 1431 1420 1580 
5323 956 833 1508 1713 
5324 905 810 965 1480 
5325 188 517 637 1239 
5326 959 1414 893 1711 
5327 1436 1516 1300 1716 
5328 1055 1056 1419 1725 
5329 1224 1223 1636 1686 
5330 1225 1216 1637 1685 
5331 458 1411 269 1691 
5332 1388 1496 1302 1585 
5333 1315 1506 1392 1541 
5334 1412 1596 367 1729 
5335 945 854 1505 1588 
5336 339 337 338 1467 
5337 38 747 251 1504 
5338 1101 1103 1099 1531 
5339 606 607 608 1532 
5340 1238 1179 1133 1470 
5341 1300 1527 1716 1719 
5342 1212 1187 1213 1621 
5343 438 439 279 1581 
5344 802 805 803 1688 
5345 1518 1535 1320 1714 
5346 640 700 699 1585 
5347 1229 1163 1222 1585 
5348 690 689 645 1587 
5349 694 693 1637 1689 
5350 592 593 594 1429 
5351 762 941 957 1583 
5352 1078 1080 1079 1449 
5353 1397 1477 1331 1657 
5354 695 1636 696 1690 
5355 301 238 1671 1694 
5356 1072 1616 1418 1628 
5357 1337 1543 1401 1627 
5358 1540 1625 1314 1641 
5359 341 342 343 1483 
5360 1247 1061 1062 1425 
5361 867 869 868 1533 
5362 476 431 296 1647 
5363 1345 1483 1386 1677 
5364 557 559 558 1471 
5365 844 747 38 1504 
5366 38 251 413 1504 
5367 1359 1716 1527 1719 
5368 485 670 677 1693 
5369 596 598 660 1445 
5370 1346 1556 378 1717 
5371 623 717 718 1617 
5372 781 1497 782 1522 
5373 618 619 1523 1593 
5374 1095 1091 1524 1594 
5375 1195 1529 1054 1693 
5376 319 321 442 1454 
5377 305 433 1405 1687 
5378 832 912 936 1455 
5379 1376 1507 1282 1735 
5380 1334 1469 1387 1650 
5381 1387 1468 1334 1650 
5382 791 1630 1372 1647 
5383 428 286 479 1419 
5384 497 659 594 1558 
5385 338 409 1565 1632 
5386 386 1097 1408 1652 
5387 787 974 900 1394 
5388 1378 1464 1330 1654 
5389 300 303 424 1500 
5390 775 1566 933 1675 
5391 562 561 563 1468 
5392 585 583 698 1479 
5393 591 590 589 1730 
5394 802 801 741 1666 
5395 844 38 413 1504 
5396 112 283 1259 1255 
5397 113 420 283 1255 
5398 907 865 1620 1717 
5399 873 944 934 1422 
5400 31 926 756 410 
5401 537 540 722 1530 
5402 112 283 423 1259 
5403 1087 1421 1009 1736 
5404 1168 1218 1217 1587 
5405 459 353 355 1434 
5406 1315 1610 1380 1625 
5407 903 1426 863 1622 
5408 1411 1146 1691 1720 
5409 539 538 1676 1733 
5410 1397 1331 1493 1657 
5411 301 300 238 1694 
5412 447 1443 329 1704 
5413 589 1474 701 1730 
5414 825 827 935 1484 
5415 313 315 439 1485 
5416 891 144 499 1634 
5417 573 574 572 1513 
5418 470 1421 383 1706 
5419 338 336 409 1632 
5420 1235 1402 1167 1695 
5421 692 644 1402 1695 
5422 1164 1403 1211 1696 
5423 641 697 1403 1696 
5424 1124 1127 1141 1509 
5425 1117 1119 1139 1510 
5426 277 1644 442 1680 
5427 732 672 1627 1718 
5428 784 786 787 1430 
5429 936 1645 909 1681 
5430 848 910 846 1638 
5431 563 688 565 1463 
5432 385 466 1409 1729 
5433 458 1651 1411 1691 
5434 1414 1588 1505 1719 
5435 1180 1241 1080 1472 
5436 907 1620 1346 1717 
5437 902 904 903 1426 
5438 803 805 958 1688 
5439 1051 234 1197 1257 
5440 1238 1133 1200 1470 
5441 321 323 443 1475 
5442 1303 1554 1474 1730 
5443 831 832 961 1476 
5444 269 1411 1015 1691 
5445 536 537 1570 1733 
5446 765 893 945 1414 
5447 1210 1118 1120 1493 
5448 1134 1190 1232 1492 
5449 571 569 691 1494 
5450 937 847 849 1435 
5451 580 581 582 1502 
5452 767 950 894 1415 
5453 962 965 742 1632 
5454 1060 1425 1061 1639 
5455 548 550 549 1618 
5456 610 501 663 1414 
5457 826 824 825 1450 
5458 1329 1484 1377 1673 
5459 315 316 317 1451 
5460 1406 1433 1309 1732 
5461 1412 1557 1426 1656 
5462 341 343 453 1483 
5463 1031 1059 1243 1731 
5464 1377 1485 1329 1673 
5465 1533 1598 841 1724 
5466 665 502 616 1415 
5467 732 672 530 1627 
5468 928 966 870 1445 
5469 1339 1486 1379 1671 
5470 329 1443 446 1665 
5471 541 1530 539 1722 
5472 321 322 323 1475 
5473 327 325 326 1665 
5474 1421 1442 1357 1726 
5475 295 1608 294 1641 
5476 831 829 832 1476 
5477 624 625 626 1640 
5478 956 879 833 1713 
5479 489 562 1583 1663 
5480 1269 1258 777 1536 
5481 1414 1437 1359 1719 
5482 1120 1188 1222 1496 
5483 855 1297 1588 1626 
5484 928 142 498 1445 
5485 561 687 563 1468 
5486 1069 1619 1405 1628 
5487 752 864 49 256 
5488 782 1522 1497 1734 
5489 802 875 805 1511 
5490 1378 1473 1340 1668 
5491 873 865 872 1422 
5492 366 1412 367 1729 
5493 1324 1572 1443 1665 
5494 489 562 564 1583 
5495 662 499 604 1634 
5496 621 619 716 1523 
5497 775 933 956 1675 
5498 1183 1206 1095 1524 
5499 1331 1496 1386 1672 
5500 142 927 660 1445 
5501 1086 1607 1726 1736 
5502 829 828 1582 1707 
5503 322 1582 405 1707 
5504 1146 1147 1691 1720 
5505 901 829 828 1582 
5506 322 320 405 1582 
5507 903 863 859 1622 
5508 1427 1607 1357 1726 
5509 335 336 337 1477 
5510 833 878 1508 1713 
5511 335 337 450 1477 
5512 1256 1267 1272 1571 
5513 447 329 331 1704 
5514 1230 1418 1205 1684 
5515 784 783 785 1430 
5516 1056 1196 1055 1419 
5517 273 451 1672 1679 
5518 1491 1545 1349 1633 
5519 569 568 567 1460 
5520 939 942 892 1520 
5521 387 461 462 1521 
5522 354 355 1434 1633 
5523 942 947 764 1520 
5524 268 460 461 1521 
5525 707 603 601 1501 
5526 1033 511 175 1155 
5527 939 1520 892 1699 
5528 387 1521 462 1700 
5529 268 460 1521 1698 
5530 364 366 365 1528 
5531 395 446 1572 1670 
5532 518 705 704 1537 
5533 637 706 705 1537 
5534 1379 1481 1339 1671 
5535 518 1537 704 1703 
5536 507 539 538 1676 
5537 248 344 342 1577 
5538 593 1429 592 1730 
5539 1006 1082 64 260 
5540 1187 1113 1186 1420 
5541 1310 1592 1407 1609 
5542 391 1677 453 1697 
5543 1187 1420 1186 1621 
5544 1393 1495 1338 1683 
5545 1060 1061 1058 1639 
5546 1205 1418 1072 1616 
5547 845 1435 847 1638 
5548 810 905 874 1480 
5549 1104 1105 1531 1604 
5550 1136 1238 1231 1469 
5551 1175 485 1054 1715 
5552 620 621 622 1523 
5553 1134 1132 1130 1466 
5554 485 677 1054 1715 
5555 277 442 443 1680 
5556 396 443 444 1680 
5557 961 936 909 1681 
5558 393 449 450 1679 
5559 273 450 451 1679 
5560 1564 1586 1312 1723 
5561 1184 1182 1183 1524 
5562 798 932 819 1481 
5563 1360 1557 1412 1596 
5564 444 445 276 1670 
5565 394 447 448 1669 
5566 395 445 446 1670 
5567 448 449 274 1669 
5568 667 624 626 1559 
5569 1473 1577 1309 1732 
5570 893 1414 501 1711 
5571 117 530 758 794 
5572 426 484 421 1721 
5573 1338 1482 1393 1683 
5574 1179 1581 1024 1659 
5575 587 586 585 1464 
5576 379 64 1082 260 
5577 330 328 407 1417 
5578 459 460 388 1698 
5579 945 939 765 1699 
5580 267 462 463 1700 
5581 1225 1216 1166 1637 
5582 1223 1211 1042 1636 
5583 1165 1224 1223 1636 
5584 1044 1235 1225 1637 
5585 524 693 692 1637 
5586 695 642 696 1636 
5587 643 694 693 1637 
5588 697 696 522 1636 
5589 958 962 880 1635 
5590 791 1457 1630 1647 
5591 1357 1421 1726 1736 
5592 948 961 739 1681 
5593 1179 1136 1024 1581 
5594 950 767 954 1701 
5595 466 467 265 1702 
5596 470 1421 434 1736 
5597 1237 1192 1081 1495 
5598 823 827 825 1484 
5599 940 797 798 1499 
5600 1004 994 984 1497 
5601 1312 1586 1564 1727 
5602 385 465 466 1729 
5603 553 551 1441 1618 
5604 1074 1616 1069 1687 
5605 315 313 314 1485 
5606 1310 1407 1592 1728 
5607 376 378 1556 1717 
5608 585 584 583 1479 
5609 944 951 896 1559 
5610 718 625 623 1428 
5611 376 377 1515 1556 
5612 456 347 349 1602 
5613 951 896 1559 1712 
5614 797 796 798 1499 
5615 577 1424 576 1689 
5616 1300 1517 1437 1716 
5617 578 1424 577 1690 
5618 547 117 530 758 
5619 799 795 797 1543 
5620 322 243 324 1707 
5621 829 830 773 1707 
5622 287 284 286 1623 
5623 967 931 756 1577 
5624 375 376 1515 1728 
5625 368 370 369 1596 
5626 589 701 591 1730 
5627 630 673 682 1560 
5628 1314 1534 1371 1624 
5629 354 352 413 1504 
5630 1126 1123 1423 1685 
5631 1140 1126 1423 1686 
5632 811 931 1473 1732 
5633 1120 1118 1116 1493 
5634 1190 1134 1142 1492 
5635 868 845 844 1504 
5636 571 570 569 1494 
5637 1055 1419 996 1725 
5638 1072 1418 1071 1628 
5639 638 704 703 1703 
5640 535 536 1570 1612 
5641 1380 1432 1430 1544 
5642 602 603 604 1501 
5643 612 614 664 1711 
5644 263 1009 1421 1736 
5645 364 363 362 1528 
5646 813 282 11 733 
5647 924 1671 734 1694 
5648 900 507 721 1676 
5649 83 389 1145 1567 
5650 391 453 454 1697 
5651 1405 1525 1320 1619 
5652 811 1473 842 1732 
5653 340 338 247 1565 
5654 40 748 252 1564 
5655 1239 1202 1152 1537 
5656 745 952 890 1558 
5657 1311 1405 1616 1687 
5658 1248 1220 1088 1726 
5659 1230 1071 1072 1418 
5660 1143 1188 1120 1496 
5661 860 862 871 1609 
5662 289 292 291 1432 
5663 1185 1106 1151 1478 
5664 1522 1676 1363 1734 
5665 725 540 541 1530 
5666 963 813 1413 1694 
5667 370 368 417 1557 
5668 903 859 858 1557 
5669 560 488 558 1553 
5670 695 577 1689 1690 
5671 695 577 694 1689 
5672 1508 1546 1328 1713 
5673 1081 1192 1075 1495 
5674 1170 1231 1238 1469 
5675 1419 1606 1341 1692 
5676 420 421 283 1535 
5677 624 504 622 1559 
5678 618 619 620 1523 
5679 1113 1110 1420 1649 
5680 1184 1095 1091 1524 
5681 361 362 363 1507 
5682 740 878 925 1642 
5683 933 1440 804 1713 
5684 854 852 856 1505 
5685 1216 1685 1126 1686 
5686 1224 1216 1126 1686 
5687 469 470 383 1706 
5688 329 447 446 1443 
5689 871 865 752 1592 
5690 1250 1195 1054 1693 
5691 60 982 990 284 
5692 600 601 602 1590 
5693 370 371 369 1596 
5694 882 418 47 1551 
5695 804 1440 801 1688 
5696 548 549 486 1589 
5697 1078 1077 1026 1561 
5698 594 595 596 1591 
5699 366 367 365 1729 
5700 281 471 435 1597 
5701 486 548 1589 1710 
5702 371 467 369 1596 
5703 65 1082 1007 261 
5704 646 1169 1646 1650 
5705 931 836 1577 1732 
5706 706 637 517 1629 
5707 299 282 11 813 
5708 675 1522 536 1612 
5709 1086 1607 1193 1726 
5710 1326 1530 1404 1709 
5711 1213 1537 1016 1703 
5712 931 836 835 1577 
5713 781 227 984 991 
5714 954 895 1538 1701 
5715 384 467 1539 1702 
5716 430 305 433 1405 
5717 943 954 895 1538 
5718 384 467 468 1539 
5719 951 943 768 1538 
5720 468 469 264 1539 
5721 891 764 947 1634 
5722 469 264 1539 1706 
5723 951 1538 768 1712 
5724 1322 1547 1511 1688 
5725 1086 1421 1087 1736 
5726 1193 1427 1067 1726 
5727 955 958 774 1635 
5728 1423 1443 1324 1572 
5729 1313 1691 1567 1720 
5730 923 754 52 431 
5731 1086 1087 1009 1736 
5732 256 864 49 419 
5733 930 842 811 1473 
5734 1191 1180 1025 1562 
5735 270 389 83 1567 
5736 83 1145 1150 1567 
5737 956 948 887 1675 
5738 354 356 355 1633 
5739 940 924 734 1694 
5740 283 422 423 1535 
5741 850 748 40 1564 
5742 40 252 414 1564 
5743 673 545 546 1444 
5744 376 374 256 1592 
5745 713 613 712 1716 
5746 811 842 931 1732 
5747 286 428 287 1419 
5748 1187 1186 1181 1621 
5749 1174 1683 680 1684 
5750 1316 1546 1508 1713 
5751 672 731 1441 1718 
5752 1082 65 379 261 
5753 719 550 553 1618 
5754 991 997 1497 1522 
5755 1374 1623 1419 1692 
5756 360 362 361 1727 
5757 897 769 156 505 
5758 487 554 556 1555 
5759 535 1570 722 1731 
5760 669 674 1613 1627 
5761 1511 1547 1317 1688 
5762 175 630 511 1033 
5763 362 360 415 1586 
5764 851 906 852 1586 
5765 621 716 717 1617 
5766 772 920 782 1676 
5767 1161 1212 1213 1703 
5768 1213 1202 1016 1537 
5769 263 1421 470 1736 
5770 286 60 990 284 
5771 972 917 770 1552 
5772 1453 1570 535 1731 
5773 667 156 769 505 
5774 1244 1058 1061 1639 
5775 542 541 539 1722 
5776 258 52 754 431 
5777 255 47 418 1551 
5778 751 882 47 1551 
5779 906 856 852 1723 
5780 846 845 847 1638 
5781 883 1589 796 1710 
5782 543 1506 541 1722 
5783 477 292 1540 1641 
5784 1245 1084 1599 1624 
5785 748 252 1564 1586 
5786 651 560 562 1663 
5787 1194 995 1001 1453 
5788 799 914 795 1543 
5789 798 819 924 1481 
5790 1206 1215 1156 1447 
5791 717 716 512 1447 
5792 615 613 713 1716 
5793 886 1583 935 1663 
5794 957 935 886 1583 
5795 398 1581 440 1659 
5796 690 525 691 1587 
5797 698 521 699 1585 
5798 1041 1210 1222 1585 
5799 955 803 958 1688 
5800 398 439 440 1581 
5801 615 614 613 1716 
5802 1059 1639 1057 1731 
5803 291 290 1432 1544 
5804 1266 1197 234 1257 
5805 635 710 709 1446 
5806 1221 1038 1226 1446 
5807 368 1557 1412 1656 
5808 691 1587 525 1695 
5809 1210 1585 1041 1696 
5810 521 1585 698 1696 
5811 1131 1179 1154 1659 
5812 1045 1587 1232 1695 
5813 1045 1217 1232 1587 
5814 1372 1630 1457 1647 
5815 841 870 869 1533 
5816 1000 990 996 1419 
5817 543 544 545 1506 
5818 1239 1152 1201 1629 
5819 841 870 1533 1724 
5820 812 1565 929 1632 
5821 83 1150 270 1567 
5822 40 414 850 1564 
5823 368 1412 366 1656 
5824 1230 1072 1205 1418 
5825 262 67 1008 380 
5826 605 709 1532 1674 
5827 1122 1140 1123 1572 
5828 1155 1220 1033 1603 
5829 271 454 1549 1697 
5830 471 302 304 1486 
5831 1371 1599 1314 1624 
5832 1441 1684 1418 1715 
5833 1186 1113 1110 1420 
5834 965 812 929 1632 
5835 981 914 799 1543 
5836 271 454 455 1549 
5837 390 455 456 1549 
5838 785 786 1430 1544 
5839 751 47 255 1551 
5840 1194 995 985 231 
5841 837 839 840 1598 
5842 578 655 576 1566 
5843 1059 1404 1639 1731 
5844 1419 1623 1606 1692 
5845 366 368 367 1412 
5846 544 543 506 1541 
5847 457 349 351 1465 
5848 301 304 302 1486 
5849 1224 1043 1216 1416 
5850 694 523 695 1416 
5851 543 1541 1506 1722 
5852 1151 1146 1185 1720 
5853 1255 1259 1260 1535 
5854 383 470 263 1421 
5855 1101 1226 1104 1531 
5856 607 605 709 1532 
5857 1195 1198 1054 1529 
5858 1376 1528 1297 1611 
5859 1174 213 1050 1684 
5860 592 659 496 1558 
5861 883 932 796 1589 
5862 425 475 262 1607 
5863 1087 1144 1009 1421 
5864 1070 1569 1073 1619 
5865 370 255 372 1551 
5866 751 859 860 1551 
5867 44 857 750 1656 
5868 293 291 292 1641 
5869 760 121 650 1555 
5870 347 348 349 1602 
5871 422 1525 430 1619 
5872 963 940 813 1694 
5873 1073 109 1028 1619 
5874 1370 1441 1418 1715 
5875 915 402 1658 1662 
5876 535 536 537 1570 
5877 483 303 430 1525 
5878 914 794 795 1627 
5879 492 131 775 1566 
5880 36 746 250 1519 
5881 412 881 36 1519 
5882 727 1001 534 1453 
5883 1268 1271 1529 1693 
5884 588 590 658 1668 
5885 94 1021 395 1572 
5886 1151 1106 1240 1478 
5887 550 552 549 1482 
5888 553 551 678 1441 
5889 1310 1592 1551 1728 
5890 547 672 548 1710 
5891 1083 1008 67 380 
5892 833 879 878 1713 
5893 933 804 879 1713 
5894 250 412 36 1519 
5895 881 746 36 1519 
5896 604 605 606 1532 
5897 1104 1105 1103 1531 
5898 981 777 921 1536 
5899 401 306 301 1671 
5900 346 348 347 1602 
5901 500 892 146 1520 
5902 387 1107 79 1521 
5903 764 662 146 1520 
5904 1014 268 79 1521 
5905 841 840 839 1598 
5906 737 1648 241 1673 
5907 422 421 1525 1535 
5908 492 655 131 1566 
5909 1245 1193 1008 1607 
5910 724 544 679 1552 
5911 44 416 857 1656 
5912 772 533 920 1676 
5913 630 1033 174 1560 
5914 1145 1147 1567 1691 
5915 801 802 803 1688 
5916 477 293 292 1641 
5917 764 146 892 1520 
5918 662 500 146 1520 
5919 1107 1014 79 1521 
5920 387 79 268 1521 
5921 928 927 142 1445 
5922 288 1542 427 1664 
5923 855 1588 959 1626 
5924 721 772 900 1676 
5925 669 668 531 1571 
5926 1143 1018 1138 1672 
5927 1405 1619 1320 1628 
5928 305 1597 432 1687 
5929 1328 1440 1424 1566 
5930 54 969 259 472 
5931 772 721 533 1676 
5932 538 536 1676 1733 
5933 1370 1529 1518 1693 
5934 403 314 312 1673 
5935 822 916 823 1673 
5936 487 650 121 1555 
5937 885 946 938 1553 
5938 1341 1639 1374 1692 
5939 1174 680 213 1684 
5940 953 959 766 1711 
5941 590 591 592 1730 
5942 753 431 51 257 
5943 1094 1178 1176 1615 
5944 1075 1027 1597 1687 
5945 1232 1235 1167 1695 
5946 692 691 644 1695 
5947 1164 1211 1210 1696 
5948 641 698 697 1696 
5949 1177 1178 1102 1615 
5950 361 363 463 1507 
5951 425 298 297 1489 
5952 777 1269 866 222 
5953 520 701 700 1554 
5954 1228 1040 1229 1554 
5955 626 726 546 1640 
5956 639 702 701 1708 
5957 1228 1214 1162 1708 
5958 1148 1498 1147 1720 
5959 778 1497 783 1734 
5960 435 436 400 1561 
5961 399 437 438 1562 
5962 925 955 834 1417 
5963 254 44 750 1656 
5964 358 356 414 1564 
5965 850 846 910 1564 
5966 895 503 153 1538 
5967 945 854 856 1505 
5968 384 72 1090 1539 
5969 672 731 551 1441 
5970 1263 1255 1261 1535 
5971 579 578 577 1690 
5972 1145 1146 1147 1691 
5973 1251 1194 1001 1453 
5974 768 153 666 1538 
5975 1010 72 264 1539 
5976 639 193 1162 1554 
5977 666 153 503 1538 
5978 1010 1090 72 1539 
5979 577 576 575 1689 
5980 945 959 854 1588 
5981 760 884 121 1555 
5982 1148 1151 1152 1720 
5983 1300 1716 1437 1719 
5984 538 536 533 1676 
5985 910 1490 913 1723 
5986 769 934 944 1559 
5987 870 966 869 1614 
5988 639 701 1554 1708 
5989 1228 1162 1554 1708 
5990 840 841 867 1533 
5991 760 650 122 1553 
5992 1126 1125 1123 1685 
5993 1140 1189 1126 1686 
5994 280 1137 104 1561 
5995 94 395 275 1572 
5996 94 1122 1021 1572 
5997 933 801 804 1440 
5998 800 775 131 1566 
5999 358 359 1491 1727 
6000 103 1137 280 1562 
6001 758 796 795 1710 
6002 327 329 446 1665 
6003 839 1598 968 1724 
6004 1298 1618 1482 1631 
6005 1376 1528 1507 1735 
6006 1606 1623 1419 1664 
6007 1034 1208 1155 1603 
6008 254 750 45 1557 
6009 381 293 477 1641 
6010 1150 1147 1181 1567 
6011 801 933 800 1566 
6012 768 895 153 1538 
6013 384 264 72 1539 
6014 800 131 655 1566 
6015 222 777 1269 1258 
6016 670 1370 1571 1693 
6017 577 578 576 1424 
6018 676 1251 727 1453 
6019 676 1453 535 1731 
6020 372 373 1488 1728 
6021 1264 921 223 1258 
6022 263 470 434 1736 
6023 377 470 375 1515 
6024 537 722 535 1570 
6025 678 670 485 1715 
6026 30 409 929 1565 
6027 510 630 174 1560 
6028 677 730 1250 1693 
6029 1169 206 646 1646 
6030 1001 992 534 1453 
6031 429 109 1073 1619 
6032 771 974 899 1541 
6033 487 121 884 1555 
6034 252 748 41 1586 
6035 1140 1126 1123 1423 
6036 1086 1085 1607 1736 
6037 777 922 866 1536 
6038 359 361 462 1727 
6039 364 1611 416 1656 
6040 778 984 226 994 
6041 718 631 511 1603 
6042 701 702 591 1730 
6043 597 599 598 1514 
6044 1040 1162 193 1554 
6045 639 520 193 1554 
6046 277 1129 98 1644 
6047 1482 1618 1338 1631 
6048 409 30 247 1565 
6049 909 127 653 1645 
6050 495 586 588 1654 
6051 430 1405 237 1619 
6052 550 719 552 1482 
6053 488 122 650 1553 
6054 913 939 856 1723 
6055 94 275 1122 1572 
6056 778 782 781 1497 
6057 1268 235 1195 1529 
6058 760 122 885 1553 
6059 312 310 240 1662 
6060 916 736 820 1662 
6061 280 104 400 1561 
6062 104 1137 1026 1561 
6063 306 239 308 1658 
6064 189 1239 637 1537 
6065 375 374 376 1728 
6066 241 737 19 1648 
6067 815 814 924 1671 
6068 1033 1199 174 1560 
6069 637 518 189 1537 
6070 1172 1203 1171 1661 
6071 85 1029 1109 1549 
6072 103 280 399 1562 
6073 1137 103 1025 1562 
6074 914 1613 780 1627 
6075 778 782 1497 1734 
6076 1054 677 1250 1693 
6077 54 969 755 259 
6078 1029 85 390 1549 
6079 85 1109 271 1549 
6080 44 254 416 1656 
6081 935 946 761 1663 
6082 1253 1175 1054 1715 
6083 744 890 949 1558 
6084 858 45 750 1557 
6085 417 254 45 1557 
6086 857 902 750 1656 
6087 440 441 278 1659 
6088 1075 1074 1027 1687 
6089 1052 1057 1056 1725 
6090 223 921 777 1258 
6091 650 1553 760 1555 
6092 1176 1177 1012 1652 
6093 863 903 904 1426 
6094 855 853 854 1588 
6095 889 930 808 1668 
6096 996 230 1055 1725 
6097 1370 1518 1571 1693 
6098 913 910 848 1490 
6099 357 358 359 1491 
6100 1250 730 1274 1693 
6101 375 469 373 1728 
6102 1110 1112 1111 1649 
6103 1040 193 520 1554 
6104 375 376 377 1515 
6105 1158 1236 1036 1516 
6106 1037 1207 1158 1517 
6107 634 514 712 1517 
6108 514 633 713 1516 
6109 1048 528 1653 1661 
6110 518 1016 189 1537 
6111 611 613 612 1716 
6112 516 1446 709 1674 
6113 488 885 122 1553 
6114 668 669 674 1613 
6115 371 372 373 1488 
6116 862 860 861 1487 
6117 1001 727 1251 1453 
6118 1414 1359 1588 1719 
6119 1345 1580 1420 1649 
6120 1051 1195 235 1529 
6121 275 446 447 1572 
6122 1065 1066 1064 1599 
6123 1153 1111 1138 1677 
6124 104 1026 400 1561 
6125 1230 1418 1684 1715 
6126 302 303 300 1500 
6127 791 1457 792 1630 
6128 1070 1197 1073 1569 
6129 712 613 611 1716 
6130 1068 107 1027 1687 
6131 960 964 884 1555 
6132 543 542 1541 1722 
6133 399 1025 103 1562 
6134 754 923 791 1647 
6135 417 45 858 1557 
6136 994 226 778 919 
6137 1016 1239 189 1537 
6138 612 613 614 1716 
6139 1297 1611 1528 1656 
6140 675 532 983 1612 
6141 434 1607 382 1736 
6142 876 824 911 1648 
6143 316 404 318 1648 
6144 1268 1257 235 1529 
6145 970 779 56 473 
6146 85 271 390 1549 
6147 261 477 379 1540 
6148 490 566 568 1645 
6149 851 41 748 1586 
6150 41 415 252 1586 
6151 1131 1023 1130 1644 
6152 808 807 743 1654 
6153 988 1419 1606 1725 
6154 907 975 793 1620 
6155 1193 1067 1248 1726 
6156 602 601 603 1501 
6157 432 1027 107 1687 
6158 1171 1170 1047 1650 
6159 1357 1726 1607 1736 
6160 812 967 926 1565 
6161 681 1684 678 1715 
6162 1069 1070 1619 1628 
6163 984 778 227 781 
6164 141 497 660 927 
6165 498 661 143 928 
6166 735 815 816 1658 
6167 1051 235 1257 1529 
6168 543 541 542 1722 
6169 1147 1148 1149 1498 
6170 1028 433 108 1068 
6171 458 353 459 1651 
6172 457 351 458 1651 
6173 422 429 1569 1619 
6174 1097 386 76 1652 
6175 1265 1272 1271 1693 
6176 649 759 119 1589 
6177 1058 1056 1057 1639 
6178 1137 1561 280 1562 
6179 174 1199 510 1560 
6180 993 997 1522 1612 
6181 647 686 685 1661 
6182 763 143 661 928 
6183 505 626 724 1552 
6184 866 922 918 1595 
6185 927 141 497 745 
6186 1244 1056 1058 1639 
6187 1271 1262 1278 1518 
6188 986 1542 987 1664 
6189 41 851 415 1586 
6190 366 364 416 1656 
6191 30 929 926 1565 
6192 532 165 675 983 
6193 355 353 354 1434 
6194 649 119 486 1589 
6195 87 391 1030 1677 
6196 1193 1086 1085 1607 
6197 926 247 30 1565 
6198 847 845 849 1435 
6199 430 433 237 1405 
6200 646 206 526 1646 
6201 792 793 917 1457 
6202 1268 1265 1271 1693 
6203 230 996 985 1725 
6204 882 418 1551 1592 
6205 431 753 51 923 
6206 1046 206 1169 1646 
6207 1048 528 210 1653 
6208 657 136 806 1654 
6209 988 996 1419 1725 
6210 803 804 801 1688 
6211 451 452 392 1672 
6212 915 402 15 1658 
6213 1196 1006 63 428 
6214 1053 1251 676 1453 
6215 1023 98 1129 1644 
6216 397 277 98 1644 
6217 16 402 915 1662 
6218 1237 1204 1049 1683 
6219 909 908 127 1645 
6220 490 653 127 1645 
6221 389 1567 457 1691 
6222 1169 646 207 1650 
6223 1243 627 170 1031 
6224 507 161 900 721 
6225 1401 1337 1627 1718 
6226 1062 1061 1060 1425 
6227 970 473 55 1544 
6228 953 950 904 1626 
6229 368 254 1557 1656 
6230 984 991 997 1497 
6231 971 1676 782 1734 
6232 382 434 425 1607 
6233 59 427 986 1664 
6234 1313 1411 1691 1720 
6235 876 19 737 1648 
6236 241 19 404 1648 
6237 456 457 270 1567 
6238 592 594 659 1558 
6239 1075 1192 1074 1616 
6240 535 676 534 1453 
6241 119 883 486 1589 
6242 327 326 328 1665 
6243 955 804 803 1688 
6244 218 1256 671 531 
6245 671 1265 1256 218 
6246 389 457 458 1691 
6247 953 855 959 1626 
6248 119 759 883 1589 
6249 1497 1522 1363 1734 
6250 786 789 788 1610 
6251 1411 1651 1313 1691 
6252 32 248 410 1577 
6253 242 738 21 1582 
6254 1262 1272 1270 1518 
6255 511 630 682 1603 
6256 1050 681 1175 1715 
6257 101 1135 279 1581 
6258 652 762 125 1583 
6259 640 195 1163 1585 
6260 1057 1453 1053 1731 
6261 327 328 329 1665 
6262 294 291 293 1641 
6263 290 289 291 1432 
6264 59 986 982 1664 
6265 1145 1567 389 1691 
6266 32 835 248 1577 
6267 985 1194 231 1052 
6268 725 1678 509 1709 
6269 505 157 897 1552 
6270 432 305 471 1597 
6271 784 785 786 1430 
6272 499 661 602 1634 
6273 987 1004 989 1606 
6274 591 593 592 1730 
6275 296 297 298 1489 
6276 1052 1055 230 1725 
6277 262 1008 68 1607 
6278 533 536 675 1522 
6279 173 628 510 1199 
6280 157 770 897 1552 
6281 535 532 536 1612 
6282 907 865 873 1620 
6283 204 645 1168 1587 
6284 756 32 410 1577 
6285 381 1534 293 1641 
6286 485 1175 1054 215 
6287 1227 1036 1236 1516 
6288 1037 1219 1207 1517 
6289 712 711 634 1517 
6290 633 714 713 1516 
6291 684 683 648 1653 
6292 871 872 865 1609 
6293 687 686 527 1650 
6294 1414 1588 1359 1711 
6295 1097 76 1012 1652 
6296 266 76 386 1652 
6297 288 285 427 1542 
6298 828 405 21 1582 
6299 1247 1084 1007 1624 
6300 381 477 261 1624 
6301 166 534 992 983 
6302 1059 1060 1058 1639 
6303 828 21 738 1582 
6304 242 21 405 1582 
6305 398 1024 101 1581 
6306 257 50 753 1717 
6307 489 125 886 1583 
6308 528 648 210 1653 
6309 398 101 279 1581 
6310 1135 101 1024 1581 
6311 675 983 993 1612 
6312 1041 195 521 1585 
6313 1045 525 204 1587 
6314 729 675 1003 1522 
6315 886 125 762 1583 
6316 489 652 125 1583 
6317 917 934 897 1552 
6318 1213 1187 1149 1621 
6319 898 770 158 679 
6320 428 1006 63 260 
6321 1041 1163 195 1585 
6322 640 521 195 1585 
6323 204 525 645 1587 
6324 281 1076 106 1597 
6325 464 465 266 1652 
6326 1027 106 1076 1597 
6327 976 991 781 1522 
6328 433 107 1068 1687 
6329 527 207 646 1650 
6330 629 723 628 1678 
6331 1256 531 219 1267 
6332 510 723 673 1560 
6333 990 988 996 1419 
6334 277 1129 1644 1680 
6335 896 504 155 1559 
6336 653 909 1645 1681 
6337 391 87 272 1677 
6338 87 1030 1153 1677 
6339 604 499 602 1634 
6340 732 1627 669 1718 
6341 272 452 453 1677 
6342 397 98 1023 1644 
6343 490 127 908 1645 
6344 976 1003 991 1522 
6345 1181 1149 1187 1621 
6346 992 995 998 1453 
6347 526 206 1046 1646 
6348 1267 531 219 668 
6349 18 737 241 1673 
6350 1263 1261 1269 1595 
6351 1168 1045 204 1587 
6352 505 679 157 1552 
6353 136 743 806 1654 
6354 657 495 136 1654 
6355 839 841 1598 1724 
6356 778 783 782 1734 
6357 689 688 526 1646 
6358 944 873 872 1422 
6359 750 1557 254 1656 
6360 89 1115 273 1672 
6361 908 936 941 1645 
6362 402 239 15 1658 
6363 1169 207 1047 1650 
6364 1252 1266 1276 1569 
6365 441 442 397 1644 
6366 16 240 402 1662 
6367 769 896 155 1559 
6368 157 679 770 1552 
6369 915 15 735 1658 
6370 876 404 19 1648 
6371 793 1457 791 1647 
6372 16 915 736 1662 
6373 32 756 835 1577 
6374 159 771 898 720 
6375 994 987 986 1542 
6376 1204 1234 1173 1653 
6377 993 675 165 983 
6378 1048 210 1173 1653 
6379 305 303 302 1500 
6380 1074 1072 1069 1616 
6381 780 914 921 1613 
6382 529 683 719 1683 
6383 1015 82 269 1691 
6384 433 432 107 1687 
6385 1214 1112 1113 1649 
6386 721 162 772 533 
6387 972 899 792 1630 
6388 988 1606 1005 1725 
6389 755 970 55 1544 
6390 259 55 473 1544 
6391 170 508 627 1243 
6392 161 772 900 721 
6393 1200 1218 1046 1646 
6394 1266 1260 1259 1569 
6395 506 159 898 720 
6396 48 418 882 1592 
6397 262 68 382 1607 
6398 1052 230 985 1725 
6399 775 492 1566 1675 
6400 628 173 1032 1199 
6401 577 1424 1689 1690 
6402 1008 1085 68 1607 
6403 238 734 13 1671 
6404 1126 1685 1423 1686 
6405 297 296 295 1534 
6406 1021 395 1572 1670 
6407 422 283 421 1535 
6408 1072 1071 1069 1628 
6409 978 426 480 1595 
6410 517 636 707 1629 
6411 1057 1194 1053 1453 
6412 496 744 138 1668 
6413 473 779 56 285 
6414 681 1050 213 1684 
6415 986 427 1542 1664 
6416 293 1534 295 1641 
6417 679 158 898 506 
6418 783 919 779 1542 
6419 528 1048 209 1661 
6420 481 285 979 1542 
6421 918 426 1595 1721 
6422 1437 1716 1359 1719 
6423 282 424 484 1721 
6424 66 1083 380 1624 
6425 266 1012 76 1652 
6426 1340 1643 1474 1730 
6427 752 256 48 1592 
6428 752 48 882 1592 
6429 539 540 537 1530 
6430 675 993 1522 1612 
6431 539 1530 537 1733 
6432 973 923 753 1647 
6433 925 879 804 1713 
6434 478 434 377 1556 
6435 986 427 481 1542 
6436 782 971 772 1676 
6437 527 1047 207 1650 
6438 1274 730 671 1693 
6439 904 902 855 1626 
6440 106 1027 432 1597 
6441 1055 1052 1056 1725 
6442 1073 1569 429 1619 
6443 870 927 1445 1724 
6444 791 793 792 1457 
6445 681 213 680 1684 
6446 988 1005 996 1725 
6447 1050 1175 681 214 
6448 1050 1230 1205 1684 
6449 667 769 155 1559 
6450 891 937 763 1634 
6451 498 660 598 1445 
6452 1173 210 648 1653 
6453 1201 1240 1039 1629 
6454 1054 677 485 215 
6455 534 166 532 983 
6456 1030 1677 391 1697 
6457 868 869 849 1614 
6458 1024 398 100 1659 
6459 136 495 743 1654 
6460 702 593 591 1730 
6461 368 366 254 1656 
6462 1342 1606 1623 1692 
6463 1341 1606 1419 1725 
6464 516 635 709 1446 
6465 1160 1226 1038 1446 
6466 806 657 1654 1682 
6467 1002 986 481 1542 
6468 124 489 886 1663 
6469 87 1153 272 1677 
6470 239 735 15 1658 
6471 256 418 48 1592 
6472 240 16 736 1662 
6473 680 1174 212 1683 
6474 920 729 976 1522 
6475 420 426 421 1595 
6476 1177 1176 1178 1615 
6477 1050 1684 681 1715 
6478 237 1028 109 1619 
6479 66 1007 1083 1624 
6480 66 380 261 1624 
6481 1085 382 68 1607 
6482 969 472 53 1608 
6483 1315 1506 1541 1722 
6484 1252 1197 1266 1569 
6485 667 155 504 1559 
6486 1525 1535 1325 1714 
6487 1320 1535 1525 1714 
6488 898 771 899 1541 
6489 416 1611 857 1656 
6490 629 541 543 1506 
6491 376 419 378 1717 
6492 1035 1206 1156 1447 
6493 475 297 381 1534 
6494 632 512 716 1447 
6495 106 432 281 1597 
6496 379 292 474 1540 
6497 363 364 365 1528 
6498 737 18 822 1673 
6499 18 241 403 1673 
6500 1053 1453 676 1731 
6501 401 238 13 1671 
6502 1018 1115 89 1672 
6503 89 273 392 1672 
6504 496 138 658 1668 
6505 1049 212 1174 1683 
6506 378 377 376 1556 
6507 528 209 647 1661 
6508 920 772 162 533 
6509 878 879 925 1713 
6510 844 845 747 1504 
6511 413 251 354 1504 
6512 1374 1432 1623 1692 
6513 540 725 627 1709 
6514 733 980 963 1721 
6515 669 732 674 1627 
6516 978 918 426 1595 
6517 890 952 949 1558 
6518 1113 1112 1110 1649 
6519 517 707 706 1629 
6520 259 755 55 1544 
6521 257 419 50 1717 
6522 1007 66 261 1624 
6523 979 919 1002 1542 
6524 82 389 269 1691 
6525 82 1015 1145 1691 
6526 920 781 782 1522 
6527 1274 671 1265 1693 
6528 929 1565 409 1632 
6529 1277 1258 1269 1536 
6530 1269 866 1275 1595 
6531 734 814 13 1671 
6532 1275 866 978 1595 
6533 423 1276 1259 1569 
6534 864 753 50 1717 
6535 59 284 427 1664 
6536 1230 1684 1050 1715 
6537 253 749 43 1611 
6538 43 857 416 1611 
6539 601 599 706 1590 
6540 1474 1643 1303 1730 
6541 1162 639 1554 1708 
6542 595 704 597 1591 
6543 891 947 937 1634 
6544 1069 1070 1028 1619 
6545 625 624 623 1428 
6546 992 999 983 1612 
6547 889 138 744 1668 
6548 674 780 728 1613 
6549 1172 209 1048 1661 
6550 59 982 284 1664 
6551 1104 1106 1105 1604 
6552 432 1597 1027 1687 
6553 864 865 907 1717 
6554 403 822 18 1673 
6555 89 392 1018 1672 
6556 116 794 780 1627 
6557 533 729 920 1522 
6558 516 709 708 1674 
6559 1254 1070 1071 1628 
6560 708 605 603 1674 
6561 994 1002 919 1542 
6562 421 483 422 1525 
6563 1273 668 728 1613 
6564 1258 1277 1270 1536 
6565 429 237 109 1619 
6566 728 780 977 1613 
6567 13 814 401 1671 
6568 1220 1155 1208 1603 
6569 1172 647 209 1661 
6570 889 658 138 1668 
6571 623 622 621 1617 
6572 293 295 294 1641 
6573 486 883 118 1710 
6574 373 468 371 1488 
6575 862 861 943 1487 
6576 349 350 351 1465 
6577 1342 1623 1432 1692 
6578 278 100 398 1659 
6579 1024 100 1154 1659 
6580 1263 480 420 1595 
6581 1254 1198 1051 1529 
6582 509 1678 1242 1709 
6583 1150 1145 1147 1567 
6584 124 886 761 1663 
6585 124 651 489 1663 
6586 779 979 285 1542 
6587 553 678 681 1684 
6588 748 850 910 1564 
6589 414 252 358 1564 
6590 951 872 862 1609 
6591 116 530 794 1627 
6592 1115 273 1672 1679 
6593 618 617 619 1593 
6594 291 259 290 1544 
6595 785 755 786 1544 
6596 1095 1093 1091 1594 
6597 1149 1148 1202 1498 
6598 676 727 534 1453 
6599 82 1145 389 1691 
6600 749 857 43 1611 
6601 416 253 43 1611 
6602 1024 1581 398 1659 
6603 351 352 353 1651 
6604 1049 529 212 1683 
6605 674 780 1613 1627 
6606 754 969 53 1608 
6607 472 258 53 1608 
6608 426 918 10 1721 
6609 489 1583 886 1663 
6610 1182 1089 1183 1584 
6611 29 246 742 1632 
6612 116 780 674 1627 
6613 412 881 1519 1705 
6614 500 892 1520 1699 
6615 1107 1521 387 1700 
6616 1014 268 1521 1698 
6617 482 1276 423 1569 
6618 278 1154 100 1659 
6619 255 418 372 1551 
6620 882 751 860 1551 
6621 913 848 942 1490 
6622 357 359 461 1491 
6623 124 761 651 1663 
6624 1109 1029 1186 1549 
6625 987 1606 988 1664 
6626 621 620 619 1523 
6627 609 608 607 1579 
6628 1100 1101 1099 1578 
6629 1183 1095 1184 1524 
6630 474 289 287 1623 
6631 680 212 529 1683 
6632 895 503 1538 1701 
6633 384 1539 1090 1702 
6634 1252 233 1276 1266 
6635 503 620 666 1538 
6636 1010 1539 264 1706 
6637 1184 1090 1010 1539 
6638 1342 1623 1606 1664 
6639 1205 1072 1192 1616 
6640 541 540 539 1530 
6641 509 1242 171 1709 
6642 1069 1068 1074 1687 
6643 1242 1678 1063 1709 
6644 492 576 655 1566 
6645 1246 1065 1199 1560 
6646 777 981 922 1536 
6647 768 1538 666 1712 
6648 480 1263 1275 1595 
6649 196 1041 521 1696 
6650 237 433 108 1028 
6651 934 975 873 1620 
6652 203 525 1045 1695 
6653 1001 995 992 1453 
6654 1109 271 1549 1697 
6655 284 1623 288 1664 
6656 976 729 1003 1522 
6657 788 790 899 1630 
6658 1058 1057 1059 1639 
6659 974 787 788 1610 
6660 172 1242 509 1678 
6661 282 426 10 1721 
6662 1273 977 1264 1613 
6663 282 10 733 1721 
6664 733 10 918 1721 
6665 928 870 927 1445 
6666 977 921 1264 1613 
6667 734 1671 238 1694 
6668 486 1589 883 1710 
6669 423 422 429 1569 
6670 675 993 1003 1522 
6671 1274 1265 1268 1693 
6672 991 993 997 1522 
6673 628 1032 172 1678 
6674 172 509 628 1678 
6675 519 192 1017 1708 
6676 1242 172 1032 1678 
6677 650 487 556 1555 
6678 350 412 250 1519 
6679 1205 1174 1050 1684 
6680 511 682 718 1603 
6681 1250 1268 236 1195 
6682 828 22 405 1707 
6683 246 29 409 1632 
6684 881 867 746 1519 
6685 606 500 662 1520 
6686 1103 1014 1107 1521 
6687 1122 1123 1021 1572 
6688 501 149 893 1711 
6689 1084 1245 1083 1624 
6690 24 406 877 1642 
6691 543 545 629 1506 
6692 475 381 380 1624 
6693 1242 1031 171 1709 
6694 518 1016 1537 1703 
6695 880 408 27 1635 
6696 522 198 1042 1636 
6697 1165 198 642 1636 
6698 1044 201 524 1637 
6699 201 1166 643 1637 
6700 53 258 754 1608 
6701 1264 1270 1267 1613 
6702 1104 1233 1106 1604 
6703 1201 1152 1240 1629 
6704 740 244 24 1642 
6705 929 409 29 1632 
6706 247 338 409 1565 
6707 1041 1585 521 1696 
6708 525 1587 1045 1695 
6709 480 9 426 978 
6710 1101 1104 1103 1531 
6711 607 606 605 1532 
6712 486 118 547 1710 
6713 381 295 293 1534 
6714 971 900 772 1676 
6715 1278 1257 1271 1529 
6716 864 50 419 1717 
6717 828 405 1582 1707 
6718 488 650 558 1553 
6719 1252 429 1073 1569 
6720 1063 1060 1031 1709 
6721 481 57 979 285 
6722 422 430 237 1619 
6723 245 774 27 1635 
6724 116 674 530 1627 
6725 1026 1137 1078 1561 
6726 750 903 858 1557 
6727 368 254 417 1557 
6728 1129 1130 1023 1644 
6729 870 968 927 1724 
6730 490 568 653 1645 
6731 758 118 883 1710 
6732 929 29 742 1632 
6733 1001 1194 232 995 
6734 982 987 988 1664 
6735 233 1252 1197 1266 
6736 876 737 824 1648 
6737 404 316 241 1648 
6738 721 538 533 1676 
6739 748 906 851 1586 
6740 252 415 360 1586 
6741 649 486 549 1589 
6742 551 731 678 1441 
6743 1053 1194 1251 1453 
6744 508 535 722 1731 
6745 270 457 389 1567 
6746 1263 480 114 420 
6747 888 133 656 1666 
6748 493 133 741 1666 
6749 758 547 118 1710 
6750 1121 92 274 1669 
6751 92 1020 394 1669 
6752 395 1021 95 1670 
6753 95 1128 276 1670 
6754 485 1175 681 1715 
6755 1069 1071 1070 1628 
6756 869 867 841 1533 
6757 406 24 244 1642 
6758 787 786 788 1610 
6759 1259 423 111 1276 
6760 644 203 1167 1695 
6761 196 641 1164 1696 
6762 507 538 721 1676 
6763 1025 1180 1137 1562 
6764 248 342 410 1577 
6765 245 27 408 1635 
6766 522 642 198 1636 
6767 1165 1042 198 1636 
6768 201 1044 1166 1637 
6769 201 643 524 1637 
6770 1177 1097 1012 1652 
6771 273 1115 90 1679 
6772 1019 393 90 1679 
6773 97 396 1022 1680 
6774 97 1129 277 1680 
6775 909 653 128 1681 
6776 973 793 791 1647 
6777 491 739 128 1681 
6778 135 657 806 1682 
6779 135 776 494 1682 
6780 24 877 740 1642 
6781 627 509 171 1709 
6782 644 525 203 1695 
6783 196 521 641 1696 
6784 196 1164 1041 1696 
6785 601 600 599 1590 
6786 1030 1111 1153 1677 
6787 203 1045 1167 1695 
6788 991 781 228 976 
6789 705 599 597 1514 
6790 1084 1062 1064 1599 
6791 171 1031 627 1709 
6792 715 619 617 1593 
6793 1209 1093 1095 1594 
6794 986 427 58 481 
6795 1245 1084 1066 1599 
6796 855 854 959 1588 
6797 1223 1224 1189 1686 
6798 1125 1216 1225 1685 
6799 775 130 492 1675 
6800 887 654 130 1675 
6801 422 237 429 1619 
6802 595 597 596 1591 
6803 1076 1075 1027 1597 
6804 978 9 426 918 
6805 243 22 773 1707 
6806 429 1252 482 1569 
6807 657 586 495 1654 
6808 806 743 807 1654 
6809 240 310 402 1662 
6810 1162 192 639 1708 
6811 990 479 61 286 
6812 880 27 774 1635 
6813 820 736 915 1662 
6814 228 1003 991 976 
6815 305 432 433 1687 
6816 694 575 693 1689 
6817 725 629 509 1678 
6818 402 308 239 1658 
6819 1215 1183 1089 1584 
6820 1268 1250 236 1274 
6821 735 816 915 1658 
6822 1109 86 271 1697 
6823 696 579 695 1690 
6824 504 1559 896 1712 
6825 1002 986 58 481 
6826 664 766 149 1711 
6827 933 775 800 1566 
6828 1275 480 114 1263 
6829 479 990 61 1000 
6830 519 639 192 1708 
6831 1162 1017 192 1708 
6832 828 738 901 1582 
6833 405 320 242 1582 
6834 828 773 22 1707 
6835 243 405 22 1707 
6836 1024 1136 1135 1581 
6837 489 564 652 1583 
6838 12 299 813 1694 
6839 1170 1169 1047 1650 
6840 954 861 863 1622 
6841 482 111 423 1276 
6842 893 149 766 1711 
6843 501 664 149 1711 
6844 1010 264 71 1706 
6845 895 152 503 1701 
6846 384 1090 73 1702 
6847 1194 1001 232 1251 
6848 80 268 1014 1698 
6849 387 78 1107 1700 
6850 147 892 500 1699 
6851 1030 391 86 1697 
6852 238 12 734 1694 
6853 1200 1046 1169 1646 
6854 492 130 654 1675 
6855 493 656 133 1666 
6856 550 548 551 1618 
6857 888 741 133 1666 
6858 92 394 274 1669 
6859 1121 1020 92 1669 
6860 276 395 95 1670 
6861 95 1021 1128 1670 
6862 1255 1260 1261 1535 
6863 675 536 532 1612 
6864 861 859 863 1622 
6865 1146 1148 1147 1720 
6866 673 630 510 1560 
6867 839 968 841 1724 
6868 169 1053 676 1731 
6869 78 267 1013 1700 
6870 663 765 147 1699 
6871 388 80 1108 1698 
6872 658 590 496 1668 
6873 767 665 152 1701 
6874 1011 265 73 1702 
6875 609 607 710 1579 
6876 1100 1221 1101 1578 
6877 401 301 238 1671 
6878 892 942 764 1520 
6879 268 461 387 1521 
6880 35 881 412 1705 
6881 275 395 446 1572 
6882 249 843 35 1705 
6883 393 273 90 1679 
6884 1019 90 1115 1679 
6885 97 277 396 1680 
6886 97 1022 1129 1680 
6887 491 128 653 1681 
6888 518 190 1016 1703 
6889 909 128 739 1681 
6890 737 822 823 1673 
6891 403 241 314 1673 
6892 882 871 752 1592 
6893 997 1004 984 1497 
6894 1273 1267 668 1613 
6895 1018 1143 1115 1672 
6896 135 806 776 1682 
6897 135 494 657 1682 
6898 779 979 57 285 
6899 760 960 884 1555 
6900 1145 1015 1146 1691 
6901 1161 190 638 1703 
6902 1175 485 681 214 
6903 355 357 460 1633 
6904 681 678 485 1715 
6905 728 220 668 1273 
6906 947 848 847 1638 
6907 775 887 130 1675 
6908 71 383 1144 1706 
6909 520 639 701 1554 
6910 1162 1040 1228 1554 
6911 154 768 666 1712 
6912 1199 1033 1246 1560 
6913 1002 481 979 1542 
6914 12 238 299 1694 
6915 885 938 760 1553 
6916 400 436 280 1561 
6917 518 637 705 1537 
6918 399 280 437 1562 
6919 256 374 418 1592 
6920 910 913 906 1723 
6921 646 526 688 1646 
6922 1275 221 866 1269 
6923 284 287 288 1623 
6924 682 726 625 1640 
6925 1003 729 164 675 
6926 508 676 535 1731 
6927 442 277 397 1644 
6928 358 360 359 1727 
6929 908 909 936 1645 
6930 169 676 508 1731 
6931 926 929 812 1565 
6932 221 978 1275 866 
6933 12 813 734 1694 
6934 1016 1202 1239 1537 
6935 489 651 562 1663 
6936 728 674 115 780 
6937 391 271 86 1697 
6938 1109 1030 86 1697 
6939 759 932 883 1589 
6940 372 374 373 1728 
6941 518 638 190 1703 
6942 780 115 728 977 
6943 857 749 853 1611 
6944 364 253 416 1611 
6945 1272 1262 1271 1518 
6946 897 770 917 1552 
6947 1243 1053 169 1731 
6948 71 1144 1010 1706 
6949 943 895 768 1538 
6950 384 468 264 1539 
6951 388 268 80 1698 
6952 80 1014 1108 1698 
6953 387 267 78 1700 
6954 78 1013 1107 1700 
6955 892 147 765 1699 
6956 147 500 663 1699 
6957 767 152 895 1701 
6958 665 503 152 1701 
6959 1090 1011 73 1702 
6960 73 265 384 1702 
6961 1243 169 508 1731 
6962 154 504 896 1712 
6963 262 382 425 1607 
6964 1198 1195 1051 1529 
6965 977 224 1264 921 
6966 1048 1173 1234 1653 
6967 229 996 1055 1000 
6968 1257 1268 1271 1529 
6969 977 224 1273 1264 
6970 386 464 266 1652 
6971 249 35 412 1705 
6972 528 684 648 1653 
6973 843 881 35 1705 
6974 1086 1193 1248 1726 
6975 1063 1032 1064 1678 
6976 1055 1249 229 1000 
6977 1154 1179 1024 1659 
6978 383 71 264 1706 
6979 486 547 548 1710 
6980 789 754 790 1608 
6981 295 258 294 1608 
6982 1193 1085 1008 1607 
6983 391 272 453 1677 
6984 646 687 527 1650 
6985 1161 1016 190 1703 
6986 1265 1274 217 671 
6987 257 378 419 1717 
6988 409 336 246 1632 
6989 944 896 769 1559 
6990 730 217 1274 671 
6991 1009 263 69 1736 
6992 428 62 1249 479 
6993 919 225 979 1002 
6994 993 999 997 1612 
6995 244 326 406 1642 
6996 835 756 931 1577 
6997 533 675 729 1522 
6998 408 332 245 1635 
6999 398 279 439 1581 
7000 883 796 758 1710 
7001 331 329 330 1704 
7002 886 762 957 1583 
7003 640 699 521 1585 
7004 1163 1041 1222 1585 
7005 525 690 645 1587 
7006 872 871 862 1609 
7007 992 534 167 1001 
7008 1005 988 989 1606 
7009 167 534 727 1001 
7010 907 753 864 1717 
7011 356 357 355 1633 
7012 829 773 828 1707 
7013 243 322 405 1707 
7014 225 919 994 1002 
7015 838 836 842 1732 
7016 1276 482 1252 1569 
7017 734 924 814 1671 
7018 612 664 501 1711 
7019 430 422 483 1525 
7020 1168 1217 1045 1587 
7021 988 987 989 1606 
7022 271 455 390 1549 
7023 154 896 768 1712 
7024 654 574 492 1675 
7025 493 580 656 1666 
7026 1121 1139 1020 1669 
7027 1021 1124 1128 1670 
7028 1085 382 1607 1736 
7029 1252 429 110 1073 
7030 154 666 504 1712 
7031 1249 1196 62 428 
7032 740 877 878 1642 
7033 848 846 847 1638 
7034 802 741 888 1666 
7035 1115 1116 1019 1679 
7036 1022 1142 1129 1680 
7037 653 570 491 1681 
7038 1203 1172 1048 1661 
7039 889 744 930 1668 
7040 494 584 657 1682 
7041 284 288 427 1664 
7042 238 300 299 1694 
7043 776 806 874 1682 
7044 1230 1050 1175 1715 
7045 647 685 528 1661 
7046 332 331 330 1704 
7047 1030 1109 1110 1697 
7048 966 849 869 1614 
7049 506 542 720 1541 
7050 392 273 451 1672 
7051 480 1275 978 1595 
7052 1237 1049 1174 1683 
7053 503 665 618 1701 
7054 1090 1091 1011 1702 
7055 1108 1014 1105 1698 
7056 1107 1013 1099 1700 
7057 663 500 608 1699 
7058 1010 1144 1182 1706 
7059 505 724 679 1552 
7060 477 292 379 1540 
7061 389 458 269 1691 
7062 249 412 348 1705 
7063 843 840 881 1705 
7064 465 367 466 1729 
7065 794 914 780 1627 
7066 289 288 287 1623 
7067 725 509 627 1709 
7068 1005 998 985 1725 
7069 626 625 726 1640 
7070 380 381 261 1624 
7071 1083 1007 1084 1624 
7072 1273 728 977 1613 
7073 429 110 482 1252 
7074 782 783 784 1734 
7075 1082 65 64 379 
7076 504 624 667 1559 
7077 676 168 727 1251 
7078 976 920 163 729 
7079 506 543 542 1541 
7080 717 623 621 1617 
7081 278 398 440 1659 
7082 666 622 504 1712 
7083 1031 1242 1063 1709 
7084 1059 1057 1053 1731 
7085 553 550 551 1618 
7086 886 935 761 1663 
7087 1248 1088 1086 1726 
7088 1028 1070 1073 1619 
7089 976 781 920 1522 
7090 69 382 1085 1736 
7091 708 709 605 1674 
7092 208 527 1047 207 
7093 185 635 1038 184 
7094 181 633 1036 180 
7095 183 634 1037 182 
7096 89 90 273 1115 
7097 74 73 1011 265 
7098 91 92 274 1121 
7099 90 91 393 1019 
7100 73 72 1090 384 
7101 83 82 1145 389 
7102 80 79 1014 268 
7103 1109 86 85 271 
7104 75 74 1096 385 
7105 79 78 1107 387 
7106 1150 84 83 270 
7107 77 76 1097 386 
7108 1015 82 81 269 
7109 1029 85 84 390 
7110 76 75 1012 266 
7111 78 77 1013 267 
7112 199 1165 198 642 
7113 187 186 636 1039 
7114 184 515 1159 183 
7115 182 514 1158 181 
7116 96 97 396 1022 
7117 1166 200 201 643 
7118 275 93 94 1122 
7119 272 87 88 1153 
7120 1044 201 202 524 
7121 1162 193 639 192 
7122 1040 193 194 520 
7123 1164 196 197 641 
7124 1167 202 203 644 
7125 1163 194 195 640 
7126 1041 195 196 521 
7127 1042 197 198 522 
7128 1043 199 200 523 
7129 1160 186 516 185 
7130 513 1157 180 179 
7131 632 179 178 1035 
7132 391 86 87 1030 
7133 392 88 89 1018 
7134 279 101 102 1135 
7135 395 94 95 1021 
7136 1108 81 80 388 
7137 277 97 98 1129 
7138 397 98 99 1023 
7139 394 92 93 1020 
7140 398 100 101 1024 
7141 276 95 96 1128 
7142 278 99 100 1154 
7143 806 135 136 657 
7144 776 134 135 494 
7145 29 28 742 246 
7146 743 136 137 495 
7147 36 37 250 746 
7148 144 143 661 763 
7149 37 38 413 844 
7150 145 144 499 891 
7151 38 39 251 747 
7152 146 145 662 764 
7153 39 40 414 850 
7154 500 147 146 892 
7155 40 41 252 748 
7156 148 147 663 765 
7157 41 42 415 851 
7158 42 43 253 749 
7159 501 149 148 893 
7160 150 149 664 766 
7161 43 44 416 857 
7162 502 151 150 894 
7163 44 45 254 750 
7164 152 151 665 767 
7165 417 45 46 858 
7166 895 152 153 503 
7167 880 28 27 408 
7168 773 23 22 243 
7169 126 127 908 490 
7170 21 20 738 242 
7171 125 124 489 886 
7172 18 19 241 737 
7173 127 128 909 653 
7174 828 22 21 405 
7175 488 123 122 885 
7176 240 16 17 736 
7177 126 125 652 762 
7178 19 20 404 876 
7179 47 46 751 255 
7180 399 102 103 1025 
7181 280 103 104 1137 
7182 651 124 123 761 
7183 17 18 403 822 
7184 400 104 105 1026 
7185 48 47 882 418 
7186 741 132 133 493 
7187 14 15 239 735 
7188 33 34 411 757 
7189 178 177 512 1156 
7190 72 71 1010 264 
7191 153 154 768 666 
7192 1045 203 204 525 
7193 141 140 497 745 
7194 128 129 739 491 
7195 192 191 519 1017 
7196 888 133 134 656 
7197 249 34 35 843 
7198 35 36 412 881 
7199 650 122 121 760 
7200 15 16 402 915 
7201 877 24 23 406 
7202 1085 1009 69 1736 
7203 791 792 790 1630 
7204 729 920 163 533 
7205 1251 676 168 1053 
7206 740 25 24 244 
7207 259 473 290 1544 
7208 785 970 755 1544 
7209 1267 668 220 1273 
7210 774 27 26 245 
7211 360 361 359 1727 
7212 547 118 117 758 
7213 856 906 913 1723 
7214 263 382 69 1736 
7215 377 378 478 1556 
7216 207 646 1169 206 
7217 800 131 132 655 
7218 13 14 401 814 
7219 105 106 281 1076 
7220 212 529 1049 211 
7221 835 33 32 248 
7222 427 285 481 1542 
7223 373 374 375 1728 
7224 752 49 48 256 
7225 889 137 138 658 
7226 486 119 118 883 
7227 297 295 381 1534 
7228 668 674 728 1613 
7229 208 1172 647 209 
7230 416 254 366 1656 
7231 929 742 965 1632 
7232 282 484 426 1721 
7233 918 980 733 1721 
7234 211 648 1173 210 
7235 1168 204 205 645 
7236 659 140 139 890 
7237 887 129 130 654 
7238 487 121 120 884 
7239 177 176 631 1034 
7240 675 164 1003 993 
7241 71 70 1144 383 
7242 1266 1197 233 234 
7243 1032 1063 1242 1678 
7244 281 432 471 1597 
7245 365 367 465 1729 
7246 191 190 638 1161 
7247 529 719 680 1683 
7248 1146 1151 1148 1720 
7249 12 13 238 734 
7250 628 509 629 1678 
7251 918 978 866 1595 
7252 210 528 1048 209 
7253 205 1046 526 206 
7254 775 130 131 492 
7255 138 139 744 496 
7256 677 670 671 1693 
7257 649 120 119 759 
7258 644 691 525 1695 
7259 1210 1041 1164 1696 
7260 521 698 641 1696 
7261 70 69 1009 263 
7262 1167 1045 1232 1695 
7263 1042 1165 1223 1636 
7264 1166 1044 1225 1637 
7265 643 693 524 1637 
7266 522 696 642 1636 
7267 677 1054 1250 216 
7268 1027 1074 1068 1687 
7269 834 26 25 407 
7270 1064 1066 1084 1599 
7271 114 113 1263 420 
7272 993 983 999 1612 
7273 896 154 155 504 
7274 9 10 426 918 
7275 986 1002 994 1542 
7276 111 112 423 1259 
7277 702 639 519 1708 
7278 986 987 982 1664 
7279 1017 1162 1214 1708 
7280 1125 1126 1216 1685 
7281 1126 1189 1224 1686 
7282 577 575 694 1689 
7283 577 695 579 1690 
7284 979 779 919 1542 
7285 1252 1073 1197 1569 
7286 766 959 893 1711 
7287 958 880 774 1635 
7288 283 112 113 1255 
7289 530 117 116 794 
7290 1192 1072 1074 1616 
7291 445 395 276 1670 
7292 274 394 448 1669 
7293 221 866 1269 222 
7294 991 781 227 228 
7295 53 52 754 258 
7296 956 887 775 1675 
7297 1003 993 991 1522 
7298 190 189 518 1016 
7299 299 11 12 813 
7300 730 677 1250 216 
7301 842 836 931 1732 
7302 450 273 393 1679 
7303 396 277 443 1680 
7304 680 553 681 1684 
7305 961 909 739 1681 
7306 813 940 734 1694 
7307 756 32 31 410 
7308 929 30 29 409 
7309 61 60 990 286 
7310 674 116 115 780 
7311 188 187 517 1201 
7312 677 671 730 1693 
7313 224 1264 921 223 
7314 511 176 175 1155 
7315 189 188 637 1239 
7316 55 54 755 259 
7317 1161 1213 1016 1703 
7318 454 271 391 1697 
7319 539 537 538 1733 
7320 638 518 704 1703 
7321 969 754 789 1608 
7322 472 294 258 1608 
7323 217 1265 671 218 
7324 767 895 954 1701 
7325 384 265 467 1702 
7326 388 460 268 1698 
7327 387 462 267 1700 
7328 765 939 892 1699 
7329 904 855 953 1626 
7330 160 161 900 507 
7331 171 170 627 1031 
7332 975 907 873 1620 
7333 230 996 1055 229 
7334 926 31 30 247 
7335 383 264 469 1706 
7336 106 107 432 1027 
7337 213 680 1174 212 
7338 870 841 968 1724 
7339 427 58 59 986 
7340 899 790 792 1630 
7341 530 674 732 1627 
7342 896 951 768 1712 
7343 992 534 166 167 
7344 458 351 353 1651 
7345 1276 1266 1259 1569 
7346 769 155 156 667 
7347 1269 1275 1263 1595 
7348 670 669 531 1571 
7349 538 537 536 1733 
7350 1253 1230 1175 1715 
7351 426 420 480 1595 
7352 60 59 982 284 
7353 235 1268 1195 236 
7354 10 11 282 733 
7355 57 56 779 285 
7356 995 1194 232 231 
7357 919 994 226 225 
7358 985 996 1005 1725 
7359 1051 235 234 1257 
7360 223 777 222 1258 
7361 429 109 110 1073 
7362 1086 1009 1085 1736 
7363 864 50 49 419 
7364 64 63 1006 260 
7365 780 921 977 1613 
7366 672 732 731 1718 
7367 1001 727 7 1251 
7368 977 5 728 1273 
7369 976 6 1003 729 
7370 1274 1250 8 730 
7371 1275 1 480 978 
7372 1002 2 979 481 
7373 1276 482 4 1252 
7374 1000 1249 3 479 
7375 971 782 784 1734 
7376 429 482 423 1569 
7377 69 68 1085 382 
7378 68 67 1008 262 
7379 753 51 50 257 
7380 263 434 382 1736 
7381 156 157 897 505 
7382 660 142 141 927 
7383 143 142 498 928 
7384 213 1050 681 214 
7385 433 107 108 1068 
7386 230 985 231 1052 
7387 1054 677 215 216 
7388 173 172 628 1032 
7389 158 159 898 506 
7390 162 163 920 533 
7391 676 169 168 1053 
7392 175 174 630 1033 
7393 1196 63 62 428 
7394 227 778 984 226 
7395 108 109 237 1028 
7396 923 973 791 1647 
7397 732 669 731 1718 
7398 1243 1059 1053 1731 
7399 67 66 1083 380 
7400 219 1267 668 220 
7401 1273 1264 1267 1613 
7402 485 1175 215 214 
7403 993 675 164 165 
7404 531 218 1256 219 
7405 232 1001 7 1251 
7406 58 2 1002 481 
7407 236 1250 8 1274 
7408 482 4 111 1276 
7409 480 114 1 1275 
7410 6 1003 228 976 
7411 1000 3 61 479 
7412 1249 62 3 479 
7413 482 110 4 1252 
7414 66 65 1007 261 
7415 174 173 510 1199 
7416 770 157 158 679 
7417 729 6 1003 164 
7418 5 220 728 1273 
7419 170 169 508 1243 
7420 161 162 772 721 
7421 229 1249 3 1000 
7422 978 1275 1 221 
7423 115 5 728 977 
7424 979 2 57 481 
7425 6 976 163 729 
7426 727 168 7 1251 
7427 165 532 166 983 
7428 217 1274 8 730 
7429 167 727 7 1001 
7430 224 5 977 1273 
7431 233 1276 4 1252 
7432 979 225 2 1002 
7433 1 9 480 978 
7434 730 1250 8 216 
7435 923 52 51 431 
7436 172 171 509 1242 
7437 160 771 159 720 
7438 970 56 55 473 
7439 969 54 53 472 
7440 1447 1034 1215 1156 
7441 1447 1215 1034 1366 
7442 1447 631 717 1366 
7443 1447 717 631 512 
7444 1446 1159 1221 1038 
7445 1446 1221 1159 1368 
7446 515 1446 710 635 
7447 710 1446 515 1368 
7448 1577 757 836 835 
7449 1577 836 757 1406 
7450 1563 1401 1441 1293 
7451 1563 1441 1401 1298 
7452 1577 411 344 1406 
7453 1577 344 411 248 
7454 1601 1548 1465 1295 
7455 1601 1465 1548 1313 
7456 1704 1547 1503 1323 
7457 1704 1503 1547 1317 
7458 1063 1599 1678 1064 
7459 1678 1599 1063 1326 
7460 1632 812 1304 965 
7461 1632 1304 812 1565 
7462 1663 488 560 1384 
7463 1663 560 488 651 
7464 1663 885 946 761 
7465 1663 946 885 1384 
7466 1713 1291 1417 1316 
7467 1713 1417 1291 1440 
7468 1618 1418 1684 1338 
7469 1618 1684 1418 1441 
7470 1704 1291 1547 1443 
7471 1704 1547 1291 1317 
7472 1521 1700 1531 1351 
7473 1521 1531 1700 1099 
7474 1578 1531 1700 1351 
7475 1578 1700 1531 1099 
7476 1520 1699 1532 608 
7477 1520 1532 1699 1352 
7478 1579 1532 1699 608 
7479 1579 1699 1532 1352 
7480 1408 1327 464 1652 
7481 464 1327 1408 1735 
7482 1620 917 934 975 
7483 1620 934 917 1358 
7484 1664 990 988 982 
7485 1664 988 990 1419 
7486 1078 1562 1137 1180 
7487 1137 1562 1078 1561 
7488 1612 989 1341 999 
7489 1612 1341 989 1606 
7490 998 1341 989 999 
7491 998 989 1341 1606 
7492 1497 1664 1606 987 
7493 1606 1664 1497 1342 
7494 1569 1254 1529 1320 
7495 1569 1529 1254 1197 
7496 1640 718 682 1603 
7497 1640 682 718 625 
7498 1612 998 992 999 
7499 1612 992 998 1453 
7500 1734 787 784 971 
7501 1734 784 787 1430 
7502 1374 1061 1639 1244 
7503 1374 1639 1061 1425 
7504 1569 1278 1529 1266 
7505 1569 1529 1278 1320 
7506 1629 601 1501 707 
7507 1629 1501 601 1590 
7508 1664 286 1623 1419 
7509 1664 1623 286 284 
7510 1527 1729 1528 1327 
7511 1528 1729 1527 1412 
7512 530 1710 672 547 
7513 672 1710 530 1401 
7514 1721 424 1525 1413 
7515 1721 1525 424 484 
7516 1650 647 686 527 
7517 1650 686 647 1387 
7518 1654 658 588 495 
7519 1654 588 658 1378 
7520 1702 1594 1524 1091 
7521 1702 1524 1594 1347 
7522 1701 1593 1523 1348 
7523 1701 1523 1593 618 
7524 1658 401 306 239 
7525 1658 306 401 1379 
7526 1584 1706 1524 1182 
7527 1524 1706 1584 1344 
7528 1662 403 312 1377 
7529 1662 312 403 240 
7530 1662 822 916 736 
7531 1662 916 822 1377 
7532 1731 1031 627 1243 
7533 1731 627 1031 1709 
7534 1635 1688 1511 1317 
7535 1511 1688 1635 958 
7536 298 1556 1357 478 
7537 1357 1556 298 1489 
7538 1357 425 298 478 
7539 298 425 1357 1489 
7540 1049 1653 1204 1173 
7541 1204 1653 1049 1393 
7542 1650 1172 1171 1387 
7543 1650 1171 1172 1047 
7544 1658 814 815 1379 
7545 1658 815 814 735 
7546 1677 392 452 1386 
7547 1677 452 392 272 
7548 889 1654 808 743 
7549 808 1654 889 1378 
7550 1653 529 683 648 
7551 1653 683 529 1393 
7552 1575 1375 1329 1451 
7553 1575 1329 1375 1450 
7554 1677 1018 1138 1153 
7555 1677 1138 1018 1386 
7556 1645 652 566 1381 
7557 1645 566 652 490 
7558 1644 1154 1131 1023 
7559 1644 1131 1154 1385 
7560 1483 339 340 1467 
7561 1483 340 339 341 
7562 1648 242 318 1375 
7563 1648 318 242 404 
7564 1648 738 911 876 
7565 1648 911 738 1375 
7566 1615 1735 1408 1327 
7567 1408 1735 1615 1439 
7568 1615 1527 1735 1327 
7569 1615 1735 1527 1300 
7570 1455 826 911 912 
7571 1455 911 826 1450 
7572 1454 317 318 1451 
7573 1454 318 317 319 
7574 1456 1655 1452 1305 
7575 1452 1655 1456 1336 
7576 1476 1660 1455 1333 
7577 1455 1660 1476 1308 
7578 567 1463 566 565 
7579 566 1463 567 1460 
7580 1642 1665 1512 1316 
7581 1512 1665 1642 326 
7582 752 1717 865 864 
7583 865 1717 752 1407 
7584 1470 1132 1131 1133 
7585 1470 1131 1132 1466 
7586 1605 1523 1487 1343 
7587 1605 1487 1523 1296 
7588 1717 256 376 419 
7589 1717 376 256 1407 
7590 1698 1604 1531 1105 
7591 1698 1531 1604 1349 
7592 1500 430 305 303 
7593 1500 305 430 1405 
7594 1620 793 917 975 
7595 1620 917 793 1457 
7596 1703 1591 1514 704 
7597 1703 1514 1591 1353 
7598 1726 1087 1088 1086 
7599 1726 1088 1087 1442 
7600 1470 1667 1469 1307 
7601 1469 1667 1470 1334 
7602 1494 1660 1460 1301 
7603 1460 1660 1494 1333 
7604 1496 1657 1493 1331 
7605 1493 1657 1496 1302 
7606 628 1678 1199 1032 
7607 628 1199 1678 1373 
7608 1065 1199 1678 1032 
7609 1065 1678 1199 1373 
7610 1697 1186 1420 1549 
7611 1697 1420 1186 1110 
7612 1701 1622 1538 954 
7613 1701 1538 1622 1348 
7614 1487 1538 1622 954 
7615 1487 1622 1538 1348 
7616 771 507 160 900 
7617 160 507 771 720 
7618 1521 1698 1491 1349 
7619 1521 1491 1698 460 
7620 1633 1491 1698 1349 
7621 1633 1698 1491 460 
7622 1601 1514 1498 1295 
7623 1601 1498 1514 1356 
7624 1697 1649 1111 1345 
7625 1697 1111 1649 1110 
7626 1562 436 1299 1561 
7627 1562 1299 436 437 
7628 620 1712 1523 622 
7629 1523 1712 620 1538 
7630 1702 1184 1524 1539 
7631 1702 1524 1184 1091 
7632 1701 620 1523 618 
7633 1701 1523 620 1538 
7634 1706 1184 1524 1182 
7635 1706 1524 1184 1539 
7636 1729 385 1652 1409 
7637 1729 1652 385 465 
7638 1404 627 540 722 
7639 1404 540 627 1709 
7640 1059 1709 1731 1031 
7641 1731 1709 1059 1404 
7642 1721 813 963 733 
7643 1721 963 813 1413 
7644 1721 299 424 1413 
7645 1721 424 299 282 
7646 1693 1256 1272 1571 
7647 1693 1272 1256 1265 
7648 1665 325 445 327 
7649 1665 445 325 1512 
7650 1726 1067 1246 1427 
7651 1726 1246 1067 1248 
7652 1693 531 670 671 
7653 1693 670 531 1571 
7654 1640 546 673 726 
7655 1640 673 546 1444 
7656 898 720 1541 506 
7657 1541 720 898 771 
7658 1718 670 669 731 
7659 1718 669 670 1571 
$EndElements
